transaction_id,amount,hour,account_age_days,transactions_last_hour,failed_transactions,distance_from_home,is_fraud
1,1407.8,20,457,3,0,46.58,0
2,10510.67,0,1127,2,0,30.35,0
3,2231.78,7,915,1,1,3.16,0
4,4613.81,4,420,1,0,13.25,1
5,2806.0,21,2234,1,3,20.82,0
6,390.46,2,2419,1,1,2.29,0
7,1120.64,13,131,2,4,5.18,0
8,5293.67,0,384,1,0,16.67,0
9,4861.45,6,953,0,2,35.62,0
10,230.79,16,2466,1,1,33.63,0
11,197.0,0,2299,1,1,13.56,0
12,3747.38,6,2933,4,0,35.07,0
13,342.5,20,2873,0,1,33.07,0
14,1584.85,17,1719,2,0,15.38,0
15,7964.85,7,1840,4,1,0.96,0
16,1671.17,18,1140,2,0,8.45,0
17,753.5,0,654,0,0,11.77,0
18,3642.26,22,1732,3,0,23.08,0
19,1005.75,10,1139,0,1,11.15,0
20,2016.82,4,882,3,0,21.03,0
21,1375.57,10,419,3,1,49.13,1
22,2152.89,2,1557,2,1,32.47,0
23,443.83,3,1471,1,2,35.88,0
24,2262.84,11,2473,1,2,25.53,0
25,1288.7,8,178,5,0,19.53,1
26,320.99,23,1882,1,0,31.95,0
27,3531.95,17,512,2,0,38.17,0
28,5675.87,12,323,2,0,1.41,0
29,839.1,17,1201,5,0,13.13,0
30,988.73,20,2534,0,1,14.31,0
31,9232.69,11,2365,2,1,5.95,0
32,5714.18,6,2886,1,0,30.54,0
33,3572.48,2,188,1,2,36.15,0
34,3582.22,21,934,2,2,16.03,0
35,2148.28,9,327,5,0,0.46,0
36,109.81,7,414,2,0,10.26,0
37,114.19,12,1139,2,0,0.69,0
38,267.63,14,2604,0,0,28.59,0
39,3043.61,11,667,3,1,0.85,0
40,9862.14,11,1456,3,0,12.71,0
41,2390.37,6,2746,2,2,11.54,0
42,1320.04,8,2875,1,0,51.87,0
43,124.74,21,2655,3,0,10.9,0
44,1525.01,2,2496,2,0,12.9,0
45,2098.32,20,701,2,0,10.95,0
46,8451.77,17,2987,3,0,16.22,0
47,1463.78,7,670,3,0,5.27,0
48,5590.58,14,1555,0,1,19.15,0
49,3579.47,8,2622,4,0,29.95,0
50,1596.24,22,2282,2,2,27.21,0
51,4213.9,7,2805,0,1,4.54,0
52,1478.97,10,230,0,1,33.98,0
53,8990.92,7,132,4,0,38.16,0
54,4676.49,10,1644,0,0,30.83,0
55,2392.38,8,272,3,0,27.28,0
56,263.57,6,2324,1,1,42.16,0
57,265.96,22,1289,3,3,25.74,0
58,353.64,6,2685,1,0,46.4,0
59,379.47,15,1621,0,1,24.85,0
60,1009.41,20,1880,3,1,16.78,0
61,2250.43,4,1085,1,0,15.49,0
62,3569.7,4,1011,4,0,24.96,0
63,6629.03,23,2300,2,0,27.48,0
64,242.77,17,1077,4,1,4.48,0
65,7254.9,23,2395,6,0,13.53,0
66,13092.83,13,2391,1,0,9.36,0
67,5537.74,12,1483,3,0,20.19,0
68,17084.62,7,567,4,0,21.05,1
69,9240.67,16,2022,2,1,21.65,0
70,4439.42,2,193,4,0,0.03,0
71,87.62,3,627,3,0,19.62,0
72,7035.18,20,656,3,1,43.89,0
73,477.25,21,1730,2,0,14.88,0
74,3010.46,19,261,1,0,23.06,0
75,494.28,12,1564,1,0,29.95,0
76,3303.87,19,1918,1,0,9.19,0
77,979.64,16,1030,1,0,13.68,0
78,2100.02,17,48,1,1,11.17,0
79,6204.4,21,2953,1,0,27.28,0
80,704.7,3,2793,2,0,30.15,0
81,4128.69,17,1093,0,0,26.53,0
82,2278.59,20,1394,0,0,21.23,0
83,833.08,3,1203,1,0,6.23,0
84,382.69,13,648,5,0,1.91,0
85,4104.65,14,14,1,0,42.91,0
86,1320.62,23,2948,3,0,11.19,0
87,525.49,8,2051,1,0,35.06,0
88,356.48,5,2080,4,0,28.69,0
89,7951.16,3,2562,2,1,0.27,0
90,832.84,9,2618,0,1,21.1,0
91,502.99,16,2495,2,0,2.96,0
92,4284.2,6,627,2,0,30.21,0
93,5326.82,11,662,1,2,16.73,0
94,5532.23,17,2173,1,0,11.89,0
95,538.33,0,2454,3,1,10.0,0
96,1863.48,10,2002,2,0,41.02,0
97,1453.0,0,459,3,1,2.5,0
98,2903.33,11,1260,3,0,6.99,0
99,4087.1,7,238,0,0,24.58,0
100,5165.42,7,2324,0,1,21.67,0
101,4788.02,2,351,1,1,42.72,0
102,870.25,23,1991,1,1,35.17,0
103,1859.72,2,2182,2,0,10.94,0
104,8069.97,4,526,4,0,15.94,0
105,1655.62,21,1947,4,2,65.77,0
106,168.95,17,677,2,0,25.48,0
107,2312.65,8,2162,2,1,9.81,0
108,582.16,19,1734,3,0,15.06,0
109,39.54,6,2209,1,1,0.98,0
110,2092.64,23,2826,1,1,11.71,0
111,688.77,6,2921,1,0,0.74,0
112,1811.5,9,1635,2,0,17.13,0
113,602.42,21,2662,3,1,33.71,0
114,752.98,11,1795,2,0,40.43,0
115,590.03,16,1850,2,0,29.22,0
116,1518.43,3,1016,2,1,23.89,1
117,699.15,7,263,0,0,18.4,0
118,5102.09,10,87,1,0,50.29,0
119,936.19,18,2269,3,0,34.44,0
120,1661.27,7,2411,0,0,14.38,0
121,3011.09,7,30,1,2,4.2,1
122,7370.67,2,2900,0,0,0.57,0
123,2423.51,20,242,2,0,20.12,0
124,3281.2,7,277,2,0,34.65,0
125,144.31,1,1354,1,0,13.69,0
126,1021.96,2,2106,2,0,26.62,0
127,3269.0,7,1141,3,0,3.49,0
128,2725.29,21,1989,2,0,17.44,0
129,2052.51,6,2209,2,2,27.44,0
130,288.15,4,2963,1,1,16.4,0
131,2342.01,18,2361,6,0,23.59,0
132,2517.61,15,996,1,1,19.15,0
133,10627.41,15,1668,4,1,13.1,0
134,240.23,6,387,3,0,25.02,0
135,4692.29,3,2700,3,0,29.27,0
136,18546.58,13,1452,2,0,15.94,0
137,6206.74,13,1684,3,1,8.99,0
138,1054.24,14,2987,1,0,1.1,0
139,1674.66,1,2759,2,2,34.69,0
140,1889.96,20,2647,1,1,10.72,0
141,3146.44,3,249,2,0,2.54,0
142,1292.93,12,2983,0,4,3.89,0
143,4259.41,10,448,1,1,19.06,0
144,2603.12,7,785,0,1,15.31,0
145,6587.87,6,2197,5,0,12.59,0
146,2054.8,14,575,0,0,0.38,0
147,237.55,13,752,3,1,28.64,0
148,6326.73,8,1895,7,1,51.93,1
149,6382.64,7,309,1,1,39.13,0
150,5110.7,14,2255,2,0,1.34,0
151,11919.49,3,208,2,0,8.84,0
152,2337.86,20,2215,4,2,19.38,0
153,3694.77,0,383,0,0,38.9,1
154,6156.34,7,682,3,1,15.46,0
155,1172.96,13,1990,3,0,9.6,0
156,3549.4,15,876,1,1,11.45,0
157,9039.46,12,241,1,1,9.55,0
158,12401.31,5,1553,2,0,48.2,0
159,3163.79,0,1600,4,2,24.2,0
160,422.08,8,1864,0,1,27.15,0
161,1970.58,9,1733,0,0,1.47,0
162,2029.43,22,2993,0,0,51.02,0
163,4791.92,17,2712,2,0,5.95,0
164,1034.5,22,1994,3,0,33.48,0
165,831.39,4,778,2,1,10.58,0
166,2187.64,9,892,0,0,15.54,0
167,245.51,1,2373,1,0,34.78,0
168,549.9,23,2221,0,1,27.47,0
169,8256.58,1,1285,0,0,28.96,0
170,4854.35,1,206,2,1,22.87,0
171,1806.18,18,1953,3,0,1.97,0
172,742.36,16,2176,2,1,5.32,0
173,2431.49,5,233,4,0,4.95,0
174,893.94,16,329,4,0,19.23,0
175,13182.19,5,281,0,1,48.68,0
176,6200.72,19,279,2,0,5.82,0
177,709.68,21,964,3,2,21.48,0
178,851.99,12,492,3,0,9.17,0
179,1488.21,18,1009,3,1,14.06,0
180,229.01,18,2436,1,0,24.54,0
181,1691.03,1,2537,2,0,31.94,0
182,5576.98,2,1718,3,0,39.45,0
183,176.34,21,2391,2,0,29.65,0
184,2123.17,18,2142,0,0,13.39,0
185,10067.41,10,1069,0,2,34.96,0
186,3297.62,6,2744,1,0,42.93,0
187,676.39,22,1287,2,1,11.19,0
188,5462.61,7,1088,5,0,19.35,0
189,3508.97,12,537,2,0,0.43,0
190,22325.17,21,2644,0,1,20.93,0
191,4575.09,9,1873,4,1,29.43,0
192,5108.51,10,298,0,0,27.71,1
193,1177.29,0,1878,2,0,16.05,0
194,773.48,19,2307,0,0,8.93,0
195,2898.73,3,301,3,0,12.79,0
196,2288.15,17,874,5,0,17.91,1
197,3127.9,16,1087,3,1,14.33,0
198,1005.88,4,1430,2,0,4.01,0
199,3777.94,2,1001,1,0,26.0,0
200,2234.35,11,1168,1,0,4.37,0
201,9884.59,5,1795,3,1,39.12,0
202,776.62,17,2882,1,0,22.68,0
203,6908.45,9,2506,1,1,9.1,0
204,301.24,20,2167,3,2,39.95,0
205,71.77,0,2736,3,0,13.23,0
206,440.07,17,1227,2,1,66.59,0
207,412.25,21,425,0,1,7.42,0
208,6738.36,4,1084,1,0,10.93,0
209,215.85,3,439,1,1,35.62,0
210,2284.01,23,2267,1,2,17.17,0
211,3935.24,4,1116,1,0,4.81,0
212,305.02,9,2478,2,1,27.59,0
213,802.24,6,2940,1,2,16.5,0
214,280.05,10,834,1,2,39.54,0
215,1083.46,21,2598,1,0,16.74,0
216,1517.42,8,2071,3,0,29.16,0
217,5720.0,15,1029,2,1,26.37,0
218,253.14,1,379,1,1,26.99,0
219,3073.07,20,1735,1,2,42.8,0
220,2094.88,8,181,1,0,26.16,0
221,78.45,0,1367,0,1,13.59,0
222,2116.52,4,2610,1,1,24.73,0
223,3151.19,8,662,1,1,17.97,0
224,820.08,23,1810,1,0,8.26,0
225,3534.54,17,2891,0,0,15.69,0
226,2246.24,13,2298,1,1,33.25,0
227,1375.46,0,459,4,0,7.17,0
228,4284.97,2,2831,1,0,14.7,1
229,828.06,4,2235,4,0,38.93,1
230,2009.71,1,1513,1,1,11.83,0
231,1504.98,18,2264,5,1,28.56,0
232,6961.09,4,1761,4,1,5.24,0
233,488.15,4,172,3,0,7.69,1
234,36.55,9,1494,3,0,18.69,0
235,3248.55,1,1466,1,0,38.71,0
236,63.5,6,2794,0,1,29.38,0
237,2939.8,7,2732,1,0,41.56,0
238,2267.0,3,1449,0,2,26.12,0
239,2763.02,17,1665,4,0,5.9,0
240,2847.52,19,634,2,0,24.33,0
241,3113.77,7,666,5,1,24.82,0
242,3202.75,5,1689,1,2,29.7,0
243,423.75,0,735,2,0,24.89,0
244,2677.34,23,1361,2,1,29.47,0
245,4295.4,13,2744,1,0,31.57,0
246,313.34,23,1017,2,0,3.53,0
247,2871.22,8,653,1,1,14.0,0
248,1094.14,22,443,4,1,7.13,0
249,1596.26,12,159,1,1,3.96,0
250,201.16,15,912,3,1,66.16,0
251,5229.76,6,1886,1,0,37.32,0
252,4662.22,11,1251,2,0,2.01,0
253,278.32,7,914,1,3,52.24,0
254,377.83,0,2704,2,0,6.53,0
255,611.77,6,1633,1,0,17.82,0
256,8474.39,10,1142,1,2,20.37,0
257,1838.5,2,1144,1,0,14.45,0
258,3922.54,11,2628,1,1,50.45,0
259,3209.68,16,1638,1,0,4.53,0
260,7101.52,21,2197,1,1,2.85,0
261,202.8,10,114,1,0,33.48,0
262,6902.76,3,1070,0,2,32.68,0
263,161.02,5,2379,1,2,7.21,0
264,1870.49,8,157,3,0,26.34,0
265,866.92,3,2444,3,2,22.59,1
266,1839.13,13,1416,1,2,51.23,0
267,1591.89,23,1285,2,0,11.34,0
268,4629.24,13,2484,1,0,42.5,0
269,4241.02,16,474,1,3,21.35,0
270,82.63,12,2362,0,0,14.36,0
271,2321.13,6,1044,1,1,41.19,0
272,683.59,1,2904,2,0,3.64,0
273,4797.19,13,7,3,1,31.68,0
274,972.64,16,2206,2,0,6.44,0
275,3186.49,21,2947,1,1,18.83,0
276,10245.28,23,2747,4,1,19.82,0
277,38.06,6,1492,4,1,20.42,0
278,3716.14,13,287,2,0,21.08,0
279,2044.92,21,1353,2,1,10.22,0
280,1282.86,19,1286,4,1,7.66,0
281,3016.53,21,511,0,1,5.71,0
282,5808.36,23,1231,2,1,19.02,0
283,1092.87,16,1267,1,0,25.28,0
284,4358.13,21,1673,3,1,18.59,0
285,1777.49,10,1649,3,1,4.29,0
286,7505.91,22,1212,2,2,13.19,1
287,9875.17,17,522,3,1,22.35,0
288,830.8,6,1723,0,0,51.76,0
289,2736.58,21,1553,1,1,34.01,0
290,614.92,21,713,0,0,49.21,0
291,105.86,19,2332,4,1,20.3,0
292,6335.37,9,1664,2,0,27.84,0
293,4460.06,17,2,4,0,5.29,0
294,330.2,9,1176,2,1,30.66,0
295,2117.28,6,1761,1,0,6.21,0
296,452.55,18,2485,2,0,29.16,0
297,2830.83,20,1320,1,0,8.82,0
298,2546.24,14,1810,3,0,0.04,0
299,362.57,14,2768,3,2,0.83,0
300,1588.09,6,2094,3,3,15.27,0
301,157.47,15,696,1,0,0.83,0
302,1827.72,21,348,1,0,21.86,0
303,220.96,9,2112,0,0,18.37,0
304,1347.87,21,2593,1,1,23.84,0
305,6207.25,19,1373,1,1,7.87,1
306,1644.72,2,963,2,0,17.17,0
307,2453.7,21,1272,4,0,8.87,0
308,4667.48,7,816,5,0,33.38,0
309,1391.69,4,101,3,0,7.11,0
310,1273.38,1,1003,1,1,10.7,0
311,223.24,15,2504,1,1,9.69,0
312,1815.42,2,1866,1,0,3.15,1
313,2112.35,13,2580,2,0,6.96,0
314,4234.39,18,797,1,1,7.76,0
315,1130.49,22,2853,4,1,16.42,0
316,502.22,12,2025,4,0,7.54,0
317,649.34,12,1000,0,0,24.59,0
318,449.67,4,2688,3,2,29.96,0
319,2907.97,22,23,1,0,67.89,0
320,9975.11,3,1742,4,1,15.06,0
321,967.93,7,721,2,0,14.73,0
322,2665.53,22,2122,1,0,22.81,0
323,1465.92,14,206,3,1,25.42,0
324,9373.91,17,1021,1,1,27.9,0
325,6707.31,3,1870,0,1,61.66,0
326,57.9,4,1904,4,0,18.85,0
327,4895.62,21,2176,1,1,4.29,1
328,4016.74,17,2439,2,1,32.13,0
329,4358.79,10,1813,2,0,11.74,0
330,204.87,19,2947,1,2,0.1,0
331,2218.05,16,1748,1,0,28.18,0
332,227.09,17,1827,1,0,33.75,0
333,4881.02,5,1945,3,0,27.71,0
334,2775.19,14,1062,2,1,9.79,0
335,2644.69,7,2612,1,1,31.87,0
336,2412.24,8,2136,1,1,26.19,0
337,1003.37,15,2568,0,1,1.45,1
338,2146.97,7,1125,0,0,37.42,0
339,194.22,14,318,1,0,2.17,0
340,1339.96,22,1171,2,2,37.51,0
341,1421.16,7,1113,1,1,46.38,0
342,13.12,10,1310,1,2,11.56,0
343,3637.43,17,331,1,1,12.21,0
344,2081.85,4,618,2,0,6.0,0
345,161.33,7,1569,4,1,9.54,0
346,2807.58,22,626,1,1,22.3,0
347,3105.5,22,877,2,1,4.12,0
348,2176.16,2,1700,2,0,11.74,0
349,58.55,13,1356,0,0,36.25,0
350,2712.58,17,1909,0,0,11.18,0
351,2195.87,13,256,3,0,10.25,0
352,53.12,6,1721,2,0,18.84,0
353,4.06,12,2393,4,2,30.47,0
354,203.86,22,81,1,0,3.73,0
355,1926.28,18,1559,0,4,10.2,1
356,455.27,15,25,3,1,2.67,0
357,3363.77,11,1224,1,1,34.75,0
358,192.67,12,1717,1,1,13.48,0
359,9505.56,17,2237,1,0,4.4,0
360,4934.66,19,904,2,0,19.49,0
361,1769.29,15,899,1,3,15.96,0
362,1723.41,8,1786,1,2,21.64,0
363,7154.6,15,119,5,0,4.23,0
364,3295.24,12,1377,1,1,31.62,1
365,27.24,21,2782,2,1,32.65,0
366,300.78,12,2967,1,0,5.96,0
367,378.4,5,1915,1,2,2.01,0
368,4210.5,4,2549,5,0,41.43,0
369,3206.85,17,111,1,1,15.53,0
370,110.05,12,2425,2,1,15.65,0
371,2603.14,18,2716,2,0,11.22,0
372,1940.71,0,344,1,0,33.43,0
373,1208.45,20,1756,2,0,15.22,0
374,4996.1,4,1892,4,0,29.19,0
375,2323.69,5,206,1,0,21.95,1
376,1616.47,8,1553,1,1,5.26,0
377,1086.97,10,867,1,2,39.35,0
378,1647.81,14,1339,1,1,31.41,0
379,1390.59,10,1553,5,1,51.04,0
380,4551.01,8,1727,2,0,22.66,0
381,1055.32,8,336,2,0,31.18,0
382,5272.18,15,80,5,1,18.14,0
383,651.64,23,2210,1,2,24.16,0
384,2057.08,1,1434,1,1,48.49,0
385,76.55,7,2663,1,2,30.48,0
386,2371.82,2,2670,1,0,5.03,0
387,5955.46,1,128,2,0,5.42,0
388,6153.47,7,817,2,1,2.26,0
389,7096.16,0,2545,0,1,20.52,0
390,1306.03,4,978,3,0,23.17,0
391,1009.6,4,1940,2,0,25.82,0
392,3339.46,21,469,1,0,11.93,0
393,320.66,18,893,1,0,11.57,0
394,360.76,14,2866,3,0,16.55,0
395,920.7,8,1511,1,0,33.97,0
396,2776.28,5,2482,0,0,10.72,0
397,1058.44,19,2943,0,0,44.97,0
398,45.68,3,671,3,1,39.96,0
399,2731.44,9,443,2,0,10.7,0
400,3623.34,18,106,2,0,20.54,0
401,1794.9,9,2359,3,2,14.53,0
402,4139.56,21,1538,2,0,11.51,0
403,27.29,12,2929,3,1,20.88,0
404,41.52,6,312,1,0,10.31,0
405,193.7,18,2829,4,3,16.52,1
406,2877.47,20,995,3,0,29.85,0
407,2634.45,3,2856,2,1,10.38,0
408,856.59,9,2803,2,2,44.07,0
409,1037.56,19,496,1,0,1.19,0
410,7856.44,18,169,0,1,15.08,0
411,904.27,11,2183,1,0,25.85,0
412,5048.05,13,2710,1,0,5.78,0
413,862.87,11,283,2,0,24.64,0
414,7352.85,16,2653,2,0,25.95,0
415,6270.16,10,52,0,0,18.5,0
416,5873.09,13,2008,5,0,74.71,0
417,592.62,3,1776,2,0,17.24,0
418,261.76,11,2604,0,0,49.89,0
419,829.38,14,2898,1,0,63.53,0
420,178.4,4,1784,1,0,23.66,0
421,2873.69,5,2138,2,0,36.72,0
422,2080.12,20,1107,3,0,36.1,0
423,373.98,19,2205,1,1,32.17,0
424,2126.64,15,1905,1,1,10.31,0
425,2467.57,13,2995,2,0,20.61,0
426,5167.62,18,1100,3,0,50.17,0
427,5792.53,10,1006,2,0,9.49,0
428,10332.23,2,1143,0,1,33.81,0
429,4886.08,14,999,3,0,10.09,0
430,1384.08,14,2335,4,0,14.42,0
431,1984.88,19,2737,0,2,42.93,0
432,4873.69,12,1378,1,1,23.29,0
433,558.56,0,2025,2,2,30.68,0
434,3002.21,10,745,1,1,21.21,0
435,1129.88,15,869,1,0,15.31,0
436,240.29,11,1059,4,0,33.05,0
437,919.83,10,1146,3,0,5.27,0
438,922.17,19,2873,4,0,29.02,0
439,1378.25,8,2277,1,0,21.99,0
440,3297.46,0,2117,3,4,16.3,0
441,208.87,6,351,0,1,30.14,0
442,18132.44,7,2950,1,0,27.25,1
443,68.04,13,2002,3,1,41.7,0
444,5444.22,17,985,4,0,27.59,0
445,4240.75,22,1951,2,0,29.07,0
446,1255.22,20,2916,1,3,18.18,0
447,2697.99,15,1836,0,0,38.79,0
448,8526.05,0,382,1,1,38.42,0
449,965.94,9,908,1,0,26.26,0
450,3305.7,12,2834,2,1,2.6,0
451,5463.35,7,1255,4,0,18.09,0
452,2625.38,21,2383,2,0,25.78,0
453,265.07,11,1939,4,2,2.91,0
454,17675.29,17,2175,0,1,34.92,0
455,1876.52,11,1743,1,0,21.86,0
456,266.83,23,2255,1,0,21.17,0
457,1899.59,10,1442,1,0,19.04,0
458,1184.71,22,1859,1,0,5.74,0
459,1317.0,8,1256,1,0,7.41,0
460,5999.87,8,945,1,0,21.64,0
461,2486.27,3,2955,1,0,8.31,0
462,959.13,6,1293,1,0,15.36,0
463,5184.35,3,2195,0,0,49.78,0
464,3300.75,22,759,3,3,8.58,1
465,2016.46,6,887,4,1,4.48,0
466,404.03,23,1984,2,0,24.29,0
467,2017.83,8,2968,2,0,2.85,0
468,614.7,18,2149,1,0,23.04,0
469,1009.39,19,1160,3,0,4.35,0
470,2441.1,3,796,2,1,38.9,0
471,6216.13,9,932,1,0,20.92,0
472,4162.07,11,735,1,0,22.5,0
473,1997.36,9,58,1,0,1.88,0
474,1893.72,22,2188,2,0,0.34,0
475,2725.79,4,1124,4,0,3.01,0
476,2864.54,1,224,3,0,7.2,0
477,1729.71,17,1197,1,0,16.06,0
478,3868.57,22,518,0,1,8.97,0
479,1432.91,20,2011,3,1,28.71,0
480,1469.75,3,51,0,0,51.97,0
481,2231.65,18,1165,2,0,16.84,0
482,925.68,15,1961,2,3,20.04,0
483,992.25,14,1396,1,1,6.77,0
484,1754.48,5,211,1,2,10.59,0
485,7919.66,8,1957,0,0,21.48,0
486,10333.23,3,268,2,0,7.95,0
487,4173.04,12,2015,5,0,27.71,0
488,1544.53,2,2364,5,0,7.35,0
489,1256.14,20,2812,2,1,13.75,0
490,2719.63,1,622,1,0,22.01,0
491,6981.03,4,2306,4,0,29.65,0
492,1187.11,9,349,0,2,20.77,0
493,1870.76,7,486,0,1,17.98,0
494,98.94,17,1705,2,0,1.41,0
495,1054.46,19,2442,5,0,6.73,0
496,2855.52,19,925,2,2,52.75,0
497,1350.88,16,1559,2,0,15.39,0
498,750.15,14,1814,3,0,41.64,0
499,8089.32,9,2411,0,2,14.46,0
500,527.42,13,1251,4,0,4.72,0
501,2846.41,18,2544,2,0,28.71,0
502,5056.87,1,2498,2,0,37.88,0
503,1599.07,23,407,2,0,7.46,0
504,128.46,6,2563,1,1,8.01,0
505,2094.04,6,1084,4,1,10.39,0
506,2273.34,21,333,4,1,49.05,0
507,1693.22,5,983,2,1,24.02,0
508,1180.07,5,2261,0,0,17.87,1
509,11498.91,2,642,3,1,12.41,0
510,927.45,0,1674,1,0,26.6,0
511,3494.69,14,2824,0,1,10.86,0
512,2372.01,19,1925,1,0,26.45,0
513,4247.58,9,134,1,0,35.97,0
514,798.99,7,1181,0,2,48.11,0
515,6084.18,22,1159,2,0,23.19,0
516,2625.82,22,1860,0,1,41.37,0
517,2662.76,2,2816,3,1,10.17,0
518,155.69,7,1084,3,0,30.6,0
519,7994.9,20,2416,0,0,31.84,0
520,711.45,21,811,1,0,7.62,0
521,1221.2,13,471,2,0,27.17,0
522,484.91,17,921,1,0,29.29,0
523,175.05,20,611,0,0,3.91,0
524,902.62,8,583,3,0,27.16,0
525,3347.74,2,245,4,1,8.94,1
526,14711.45,5,1260,3,1,32.87,0
527,1025.1,19,2332,2,0,29.25,0
528,675.17,9,1799,5,1,22.66,0
529,14471.0,3,1920,1,1,33.01,0
530,3385.52,22,1246,4,0,24.02,0
531,769.61,22,1649,2,1,36.46,0
532,3974.48,8,2050,3,0,21.51,1
533,255.36,17,2023,1,1,10.61,0
534,3270.37,14,330,1,1,18.79,0
535,2081.11,19,164,0,0,18.37,0
536,1565.61,13,1321,1,0,36.17,0
537,3590.32,19,1026,5,0,2.62,0
538,3013.0,0,375,1,1,0.76,0
539,2439.7,7,2762,1,0,0.2,0
540,3916.24,18,2405,1,0,20.74,0
541,1322.95,0,2754,1,0,27.17,1
542,2388.02,8,2361,2,0,70.32,0
543,1134.65,1,718,0,0,14.37,0
544,6205.35,15,2126,4,0,20.49,0
545,3438.92,20,1812,1,1,49.64,0
546,4200.84,8,744,4,0,29.06,0
547,1755.75,18,1786,2,0,66.09,0
548,269.88,20,2015,0,0,2.16,0
549,2358.06,2,1926,2,0,54.42,0
550,1103.51,11,1673,5,1,14.61,0
551,3629.35,10,1316,3,0,5.53,0
552,1512.23,21,429,3,0,39.6,0
553,2635.13,5,1351,2,0,10.01,0
554,18289.66,13,2842,2,0,15.44,0
555,1607.54,15,1181,2,1,23.01,0
556,1946.91,21,1641,3,0,17.62,0
557,532.58,17,151,2,0,34.92,0
558,1271.56,14,361,2,0,20.1,0
559,1514.1,10,1034,1,0,54.45,0
560,8418.74,10,475,3,0,12.72,0
561,5292.19,12,2108,3,2,23.72,0
562,8243.68,0,2694,4,1,35.64,0
563,986.91,17,1893,0,0,10.29,0
564,2744.83,13,223,2,0,45.59,0
565,5152.53,6,2124,4,1,24.33,0
566,9506.39,11,2551,2,1,41.92,0
567,184.31,15,2562,3,1,9.33,0
568,678.05,14,212,1,0,10.8,0
569,1980.85,6,1094,2,0,48.91,0
570,2448.48,17,537,1,0,52.95,0
571,614.72,9,1795,2,2,17.75,0
572,13670.66,22,1986,2,0,17.39,0
573,239.59,3,119,0,1,8.96,0
574,72.89,20,2494,1,0,37.06,0
575,2744.07,7,2908,2,0,27.41,0
576,1933.58,5,1273,1,0,35.8,0
577,4575.65,17,57,4,0,21.46,0
578,4815.71,17,1672,2,0,13.78,0
579,4891.46,2,921,1,1,40.59,0
580,2199.48,3,1891,1,1,29.34,0
581,518.55,3,2654,5,1,21.63,0
582,2571.19,4,2042,1,0,6.03,0
583,707.57,22,1196,1,0,21.62,0
584,3561.87,16,2890,4,0,44.02,0
585,1629.53,8,1702,2,0,21.8,0
586,72.71,15,1935,2,0,14.35,0
587,2947.95,7,1871,2,1,33.72,0
588,4984.74,17,593,4,0,18.7,0
589,850.5,12,781,2,0,0.5,0
590,565.61,19,2082,1,0,19.0,0
591,5011.8,23,560,0,1,12.85,0
592,3263.26,2,1132,4,1,34.99,0
593,6830.33,13,1393,1,0,15.0,0
594,819.63,16,1095,3,0,38.01,0
595,3112.01,0,1159,4,1,22.64,0
596,2567.43,23,1223,1,0,1.43,0
597,3108.76,18,2376,2,0,26.93,0
598,1387.21,21,2006,3,1,2.31,0
599,193.4,4,1830,1,0,34.8,0
600,1080.61,17,1984,3,2,3.26,0
601,2082.92,11,1362,2,0,22.47,0
602,9133.93,17,2226,3,1,21.25,0
603,423.61,12,1866,3,1,16.46,0
604,5673.37,10,773,1,1,12.0,0
605,3823.01,22,979,3,1,39.36,0
606,6342.83,18,1569,1,0,36.15,0
607,145.04,7,1683,3,0,12.19,0
608,1498.28,1,1304,1,0,21.15,0
609,1382.0,23,1938,1,0,35.25,0
610,2126.35,22,1562,2,0,11.84,0
611,2714.32,12,2719,3,1,8.99,0
612,4184.36,20,624,2,1,31.32,0
613,1269.44,15,152,0,0,13.18,1
614,7395.37,4,2058,2,0,6.83,1
615,3862.38,18,1360,2,0,9.67,0
616,3805.19,3,1804,0,0,14.79,0
617,794.74,3,2155,0,0,12.87,0
618,1252.21,14,63,3,1,5.92,0
619,1852.64,23,591,4,0,20.77,0
620,21.02,13,2682,1,1,3.75,0
621,1.79,4,307,1,0,20.42,0
622,1418.99,15,1086,3,0,24.43,0
623,186.35,10,2553,1,0,24.29,0
624,3022.81,22,1629,0,0,3.99,0
625,632.64,20,329,2,1,10.94,0
626,39.95,10,2763,6,0,19.41,0
627,1419.89,17,1557,2,1,15.69,0
628,4035.1,10,2568,1,0,24.37,0
629,1421.38,22,1999,1,0,7.34,0
630,1493.82,17,148,1,1,12.53,0
631,1441.94,19,281,3,0,20.58,0
632,214.61,7,2586,1,1,32.24,0
633,2722.49,21,1178,2,0,0.63,0
634,2755.97,7,371,3,0,5.5,0
635,595.93,13,404,0,1,7.2,0
636,2823.39,20,2884,1,0,37.94,0
637,1061.37,3,1818,0,1,6.23,0
638,7813.49,5,2843,2,1,14.09,0
639,2422.26,9,119,1,0,10.08,0
640,4279.15,1,1329,4,0,26.91,0
641,1876.67,1,1202,3,0,13.72,0
642,1299.97,11,1536,4,0,25.73,0
643,1354.16,13,597,6,0,48.38,0
644,4146.47,7,2176,2,1,3.85,0
645,1035.56,13,2319,2,3,33.99,0
646,3685.61,21,738,1,0,13.81,0
647,2.83,5,718,0,1,34.21,0
648,498.68,2,2497,6,1,24.25,0
649,381.39,12,2539,3,0,6.76,0
650,276.79,21,987,2,0,33.27,0
651,3678.7,15,2389,2,0,13.14,0
652,5854.41,4,952,5,0,10.21,1
653,3884.81,14,2613,0,0,64.7,0
654,545.48,8,1883,5,0,40.05,0
655,3296.01,8,2732,3,0,13.25,0
656,616.56,0,1906,0,0,16.8,0
657,1727.25,9,2776,2,2,38.66,0
658,1931.75,17,648,2,0,2.18,0
659,1990.87,2,1810,0,1,12.34,0
660,1681.88,11,2407,0,0,26.85,0
661,822.6,9,2618,1,1,4.7,0
662,162.56,13,2828,1,0,18.97,0
663,5573.57,8,1872,1,0,58.4,0
664,1212.32,9,816,1,0,13.47,0
665,4364.95,12,1980,5,1,47.42,0
666,1148.35,3,972,1,0,12.74,0
667,2827.62,12,2343,2,1,3.81,1
668,9946.59,11,2355,2,2,15.69,0
669,2614.82,9,2865,5,0,4.83,0
670,4286.35,9,90,2,1,2.34,0
671,2876.2,21,1622,0,0,8.47,0
672,703.74,8,34,0,0,12.9,0
673,1662.8,18,2810,1,0,41.22,0
674,272.09,23,201,4,3,10.51,0
675,8350.64,19,2035,1,1,27.99,0
676,1469.26,9,943,1,2,31.22,0
677,1420.6,19,1444,3,1,37.92,0
678,2811.1,7,2608,2,0,0.55,0
679,1929.12,6,2544,1,0,17.39,0
680,493.71,8,2777,3,0,2.29,0
681,22.14,23,2701,2,0,13.88,0
682,7221.51,21,561,4,0,21.76,0
683,10207.15,20,398,1,1,16.72,0
684,6305.05,20,2648,2,0,0.06,0
685,2156.1,1,1266,2,0,9.05,0
686,4543.04,14,137,1,0,10.07,0
687,8436.45,18,1495,3,1,4.44,0
688,120.47,23,539,0,1,34.65,0
689,2793.43,2,1209,1,1,22.92,0
690,2300.66,10,1702,4,1,20.27,0
691,2133.68,5,823,1,1,17.94,0
692,1557.42,4,2210,1,0,27.09,1
693,503.56,11,2175,2,0,9.87,0
694,8685.35,16,1117,3,2,4.24,0
695,9713.13,5,1053,1,0,52.13,0
696,16159.16,15,1209,2,0,5.36,1
697,11376.93,23,1388,3,0,18.01,0
698,2835.16,3,1919,2,0,53.64,0
699,1695.88,2,577,4,1,15.5,0
700,27.39,7,2771,4,1,15.86,0
701,6074.4,23,2763,3,0,34.95,0
702,10209.68,12,2283,2,2,9.26,0
703,2240.24,11,370,3,0,16.47,0
704,2026.04,12,58,1,0,9.42,0
705,1588.57,8,2198,3,1,0.58,0
706,198.72,3,1863,2,1,19.06,0
707,1850.39,11,2756,1,1,3.67,0
708,2361.06,23,2754,0,0,7.4,0
709,720.65,8,2395,2,0,20.87,0
710,4830.38,12,2616,1,0,13.66,0
711,2115.21,11,444,5,0,19.42,0
712,4360.45,21,958,2,0,3.32,0
713,3541.94,15,103,3,1,23.44,0
714,1929.84,19,2300,3,1,46.14,0
715,795.25,10,2499,2,0,8.07,0
716,429.13,7,2653,3,2,1.9,0
717,3097.7,2,2603,4,0,1.55,0
718,1038.71,14,2872,1,1,19.47,0
719,330.49,9,2660,1,0,4.39,0
720,6074.85,13,478,2,0,13.39,0
721,893.11,4,186,1,0,17.92,0
722,3717.26,1,1247,0,1,26.71,0
723,1250.92,15,476,2,1,36.6,0
724,11000.1,3,962,1,1,33.86,0
725,412.1,17,556,4,0,25.82,0
726,170.03,12,1859,3,0,32.52,0
727,205.01,11,2747,3,1,4.83,0
728,401.46,23,2853,1,0,33.41,0
729,6644.61,17,1717,2,1,5.67,0
730,6289.65,18,2977,1,0,15.26,0
731,7261.42,4,1700,2,1,26.94,1
732,4239.72,20,406,1,0,25.47,0
733,176.07,15,2522,2,0,40.35,0
734,1290.57,13,1146,2,1,20.77,0
735,4060.72,1,2828,2,0,22.66,0
736,9868.91,11,890,1,0,1.1,0
737,2593.63,14,1822,4,2,12.89,0
738,101.98,7,1486,1,1,36.08,0
739,2045.86,3,2809,2,1,9.73,0
740,3450.63,11,2231,3,0,28.51,0
741,1036.99,20,1470,1,0,21.29,0
742,6784.78,1,1631,0,1,11.25,0
743,10356.87,8,778,3,0,3.53,0
744,331.66,3,1863,2,0,9.47,0
745,658.89,2,2715,0,0,41.93,0
746,3391.46,6,2629,2,0,10.22,0
747,6648.5,20,2446,3,1,6.82,0
748,339.6,0,208,4,0,30.89,0
749,4308.09,10,998,3,1,12.45,0
750,3008.64,4,2313,2,0,10.25,0
751,2956.55,6,282,1,0,6.4,0
752,341.02,17,849,0,1,49.38,0
753,22017.0,18,885,1,2,44.04,1
754,11374.49,7,1346,2,0,15.28,0
755,5077.74,4,2442,1,0,15.56,0
756,546.5,0,1136,3,0,17.08,0
757,2608.0,4,533,4,1,42.28,1
758,1346.09,17,1027,4,1,12.58,0
759,1587.69,5,451,3,0,0.33,0
760,1157.06,21,106,1,3,1.6,0
761,466.02,4,61,0,0,8.42,0
762,22.47,11,975,2,1,60.48,0
763,2663.34,18,1327,1,1,15.9,0
764,3319.34,0,714,2,1,4.21,0
765,1962.84,8,215,4,1,12.85,0
766,846.37,4,1725,4,0,14.31,0
767,1413.96,16,466,0,1,1.17,0
768,1564.31,23,261,4,2,28.75,0
769,347.86,15,1837,2,0,33.63,0
770,2859.64,11,2103,1,0,29.64,0
771,13272.04,18,447,3,0,1.96,0
772,59.54,14,2064,3,0,17.1,0
773,5236.46,7,2520,1,1,17.53,0
774,1380.04,1,2979,4,1,5.62,0
775,7150.12,21,2136,0,3,23.19,0
776,9125.96,9,1877,0,0,22.14,0
777,2572.6,20,128,1,1,29.46,0
778,5189.02,1,1962,0,0,17.24,0
779,2073.26,12,1747,0,1,13.24,0
780,3134.56,21,443,2,0,46.77,0
781,2191.71,15,2918,0,1,25.38,0
782,2090.68,14,302,2,0,24.92,0
783,281.2,2,1320,3,0,26.69,0
784,3818.86,19,608,0,1,7.6,0
785,798.51,2,517,2,1,20.22,0
786,1673.45,8,2558,1,1,35.46,0
787,5056.12,20,2398,4,1,6.91,0
788,5350.33,17,2917,1,0,48.53,0
789,816.75,10,1561,2,0,2.69,0
790,1100.56,19,2174,0,0,4.59,0
791,2406.96,9,1859,3,0,9.75,0
792,691.97,16,2480,1,0,16.92,0
793,1240.79,13,407,1,1,7.9,0
794,1304.04,22,469,3,0,23.3,0
795,256.47,20,2667,3,1,33.47,0
796,13563.95,17,2953,2,0,6.01,1
797,22575.61,6,1762,3,0,1.69,0
798,2327.38,14,936,0,0,13.98,0
799,1585.44,13,1389,4,0,20.92,0
800,2153.92,14,1634,4,0,22.86,0
801,622.35,13,2989,0,1,17.61,0
802,1075.07,3,1281,1,0,12.17,0
803,1569.75,13,1281,1,0,17.94,0
804,5431.72,21,1045,3,0,4.56,0
805,2700.49,11,626,1,1,26.68,0
806,437.25,21,1943,1,1,27.28,0
807,3532.26,2,374,1,1,19.02,0
808,7578.69,2,382,1,1,6.55,0
809,1543.8,13,396,0,0,9.92,0
810,4446.3,23,1527,1,0,4.33,0
811,492.54,4,2279,2,0,20.36,0
812,12792.02,1,2403,4,0,1.47,0
813,5557.3,17,2301,5,0,32.3,0
814,547.4,10,2745,2,0,31.2,0
815,1235.1,3,1683,0,0,57.9,0
816,5429.0,11,2726,1,1,32.89,0
817,5545.72,13,2954,2,0,12.85,0
818,203.64,1,1179,3,0,40.67,0
819,650.53,19,1280,4,0,11.09,0
820,1805.62,11,425,1,1,36.2,0
821,6392.22,18,2079,1,1,9.11,0
822,4514.01,6,634,2,0,44.06,0
823,4963.3,21,1976,2,0,20.74,0
824,2582.47,7,444,1,1,12.06,0
825,1336.16,11,2279,0,0,12.7,0
826,162.45,11,471,0,1,26.34,0
827,835.67,8,2352,1,0,20.91,0
828,3108.92,7,1758,3,0,8.4,0
829,2720.94,17,2547,1,0,16.53,0
830,10365.61,19,2765,4,0,4.76,0
831,1903.53,20,2281,2,0,40.76,0
832,1239.14,0,2495,3,2,15.29,0
833,2752.89,21,2841,1,0,58.7,0
834,4071.79,8,119,2,0,1.27,0
835,3546.64,5,1120,3,0,23.58,0
836,682.63,22,1266,1,1,31.63,0
837,2152.86,10,1438,1,0,8.9,0
838,1659.08,0,744,4,0,35.94,1
839,912.55,4,2320,1,2,46.77,0
840,6401.96,21,1642,3,0,28.03,0
841,2262.09,2,582,1,1,34.13,0
842,1986.18,23,2594,0,0,61.49,0
843,17280.38,0,376,2,0,12.84,1
844,1279.86,23,2173,3,1,49.08,0
845,219.49,6,1541,8,0,6.47,0
846,1976.2,13,1859,1,0,16.62,0
847,9017.56,10,645,2,0,0.3,0
848,10146.08,11,1277,0,0,18.13,0
849,752.24,23,1329,2,0,26.77,0
850,5783.06,18,2443,1,2,28.34,0
851,795.42,2,216,3,0,27.64,0
852,206.96,4,645,1,1,2.55,0
853,2426.49,19,204,2,0,30.96,0
854,1848.24,21,335,1,2,8.53,0
855,270.16,8,1815,2,0,20.46,0
856,25.6,21,1737,3,2,26.49,0
857,609.33,15,2487,1,0,25.99,0
858,1635.47,14,1697,1,0,51.03,0
859,243.24,8,883,3,0,7.62,0
860,1584.44,16,467,1,0,19.28,0
861,1815.18,11,1761,1,2,8.38,0
862,2613.87,3,1161,2,1,4.8,0
863,414.56,21,2780,3,1,1.89,0
864,2089.65,18,1994,1,0,27.85,0
865,2334.99,16,2733,2,1,0.3,0
866,3287.73,9,187,2,1,48.34,0
867,1792.44,7,1619,4,0,31.39,0
868,6007.33,19,225,1,0,23.48,0
869,867.82,0,838,1,0,17.54,0
870,4116.61,9,866,4,0,55.45,0
871,4946.13,4,1047,1,0,22.22,0
872,2431.04,9,1344,2,1,34.36,0
873,48.77,3,32,1,0,28.54,0
874,2475.77,15,1764,4,0,6.59,0
875,1429.06,5,530,2,1,28.93,0
876,792.2,12,2182,4,0,20.58,0
877,1032.53,22,943,1,1,1.1,0
878,281.95,16,2289,3,1,18.77,0
879,2484.59,21,1451,1,0,18.5,0
880,1945.15,2,1627,2,1,4.31,0
881,2448.52,23,174,1,0,39.51,0
882,21420.19,13,77,1,0,11.33,1
883,1007.2,14,319,5,0,21.73,0
884,1685.47,10,2359,2,1,33.3,0
885,1972.76,13,2349,2,3,40.5,0
886,1524.88,12,2907,2,1,18.95,0
887,2244.82,20,1711,0,0,11.2,0
888,4823.7,9,472,2,0,14.95,0
889,160.43,12,86,0,1,7.77,0
890,5887.71,10,704,5,1,4.91,0
891,3381.9,19,1885,2,0,7.0,0
892,520.9,22,1483,3,0,5.6,0
893,645.61,2,1789,2,0,17.06,1
894,1188.06,3,997,3,0,17.99,0
895,9493.64,13,2413,0,0,2.15,0
896,2588.76,12,2147,2,1,16.48,0
897,1711.08,2,1622,1,1,0.81,0
898,1879.2,9,1391,3,0,27.89,0
899,1851.8,7,1365,5,0,0.42,0
900,667.82,5,313,0,1,20.48,0
901,787.91,16,2594,4,0,1.05,0
902,1431.04,3,2174,4,0,4.08,0
903,2867.85,16,795,0,0,41.76,0
904,1159.47,11,1439,0,0,35.15,0
905,8847.9,23,2644,2,0,34.14,0
906,3353.46,4,968,0,0,3.34,0
907,440.29,3,600,2,1,11.33,0
908,1338.04,8,809,4,0,14.6,0
909,3082.59,5,2468,1,1,7.42,0
910,2761.55,4,2685,0,0,56.65,0
911,1718.35,2,726,3,0,29.71,0
912,5545.65,20,2024,1,0,16.24,0
913,94.68,14,2310,2,0,17.71,0
914,7276.87,18,1839,2,0,29.57,0
915,4367.17,21,2313,1,0,1.64,0
916,984.15,20,2603,1,1,0.63,0
917,1322.06,19,1324,6,0,14.43,0
918,3296.22,20,1295,2,0,17.37,0
919,923.52,4,1802,3,0,4.46,0
920,1448.94,2,1921,1,0,23.13,0
921,6317.42,14,2587,3,0,2.51,0
922,7251.44,9,1126,4,0,29.94,0
923,2064.87,18,231,1,0,54.51,0
924,2101.67,11,2079,1,1,6.67,0
925,1226.65,2,1272,3,0,38.72,0
926,269.1,14,1852,0,2,45.81,0
927,2693.02,1,234,1,0,13.87,1
928,85.79,11,1176,2,2,28.74,0
929,2183.95,2,2641,2,1,35.77,0
930,1973.31,2,2520,0,0,16.86,0
931,8707.95,19,2077,1,1,49.32,0
932,2952.58,12,1896,1,1,13.05,0
933,922.9,18,2271,3,0,41.67,0
934,9839.49,23,169,3,0,26.64,0
935,2609.43,14,2342,3,1,12.38,0
936,830.28,20,772,3,0,37.56,0
937,14369.49,10,2479,2,0,42.71,0
938,776.7,15,2054,3,0,6.05,0
939,1998.96,4,254,1,1,22.19,0
940,8829.81,14,424,1,0,5.03,0
941,8153.73,10,2926,1,0,40.1,0
942,561.77,2,2067,2,1,5.05,0
943,8327.6,20,707,3,0,12.9,1
944,1752.31,1,1015,0,0,27.26,0
945,1924.14,22,1794,4,1,21.07,0
946,3312.81,14,2147,2,2,20.34,0
947,1159.91,16,2498,1,0,6.32,0
948,633.69,5,1491,1,1,49.44,0
949,1464.44,11,1159,2,2,35.46,0
950,297.99,12,1675,3,0,11.19,0
951,698.91,10,2781,2,2,9.9,0
952,517.78,19,215,2,0,14.47,0
953,963.53,20,2652,1,2,15.59,0
954,1350.99,10,270,0,1,25.33,0
955,1754.15,10,388,2,0,7.19,0
956,724.55,17,2779,2,0,18.67,0
957,8551.54,12,1164,2,0,31.98,0
958,8649.42,8,2965,2,0,10.49,0
959,1820.64,21,2469,3,0,76.97,0
960,4287.16,4,1366,4,0,9.84,0
961,5683.37,2,2387,2,0,37.06,1
962,2780.34,21,580,0,0,43.84,0
963,1546.44,11,1271,1,0,51.68,0
964,298.6,20,2861,2,1,26.97,0
965,2307.35,21,1606,1,0,21.27,0
966,203.55,4,2438,3,0,28.32,0
967,10587.23,22,348,1,0,17.4,0
968,1992.25,9,2290,2,0,7.97,0
969,655.34,12,2636,2,0,0.78,0
970,3269.56,10,524,2,0,9.77,0
971,69.95,21,2879,2,0,21.7,0
972,432.31,23,2808,3,0,2.92,0
973,370.82,16,383,2,0,14.58,0
974,891.57,20,2747,3,0,48.45,0
975,5435.03,13,2083,2,1,15.75,0
976,2062.49,11,75,1,1,36.84,0
977,446.35,11,1266,2,1,17.02,0
978,347.43,5,878,1,0,24.39,0
979,244.73,10,1992,0,1,25.12,0
980,400.9,6,928,0,0,54.82,0
981,1608.42,4,635,5,0,38.62,0
982,820.2,2,1212,1,0,23.07,0
983,2465.32,3,2080,3,0,11.42,1
984,381.02,17,2157,1,1,30.43,0
985,1296.86,1,2712,2,0,17.73,0
986,143.43,10,2532,3,1,15.51,0
987,1875.65,4,2447,2,0,42.36,0
988,3270.07,12,632,0,1,17.52,0
989,7572.35,5,741,0,1,28.72,0
990,4114.97,22,2559,0,0,28.07,0
991,3759.36,5,2954,4,0,54.83,0
992,3935.55,14,179,1,0,22.86,0
993,3872.0,13,1493,1,1,33.77,0
994,2604.13,21,2948,3,1,9.46,0
995,1127.06,7,1820,2,0,23.15,0
996,10644.21,19,1168,3,1,4.03,0
997,6613.31,23,1839,4,0,12.78,0
998,173.95,7,2188,0,0,9.17,0
999,1730.35,7,1268,1,1,2.68,0
1000,224.91,15,795,1,2,5.47,0
1001,3320.41,11,2779,2,1,29.82,0
1002,3088.4,18,1805,4,1,15.11,0
1003,2587.38,14,1155,2,0,15.99,0
1004,1975.79,12,2060,0,1,29.45,0
1005,1096.88,16,1715,1,1,28.25,0
1006,1605.51,5,818,2,2,17.83,0
1007,151.23,19,567,0,0,19.51,0
1008,101.99,8,214,1,0,46.58,0
1009,9245.94,20,1969,2,1,22.97,0
1010,303.2,11,2272,3,0,19.91,1
1011,4984.41,3,2914,0,1,27.49,1
1012,2777.17,16,511,1,0,7.02,0
1013,2744.6,9,344,1,0,4.08,0
1014,411.54,5,1118,1,1,24.07,0
1015,6671.88,14,2103,1,0,45.61,0
1016,2940.09,4,1792,1,0,0.56,0
1017,2102.87,2,910,2,0,15.57,0
1018,1823.67,14,1432,0,1,15.43,0
1019,2015.43,0,1700,2,0,14.55,0
1020,3168.94,1,1624,1,1,20.15,0
1021,917.43,16,1532,0,0,29.49,0
1022,63.39,7,1582,1,0,23.97,0
1023,783.78,2,1536,1,2,10.02,0
1024,3901.22,7,116,3,0,15.65,0
1025,671.19,10,406,1,1,59.77,0
1026,1449.0,22,2663,3,0,3.78,0
1027,2859.96,10,599,2,0,36.66,0
1028,1051.88,4,157,2,0,6.53,0
1029,657.04,9,1936,0,0,3.95,0
1030,25.46,22,569,1,2,6.94,0
1031,3182.02,22,1922,2,0,58.19,0
1032,331.66,14,2521,2,0,22.23,0
1033,489.31,0,325,3,1,19.0,0
1034,2581.29,0,1049,1,1,13.66,0
1035,419.0,6,613,4,0,30.83,0
1036,362.31,17,2979,3,0,7.38,0
1037,906.02,19,2162,3,2,9.51,0
1038,2138.56,13,456,2,0,1.8,0
1039,6945.77,9,974,1,0,43.33,0
1040,980.82,9,500,1,0,30.46,0
1041,6726.56,1,977,3,0,7.75,0
1042,1895.94,13,2618,1,0,29.84,0
1043,1635.92,19,1873,3,1,31.21,0
1044,670.71,2,455,2,0,33.01,0
1045,4596.77,15,2445,4,0,0.54,0
1046,705.34,17,68,2,1,8.01,0
1047,7675.24,20,2111,3,1,11.3,0
1048,750.15,18,991,4,1,39.24,0
1049,4848.66,22,589,1,0,4.66,0
1050,4921.19,9,1759,2,0,27.38,0
1051,312.65,0,2519,2,2,3.52,0
1052,95.01,11,986,1,0,12.73,0
1053,9676.67,18,1707,3,0,70.6,0
1054,891.66,5,2722,3,0,5.76,0
1055,1788.73,21,351,2,1,4.75,0
1056,2639.84,16,1478,2,0,28.66,0
1057,334.52,2,2155,4,2,22.15,0
1058,7071.82,17,2079,0,0,16.29,0
1059,2636.67,16,2270,3,1,14.51,0
1060,4414.4,0,1600,3,0,13.44,0
1061,3940.28,15,179,1,0,32.6,0
1062,3192.12,20,1585,1,0,13.68,0
1063,6060.23,11,1039,2,1,6.25,0
1064,9957.55,23,67,2,1,18.64,0
1065,9044.22,11,277,0,0,10.34,0
1066,2292.13,11,988,1,2,25.96,0
1067,1458.2,23,2692,3,0,31.53,0
1068,161.05,20,425,2,2,7.83,0
1069,3049.1,18,1362,1,1,6.21,0
1070,2202.91,4,182,2,0,3.09,0
1071,1423.47,11,2237,2,0,28.14,0
1072,3272.59,10,2633,1,0,12.21,0
1073,514.72,5,2805,1,0,26.42,0
1074,2482.3,14,2849,1,2,34.87,0
1075,6842.35,15,2588,2,0,29.06,0
1076,1803.72,5,553,2,0,64.97,0
1077,4720.81,2,2933,1,1,13.67,0
1078,3320.65,14,152,1,4,7.84,0
1079,1597.37,9,826,3,1,26.36,0
1080,5092.81,1,818,0,1,1.08,0
1081,3572.49,1,1293,1,0,26.8,0
1082,2138.43,9,2112,2,0,65.81,0
1083,6203.86,12,2225,3,0,15.39,0
1084,3544.77,15,1038,0,0,1.05,0
1085,5524.86,1,2650,2,2,4.02,1
1086,673.7,6,1172,1,0,28.92,0
1087,1943.11,11,196,1,0,16.59,0
1088,4120.06,20,1360,2,1,1.36,0
1089,201.63,8,510,1,2,28.71,0
1090,1695.87,11,1790,4,2,43.04,0
1091,1891.97,12,1802,3,0,35.85,0
1092,5740.54,12,1389,1,0,24.26,0
1093,2270.56,5,2033,0,0,9.24,0
1094,1811.95,22,2038,4,0,19.9,0
1095,1723.61,11,2127,3,0,23.03,0
1096,2170.37,8,339,1,1,14.05,0
1097,11130.59,23,1739,2,0,33.36,0
1098,2672.81,2,1764,5,0,28.74,0
1099,704.46,19,740,0,0,32.57,0
1100,11834.91,17,1204,2,0,18.85,0
1101,2536.68,10,421,1,0,1.49,1
1102,418.96,2,1344,1,1,0.06,0
1103,665.99,21,1211,1,2,7.06,0
1104,1602.93,9,1827,1,1,14.17,0
1105,3504.94,19,2940,2,1,21.93,0
1106,8700.44,13,683,1,0,1.3,0
1107,1201.32,22,1819,5,0,22.48,1
1108,745.88,11,1832,1,0,18.69,0
1109,3661.44,1,2978,0,1,17.88,0
1110,3825.19,11,2519,1,0,13.31,0
1111,599.81,13,1125,1,0,10.01,0
1112,1657.51,20,235,1,1,19.22,0
1113,1.23,2,2750,3,1,7.36,0
1114,9365.17,20,1664,4,0,38.27,0
1115,2312.79,11,2102,0,0,28.69,0
1116,7209.05,23,2783,0,0,36.4,0
1117,2338.31,5,128,1,1,19.47,0
1118,4892.92,4,2489,2,1,34.67,0
1119,301.75,21,1795,1,1,48.63,0
1120,2702.03,1,518,2,1,2.68,0
1121,1992.4,2,967,4,0,15.25,0
1122,5921.2,20,1501,0,1,0.93,0
1123,190.55,11,1569,3,0,36.41,0
1124,2158.95,18,133,2,0,13.3,0
1125,4044.84,19,629,2,0,4.03,0
1126,5924.86,21,1843,1,0,51.23,0
1127,862.52,11,1524,5,0,15.21,0
1128,61.84,14,315,3,1,11.72,0
1129,106.26,18,564,1,2,45.78,0
1130,1660.17,16,1504,1,0,46.45,0
1131,1740.1,12,1288,0,1,7.49,0
1132,2630.19,20,1142,2,0,11.1,0
1133,6371.36,7,465,2,0,54.84,0
1134,586.15,0,763,3,0,51.68,0
1135,185.86,15,2121,1,1,5.3,0
1136,1232.59,12,2301,2,0,24.23,0
1137,1675.95,3,1073,2,0,23.87,0
1138,1911.28,8,2884,4,0,17.03,0
1139,4088.31,14,879,1,1,34.49,0
1140,6597.9,19,1170,4,0,9.99,0
1141,745.64,22,2012,3,0,11.95,0
1142,4079.93,6,503,1,0,2.98,0
1143,1488.27,4,304,0,0,48.84,0
1144,1696.08,14,708,0,0,45.9,0
1145,485.97,22,1824,0,0,19.61,0
1146,868.77,2,2794,3,0,1.78,0
1147,2031.09,10,2736,0,1,26.44,0
1148,1525.28,11,2907,1,0,26.92,0
1149,1590.08,2,2253,1,1,1.27,0
1150,5853.44,17,1190,2,0,38.27,0
1151,3952.97,9,646,0,1,5.07,0
1152,441.91,22,2907,1,0,49.28,0
1153,896.29,22,2613,4,1,10.0,0
1154,5607.44,5,1481,3,0,8.64,0
1155,1256.86,16,919,0,1,35.2,0
1156,1490.05,3,824,1,0,11.63,0
1157,2149.47,4,970,1,0,30.4,1
1158,2556.43,15,108,3,2,18.09,0
1159,137.76,11,2270,2,1,9.18,0
1160,2562.02,18,1512,5,1,7.35,0
1161,3141.6,14,2260,2,1,9.46,0
1162,723.54,4,2507,2,0,1.57,0
1163,3510.66,2,270,3,0,9.41,0
1164,1166.18,9,1631,1,1,14.93,0
1165,4549.51,22,2945,4,0,23.76,0
1166,262.58,15,2154,3,0,21.51,0
1167,116.85,13,1678,2,0,8.14,0
1168,11743.87,18,303,1,0,21.45,0
1169,2820.56,4,1299,1,1,7.23,0
1170,5975.98,20,304,5,0,23.53,0
1171,5213.42,14,1909,0,0,10.43,0
1172,5721.2,21,2120,3,0,8.06,1
1173,2441.28,11,526,4,0,16.07,0
1174,1684.27,17,2621,2,1,28.32,0
1175,3138.3,18,746,2,1,15.24,0
1176,1248.3,4,1773,2,0,25.7,0
1177,342.61,16,227,5,0,28.5,0
1178,2599.19,3,2123,1,0,19.32,1
1179,876.91,4,1246,0,0,10.16,0
1180,1990.72,5,664,2,0,32.58,0
1181,17417.95,10,2906,2,0,11.58,0
1182,341.03,7,1418,2,0,39.95,0
1183,11197.94,16,1164,1,0,41.84,0
1184,2181.58,2,1027,2,0,23.68,0
1185,9023.05,6,2602,2,0,4.44,0
1186,1872.72,17,1125,1,0,42.06,0
1187,6530.23,4,2561,3,1,30.75,0
1188,1237.33,9,2517,2,0,33.62,0
1189,1527.68,17,383,3,0,52.96,0
1190,6169.66,16,2626,1,1,12.72,0
1191,4710.7,5,2425,2,0,21.29,0
1192,3791.21,18,632,3,0,7.82,0
1193,2770.0,5,2699,7,1,46.5,0
1194,841.59,19,2952,2,1,30.18,0
1195,1169.81,19,1383,2,0,15.28,0
1196,1588.23,18,169,2,0,26.28,0
1197,2062.41,0,333,0,0,13.85,0
1198,2786.23,1,2628,4,0,13.98,0
1199,5152.09,18,1085,2,0,28.76,0
1200,237.45,20,864,1,0,6.13,0
1201,2484.34,18,1707,0,0,3.7,0
1202,3632.96,19,2618,2,3,10.54,0
1203,4978.86,0,2040,1,2,27.66,0
1204,2743.58,20,2235,2,0,17.01,0
1205,4709.3,9,2630,3,0,32.48,0
1206,409.18,9,1979,0,0,16.57,0
1207,929.28,7,2806,4,1,48.73,0
1208,57.18,12,1219,0,0,8.4,0
1209,1222.71,14,299,5,0,2.48,0
1210,3011.56,22,246,1,1,4.57,0
1211,555.58,5,1801,1,0,54.59,0
1212,4993.59,13,1984,0,0,16.46,0
1213,473.53,14,836,1,0,7.36,0
1214,1229.17,10,2485,2,0,45.78,0
1215,8589.52,4,1281,1,2,7.72,0
1216,2152.46,22,1308,5,2,39.31,0
1217,2049.92,23,1415,3,0,0.13,0
1218,923.11,12,536,2,0,25.28,0
1219,4904.54,11,2110,3,1,10.57,0
1220,4220.33,17,435,1,1,9.26,0
1221,1745.9,10,991,2,2,54.63,0
1222,5562.71,14,502,1,3,6.11,0
1223,357.64,8,1842,2,0,25.63,0
1224,5779.56,7,578,3,0,24.13,0
1225,2110.59,3,208,5,0,31.32,0
1226,6270.03,9,1574,1,0,6.17,0
1227,1414.52,19,1713,3,0,27.66,0
1228,805.24,7,655,2,0,16.39,0
1229,2010.25,10,2367,0,1,20.88,0
1230,1568.56,23,1281,1,0,25.8,0
1231,513.71,6,653,2,0,18.18,0
1232,2249.94,15,2109,4,2,1.09,0
1233,1699.0,14,2043,2,1,6.12,0
1234,783.42,9,2038,0,1,6.0,0
1235,813.52,0,369,2,2,4.21,0
1236,474.78,12,2071,2,0,23.01,0
1237,3264.33,14,987,2,1,29.91,0
1238,3512.54,6,2390,4,1,18.91,0
1239,357.17,11,200,3,1,15.45,0
1240,1285.33,1,1153,1,0,30.55,0
1241,1674.23,15,2448,2,1,11.3,0
1242,278.06,20,2755,2,0,28.0,0
1243,236.71,15,1171,2,0,19.77,0
1244,1167.32,17,34,3,0,50.7,0
1245,297.68,3,1766,2,1,9.59,0
1246,3017.36,4,1084,1,0,37.85,0
1247,1273.71,23,1499,2,0,27.2,0
1248,8771.04,12,1499,4,0,14.2,0
1249,2651.62,1,1641,1,1,15.51,0
1250,6649.09,1,2336,3,0,8.08,1
1251,1434.83,17,798,3,0,22.26,0
1252,431.41,11,2267,3,0,19.42,0
1253,2141.35,9,302,0,1,0.3,0
1254,1260.74,12,2066,1,0,12.98,0
1255,562.41,14,2253,0,1,14.44,0
1256,4009.4,8,2553,3,2,42.29,0
1257,3843.76,21,2503,1,0,43.94,0
1258,1202.75,3,528,2,0,1.78,0
1259,3565.82,3,1614,0,1,14.12,1
1260,1982.58,11,1389,2,0,8.19,0
1261,4575.23,17,1498,2,0,5.11,0
1262,2198.46,4,816,2,1,1.67,0
1263,883.13,19,2086,1,0,29.24,0
1264,1822.66,12,2049,2,0,4.38,0
1265,8872.61,1,186,0,0,17.01,1
1266,1126.37,1,562,3,0,26.35,0
1267,5415.82,22,1365,4,0,30.2,0
1268,4966.99,15,2128,2,1,1.79,0
1269,7.91,14,611,2,0,6.57,0
1270,1965.9,19,2112,1,0,27.52,0
1271,3802.44,4,1344,4,2,10.32,0
1272,4136.91,19,1305,4,0,11.08,0
1273,3046.86,5,1610,0,0,23.9,0
1274,3493.9,19,1226,2,1,32.01,0
1275,2030.98,18,1378,2,0,30.07,0
1276,10606.33,16,2088,3,2,17.68,0
1277,1241.1,17,2007,1,1,18.3,0
1278,2866.66,22,2306,2,1,15.25,0
1279,280.32,9,1946,1,0,17.35,1
1280,921.8,0,1509,4,2,18.44,0
1281,3379.29,10,2760,5,0,4.35,0
1282,9447.15,3,1707,3,0,29.08,0
1283,4174.2,18,1261,1,0,12.57,0
1284,4423.88,23,2819,3,1,44.17,1
1285,6622.34,20,110,3,1,2.26,0
1286,5651.07,19,1944,2,2,21.96,0
1287,5963.95,8,2686,1,0,3.5,0
1288,2211.92,18,2366,3,0,6.0,0
1289,7250.55,7,2955,1,0,1.67,0
1290,279.41,1,2391,0,0,1.4,0
1291,2427.74,15,699,2,1,29.42,0
1292,610.17,16,2577,2,1,21.39,0
1293,316.89,23,2539,3,0,5.32,0
1294,7479.38,12,606,2,0,7.65,0
1295,1193.15,21,993,1,0,29.07,0
1296,714.88,1,2346,0,0,13.44,0
1297,6118.49,22,451,3,0,10.61,1
1298,1085.11,6,78,0,0,8.6,0
1299,6226.48,14,1285,2,0,10.28,0
1300,1205.41,13,621,2,0,34.36,0
1301,1468.81,13,2829,1,0,32.2,0
1302,799.83,6,1681,3,0,31.21,0
1303,3771.13,16,2505,0,1,11.4,0
1304,5319.0,15,2980,3,0,10.22,0
1305,6129.92,1,2891,2,0,10.85,0
1306,1910.93,4,2125,1,3,41.43,1
1307,1403.49,6,2298,1,1,40.1,0
1308,6516.62,10,2713,3,0,28.73,1
1309,823.81,15,2153,0,0,1.22,0
1310,6699.06,12,1286,2,3,24.35,0
1311,6723.02,5,1883,2,1,21.27,0
1312,2897.64,17,1403,1,2,14.69,0
1313,7022.96,17,1452,2,0,17.98,0
1314,895.86,21,2953,0,0,45.64,0
1315,480.98,21,2635,6,1,9.59,0
1316,11518.33,22,1083,3,0,12.8,0
1317,3778.18,19,1984,2,0,6.96,0
1318,5279.25,6,1010,3,0,6.27,0
1319,2883.53,8,2286,3,0,25.26,0
1320,915.02,9,922,0,1,17.66,0
1321,565.12,9,1184,0,1,24.18,0
1322,227.3,22,850,6,1,9.11,0
1323,43.73,22,2888,0,1,5.32,0
1324,7755.75,15,1299,4,1,16.11,0
1325,824.21,15,1429,1,1,0.34,0
1326,5385.8,17,2956,3,1,0.2,0
1327,1267.35,8,1179,2,0,17.5,0
1328,201.09,3,2349,4,0,16.66,0
1329,1414.62,21,2225,4,0,13.84,1
1330,6585.03,12,1617,3,0,33.92,0
1331,2209.84,11,600,1,0,6.53,0
1332,548.87,9,173,0,2,5.22,0
1333,2534.61,9,2926,4,0,38.29,0
1334,904.93,2,1419,0,0,33.51,0
1335,4687.77,14,2687,1,0,32.26,0
1336,4822.0,8,1963,3,0,6.89,0
1337,722.42,6,828,2,1,28.21,1
1338,2659.36,17,1111,2,1,12.05,0
1339,8559.29,17,2852,1,0,17.32,0
1340,1454.47,8,563,2,1,2.37,0
1341,5319.1,3,2522,2,0,2.78,0
1342,465.37,23,2404,1,0,11.81,0
1343,1985.17,7,994,3,3,24.36,0
1344,7166.34,1,2744,2,1,20.14,0
1345,2278.57,16,925,1,1,17.34,0
1346,87.15,20,954,1,0,21.93,0
1347,2027.98,1,411,3,1,1.23,0
1348,1294.52,13,1353,1,0,30.78,0
1349,3660.26,22,1935,4,0,49.92,0
1350,5162.96,3,2791,1,1,29.45,0
1351,3013.56,4,22,4,0,5.58,0
1352,2796.63,17,647,3,1,37.42,0
1353,2158.9,13,2675,4,2,17.15,0
1354,2364.77,15,1956,0,1,34.96,0
1355,2095.32,20,817,1,0,7.03,0
1356,498.57,9,1316,2,0,6.07,0
1357,4614.18,9,2646,1,2,11.92,0
1358,622.59,1,367,2,2,0.75,0
1359,328.03,20,2352,1,0,6.35,0
1360,1353.85,7,2192,2,0,58.71,0
1361,4275.88,23,2962,4,1,17.71,0
1362,61.33,1,718,4,0,9.62,0
1363,1654.71,13,721,3,2,4.63,0
1364,153.94,1,1627,2,1,49.37,0
1365,152.14,15,764,1,1,7.64,1
1366,805.49,23,1186,1,0,0.91,0
1367,2675.65,1,38,1,0,35.54,0
1368,1809.91,9,2327,2,0,2.38,0
1369,1187.93,19,440,3,0,32.65,0
1370,3408.04,10,1166,3,0,35.55,0
1371,6679.99,14,2627,0,1,13.48,0
1372,283.98,17,2148,2,1,53.23,0
1373,7073.44,15,550,3,0,25.2,0
1374,2626.79,16,1918,2,1,11.48,0
1375,376.21,8,790,1,0,16.13,0
1376,1707.86,3,1355,4,0,12.5,0
1377,6936.8,5,2995,2,1,14.71,0
1378,2263.63,14,2656,1,2,20.2,0
1379,2949.27,8,2944,1,1,58.87,0
1380,1926.9,5,58,1,1,34.11,0
1381,698.63,23,1381,6,0,19.99,0
1382,6221.49,9,2326,0,0,33.81,0
1383,1030.62,21,792,6,0,47.6,0
1384,1378.07,5,2503,3,1,22.41,0
1385,6741.53,20,1661,2,0,19.68,0
1386,8179.78,13,2111,2,0,38.3,0
1387,147.47,10,356,3,0,31.34,0
1388,7186.98,12,2742,1,0,5.34,1
1389,4432.67,3,757,2,0,27.27,0
1390,3946.34,4,1956,1,0,14.35,1
1391,4808.69,10,1017,2,1,18.15,0
1392,1949.63,0,1069,2,0,18.9,0
1393,12059.6,12,965,0,0,28.31,0
1394,370.51,14,1094,3,1,59.19,0
1395,652.31,10,1237,0,0,7.03,0
1396,6562.9,18,2961,2,0,29.64,0
1397,3015.37,18,47,4,0,13.49,0
1398,651.39,8,2678,1,0,45.75,0
1399,1801.96,11,2838,4,0,37.77,0
1400,501.98,7,255,1,1,56.87,0
1401,147.15,21,485,2,1,20.6,0
1402,2729.06,14,1257,3,0,36.28,1
1403,1074.13,5,1661,2,1,19.76,0
1404,266.64,21,2059,1,1,24.59,0
1405,1241.71,22,1274,1,0,4.96,0
1406,4327.29,22,481,0,0,19.71,0
1407,207.4,20,1209,2,0,40.58,0
1408,3101.56,11,2518,1,1,3.19,0
1409,6614.62,7,898,2,0,22.81,0
1410,77.9,4,1959,3,0,0.32,0
1411,884.84,4,1864,5,1,6.98,0
1412,5799.58,23,2482,3,0,29.19,0
1413,2949.36,11,1704,2,1,23.21,0
1414,1244.41,22,2250,0,0,39.29,0
1415,10472.7,15,2202,0,1,3.05,0
1416,2640.02,21,895,2,0,11.38,0
1417,316.85,7,2787,2,0,21.83,0
1418,171.25,19,336,2,1,65.11,0
1419,1342.56,16,1830,1,0,6.85,0
1420,2167.01,16,2883,4,0,8.78,0
1421,5538.63,11,320,1,1,64.27,0
1422,3784.78,18,460,2,1,12.82,0
1423,1635.68,1,2244,4,1,15.98,0
1424,1117.72,16,829,1,1,11.14,0
1425,755.1,18,2199,2,0,9.34,0
1426,2443.0,4,674,3,0,36.06,0
1427,544.13,10,2132,1,1,26.26,0
1428,3311.12,14,477,4,0,12.25,0
1429,2690.86,21,842,2,0,22.7,0
1430,2860.75,22,2389,3,2,30.97,0
1431,2284.47,15,373,1,0,32.43,0
1432,1324.76,16,1825,3,2,21.54,0
1433,1521.89,1,1858,2,1,61.91,0
1434,1899.92,4,2103,1,0,13.0,1
1435,1612.08,13,1872,4,2,24.45,0
1436,1378.38,18,237,1,0,19.36,0
1437,547.58,17,1894,0,0,37.15,0
1438,1275.61,21,1263,2,1,26.33,0
1439,5925.23,23,90,1,0,12.23,0
1440,2280.09,12,1043,2,0,7.45,0
1441,2272.16,0,893,1,0,6.4,0
1442,3802.24,18,300,3,2,15.81,0
1443,1211.79,1,1736,2,1,21.68,0
1444,3974.18,11,2869,0,1,24.4,0
1445,3199.4,2,2217,1,0,52.15,0
1446,7902.31,1,283,3,0,20.47,0
1447,3017.24,15,130,0,1,7.34,0
1448,4483.71,9,1675,1,1,28.28,0
1449,1112.89,5,555,5,1,7.71,0
1450,5950.31,20,2988,1,1,55.5,0
1451,5352.1,20,1722,2,1,1.32,0
1452,4304.0,11,1567,2,0,8.07,0
1453,269.69,14,1547,6,2,24.69,0
1454,2630.01,12,329,2,1,20.35,0
1455,2806.6,21,2711,1,1,29.66,0
1456,2008.64,17,545,2,0,4.73,0
1457,6957.77,20,1425,3,0,23.7,0
1458,134.9,3,732,2,1,0.17,0
1459,203.64,17,1610,3,0,20.92,0
1460,1740.23,16,522,2,1,17.71,0
1461,2259.35,23,913,2,0,13.46,0
1462,621.71,0,94,2,0,16.76,0
1463,2420.79,9,1897,5,0,8.95,0
1464,1081.28,21,2946,4,0,25.62,0
1465,921.59,17,1738,1,0,6.35,0
1466,5090.63,17,1554,2,1,4.56,0
1467,668.41,7,1014,3,0,26.16,0
1468,129.77,14,1418,0,0,22.75,0
1469,3275.01,4,1130,1,0,5.09,1
1470,157.46,6,2970,2,0,17.54,0
1471,2133.18,3,132,5,0,17.63,0
1472,791.51,21,1718,0,1,26.43,0
1473,365.28,19,65,1,1,21.66,0
1474,2502.87,7,845,1,1,26.2,0
1475,558.58,2,414,2,2,20.14,0
1476,13.15,19,138,2,0,10.43,0
1477,7656.71,14,2449,4,0,31.35,0
1478,11950.09,21,2881,3,1,3.27,0
1479,1794.19,1,1003,2,0,45.49,0
1480,3500.31,23,182,2,2,6.1,1
1481,558.24,12,1798,3,1,24.97,0
1482,1807.53,7,2211,4,0,23.85,0
1483,1525.69,6,232,0,0,19.01,0
1484,1413.4,4,2064,3,1,0.31,0
1485,1362.61,9,960,0,1,12.74,0
1486,11650.29,23,2360,3,3,12.77,0
1487,760.41,10,2366,4,0,10.62,0
1488,75.86,19,2755,2,0,19.86,0
1489,7064.42,10,971,2,1,12.96,0
1490,3478.65,9,587,2,0,15.75,0
1491,1702.59,21,2136,1,1,33.46,0
1492,1478.58,7,1694,2,0,4.59,0
1493,1536.99,9,1128,3,0,19.67,0
1494,164.45,1,2281,1,1,44.09,0
1495,3383.2,18,718,4,0,8.82,0
1496,5789.34,20,2781,3,0,12.78,0
1497,5784.08,13,2277,1,0,17.38,0
1498,351.55,15,193,4,1,0.42,0
1499,5720.27,11,2636,5,1,28.84,0
1500,8704.03,21,1562,2,1,13.44,0
1501,2801.24,16,1306,3,1,26.44,0
1502,4956.48,22,1706,1,0,7.38,0
1503,4211.86,13,612,1,0,33.79,0
1504,3125.22,9,1542,3,0,0.76,0
1505,3766.91,5,2204,3,1,33.78,0
1506,1045.79,15,988,3,0,13.72,0
1507,1458.6,7,1232,5,0,13.1,0
1508,819.31,22,592,2,1,7.23,0
1509,7495.89,14,237,1,0,13.22,0
1510,1625.76,17,1691,5,1,47.21,0
1511,1535.77,13,2283,4,0,7.42,1
1512,5058.83,16,550,2,0,19.1,0
1513,2814.75,12,995,3,2,27.45,0
1514,2561.85,8,833,2,0,28.04,0
1515,795.7,10,2649,1,0,33.78,0
1516,738.74,2,1843,1,0,15.6,0
1517,8846.69,11,379,1,1,10.88,0
1518,4437.24,17,2968,2,0,33.02,0
1519,6949.65,6,212,0,0,4.59,0
1520,481.86,8,1545,4,1,14.78,0
1521,1577.02,21,2478,1,0,6.32,0
1522,387.19,19,162,4,0,31.85,0
1523,407.65,2,771,0,1,10.06,0
1524,3698.96,18,2967,3,0,23.52,0
1525,1102.18,21,2290,2,0,16.74,0
1526,4003.96,6,1964,1,0,5.16,0
1527,5481.32,6,1364,3,0,6.53,0
1528,891.12,9,63,0,0,16.18,0
1529,25.15,6,779,0,0,0.19,0
1530,5854.89,23,481,2,1,7.29,0
1531,6139.42,23,1962,4,0,36.56,0
1532,1943.35,7,2850,0,0,13.28,0
1533,1355.91,19,2883,3,1,6.02,0
1534,2174.2,6,1625,1,1,6.88,0
1535,3207.65,7,2262,3,0,13.85,0
1536,4430.87,10,1160,2,0,3.53,0
1537,293.92,12,1910,1,0,21.62,0
1538,195.32,17,2658,4,2,30.0,0
1539,383.51,11,1264,3,1,7.1,0
1540,63.2,8,1474,4,1,21.18,0
1541,4875.55,16,2037,3,0,3.2,0
1542,1060.94,14,404,3,0,21.62,0
1543,1232.78,23,1924,1,2,0.91,0
1544,4235.84,10,833,3,1,49.93,0
1545,7562.35,11,1282,6,0,29.3,1
1546,63.75,13,188,1,1,7.13,0
1547,532.46,18,907,1,1,14.3,0
1548,414.12,23,598,4,0,3.15,0
1549,3838.82,0,1069,1,0,32.66,0
1550,3403.93,17,2393,5,0,25.33,0
1551,1810.0,18,2950,1,0,7.61,0
1552,1468.93,13,1210,1,1,19.59,0
1553,1892.6,4,804,1,0,4.44,0
1554,2669.47,10,943,1,2,16.59,0
1555,9657.58,12,2334,0,1,7.37,0
1556,1143.54,7,2046,1,0,29.8,0
1557,2256.69,17,2682,6,2,1.89,0
1558,575.46,21,1383,0,0,18.81,0
1559,5791.35,8,2002,2,1,22.17,0
1560,1240.55,23,2629,4,1,4.85,0
1561,2930.57,23,2010,3,0,19.19,0
1562,522.85,14,690,1,1,14.1,0
1563,2139.28,23,1443,2,0,51.96,0
1564,1677.65,5,574,3,0,34.81,0
1565,484.37,23,2239,3,0,51.96,0
1566,711.11,15,754,0,0,38.81,0
1567,2505.42,17,2629,2,0,8.78,0
1568,6191.55,1,2147,3,2,23.84,0
1569,4268.03,1,305,1,0,21.57,0
1570,5145.38,21,199,1,0,3.52,0
1571,4666.99,0,1690,2,0,11.33,0
1572,3328.39,4,2584,2,0,21.74,0
1573,363.29,7,279,3,1,16.84,0
1574,1926.13,22,619,1,0,19.98,0
1575,869.71,0,896,2,1,11.32,0
1576,1418.76,16,1868,2,0,0.66,0
1577,5916.72,11,248,3,1,11.77,0
1578,1989.47,19,2613,0,0,16.27,0
1579,2395.45,21,2526,1,1,19.35,0
1580,2698.83,15,2701,2,0,63.37,0
1581,4914.82,15,65,1,1,7.37,0
1582,212.4,0,2180,0,1,21.04,0
1583,794.22,17,1685,5,0,1.79,0
1584,234.77,0,69,0,0,21.05,0
1585,4608.2,16,2959,2,0,29.69,0
1586,354.04,8,2195,1,3,14.24,0
1587,325.54,9,71,0,2,11.77,0
1588,3306.6,16,2859,5,0,10.6,0
1589,5202.51,21,1764,3,1,12.73,0
1590,380.94,5,439,1,2,7.35,0
1591,4050.57,3,2148,3,1,18.36,0
1592,4331.93,4,988,1,0,1.84,0
1593,1584.62,6,2539,2,1,1.63,0
1594,8659.22,16,1034,2,1,19.08,0
1595,9560.0,11,1095,1,1,11.9,0
1596,728.29,12,324,1,0,6.5,0
1597,1695.33,11,1664,2,0,27.78,0
1598,7293.45,14,2315,1,3,28.07,1
1599,626.05,7,2856,2,1,40.39,0
1600,5014.47,7,1229,1,0,9.9,0
1601,3202.65,21,331,2,0,26.89,0
1602,470.99,20,2662,2,1,3.98,0
1603,496.93,1,383,2,1,17.86,0
1604,7282.89,12,1554,1,1,11.14,0
1605,1126.03,12,2264,3,0,8.96,0
1606,906.59,15,230,5,0,46.75,0
1607,2300.55,20,39,2,0,9.63,0
1608,462.2,22,702,0,0,22.13,0
1609,4555.7,2,2048,3,0,33.68,0
1610,2701.3,13,2642,3,1,25.06,0
1611,9295.93,10,2318,2,0,22.7,0
1612,791.77,3,2164,0,0,37.41,0
1613,19143.64,1,942,4,1,6.56,0
1614,1659.47,6,2836,1,2,4.19,0
1615,842.35,18,1948,1,0,46.28,0
1616,1037.35,8,191,2,0,31.04,0
1617,952.71,2,2804,0,2,16.62,0
1618,1499.83,8,2225,0,0,12.04,0
1619,4895.0,18,2696,1,0,26.11,0
1620,5499.19,1,735,1,0,56.08,0
1621,1413.66,10,65,3,1,44.17,0
1622,1893.81,6,2405,3,1,16.63,0
1623,48.91,4,2920,1,0,8.98,0
1624,3177.64,12,316,0,0,23.95,0
1625,2603.76,9,666,2,0,12.27,0
1626,736.66,18,985,1,0,0.57,0
1627,3089.48,18,1594,2,0,37.01,0
1628,3446.22,21,2215,4,2,46.6,0
1629,3870.65,10,1573,0,0,13.82,0
1630,2707.71,23,574,1,0,15.94,0
1631,319.67,22,2967,4,0,28.14,0
1632,3785.2,2,2052,3,0,0.55,1
1633,3567.01,23,1417,2,0,34.57,0
1634,5155.67,1,401,5,0,25.87,0
1635,980.13,13,951,2,0,22.84,0
1636,5890.72,2,1396,2,0,5.69,0
1637,7383.52,19,2515,3,0,50.51,0
1638,3839.43,19,1625,3,1,21.15,0
1639,1271.18,10,122,1,0,25.52,0
1640,594.78,20,1120,1,0,19.88,0
1641,3995.24,14,2010,0,0,1.67,0
1642,3316.01,7,1458,2,2,31.75,0
1643,223.55,17,1538,0,0,12.04,0
1644,1045.9,13,761,3,1,6.86,0
1645,2209.86,21,2400,2,1,45.9,0
1646,5045.77,21,1557,2,2,27.08,0
1647,898.81,2,2534,2,1,10.91,0
1648,516.78,9,1010,1,0,43.26,0
1649,358.71,22,302,0,1,16.83,0
1650,7022.29,2,1098,6,0,1.56,0
1651,2970.58,4,1557,1,0,24.56,0
1652,4136.04,22,2597,3,1,13.79,0
1653,4159.07,4,1596,1,0,10.9,1
1654,3207.08,10,1478,3,0,10.44,0
1655,2907.17,3,375,3,1,4.37,0
1656,2834.88,0,1263,1,0,12.64,0
1657,589.05,14,1475,5,0,43.11,0
1658,12408.9,8,419,2,0,19.01,0
1659,9331.02,4,358,4,0,1.57,0
1660,162.81,5,1766,3,0,16.78,0
1661,1016.31,14,2282,2,0,17.5,0
1662,1670.43,17,2099,1,0,11.59,0
1663,2834.18,13,424,3,0,8.93,0
1664,1401.89,0,368,1,1,1.01,0
1665,640.85,11,2271,2,0,11.66,0
1666,8602.71,2,2446,1,0,8.27,0
1667,1586.85,19,1329,3,1,14.86,0
1668,9644.91,12,51,2,1,11.62,0
1669,2637.97,9,1695,4,1,45.18,0
1670,689.21,12,347,4,0,37.37,0
1671,1116.87,23,2292,4,1,14.69,0
1672,6548.84,7,2343,0,1,4.61,0
1673,5647.49,16,695,6,2,14.99,0
1674,2848.55,21,1560,0,0,38.93,0
1675,720.34,5,569,3,0,60.48,0
1676,1805.0,8,1234,3,1,21.7,0
1677,558.57,8,2020,1,1,1.34,0
1678,2251.76,4,260,2,0,32.81,0
1679,2870.12,5,1781,1,3,6.58,0
1680,2937.18,8,1725,1,2,14.95,0
1681,3699.39,9,1984,0,0,25.56,0
1682,2149.17,2,1480,0,1,0.37,0
1683,8694.49,8,1011,0,0,1.06,0
1684,1451.13,23,2561,4,1,15.7,0
1685,1379.81,15,2433,0,3,20.28,0
1686,4034.51,19,801,2,1,10.68,0
1687,11340.74,14,439,5,0,4.08,0
1688,1091.25,4,1248,2,0,4.59,0
1689,2312.25,0,1621,3,2,52.75,0
1690,2466.5,10,2541,5,0,4.3,0
1691,962.98,12,1350,0,1,1.93,0
1692,10941.55,14,1372,2,0,33.31,0
1693,3366.64,13,2667,2,0,17.77,0
1694,3180.14,19,558,3,0,24.96,0
1695,773.17,9,1314,0,0,10.19,0
1696,558.41,19,2848,0,2,6.92,0
1697,1200.23,6,1963,1,0,27.35,0
1698,3023.18,10,728,3,0,1.53,0
1699,287.06,12,1308,2,0,26.39,0
1700,3191.17,9,2847,0,0,16.05,0
1701,332.59,20,2012,0,0,50.16,0
1702,3310.21,18,993,1,0,26.21,0
1703,15926.77,10,1541,1,1,0.49,1
1704,3892.0,8,1610,4,0,10.53,1
1705,1295.35,11,467,1,0,17.37,0
1706,2352.43,18,819,0,0,7.64,0
1707,1510.9,18,2235,1,1,25.04,0
1708,742.95,5,2793,3,0,8.37,0
1709,141.05,17,111,0,0,38.97,0
1710,8207.59,23,1891,4,0,15.29,0
1711,5690.88,22,859,3,0,73.34,0
1712,2107.03,14,1194,3,1,24.58,0
1713,631.29,22,284,1,0,37.13,0
1714,1340.63,13,2757,4,0,10.0,0
1715,3777.31,15,571,0,0,13.26,0
1716,74.92,20,1241,3,2,3.34,0
1717,481.5,7,1035,3,0,4.36,0
1718,1746.75,21,632,1,0,67.65,0
1719,298.9,22,1734,1,0,1.39,0
1720,3785.7,12,303,2,3,38.17,0
1721,567.86,14,2450,3,1,23.22,0
1722,2911.65,15,2385,1,2,25.71,0
1723,801.31,12,2189,1,0,2.2,0
1724,2181.98,16,2834,1,1,40.99,0
1725,2336.31,13,2227,4,0,15.03,0
1726,660.62,1,1473,4,0,60.6,0
1727,3228.76,22,2200,0,0,5.49,0
1728,605.23,19,2614,3,2,9.04,0
1729,1322.76,2,448,1,0,28.45,0
1730,2329.25,7,2694,1,0,51.87,0
1731,906.7,21,1455,2,1,5.79,0
1732,1320.95,5,2651,1,1,2.37,0
1733,5020.37,19,182,2,0,0.62,0
1734,6888.0,18,2643,3,0,59.23,0
1735,1693.55,21,2650,2,0,7.26,0
1736,1203.03,12,1359,2,0,23.66,0
1737,1967.94,13,434,0,0,5.26,0
1738,1268.78,0,404,2,1,29.35,0
1739,113.65,8,910,1,0,21.72,0
1740,745.88,16,2125,5,0,25.0,0
1741,342.55,17,2378,3,1,25.05,0
1742,1425.27,22,2357,3,1,22.88,0
1743,5341.31,7,1826,2,1,38.96,1
1744,357.03,11,1603,3,0,9.29,0
1745,3216.89,14,2784,3,0,21.21,0
1746,1218.69,18,2829,1,0,7.3,0
1747,1680.94,16,618,2,1,54.27,0
1748,1726.61,11,101,2,0,21.7,0
1749,1414.26,15,429,1,0,4.41,0
1750,538.16,9,1704,0,0,29.8,0
1751,2407.22,2,476,3,2,16.32,0
1752,7886.7,23,581,1,0,2.98,0
1753,414.97,11,1278,4,0,18.25,0
1754,1852.25,10,1866,1,2,14.94,0
1755,6210.13,6,2135,0,1,31.21,0
1756,5884.66,15,1427,0,0,50.07,0
1757,5002.61,15,400,2,0,8.94,0
1758,198.02,14,2958,2,0,18.84,0
1759,771.53,22,1854,3,0,15.92,0
1760,4552.19,10,276,3,0,29.98,0
1761,685.47,9,184,2,1,6.3,0
1762,6340.48,22,472,2,0,14.56,0
1763,8401.69,0,1406,1,0,7.26,0
1764,1425.19,20,448,2,0,14.87,0
1765,1183.89,21,674,0,0,5.44,0
1766,53.84,23,1000,0,0,21.04,0
1767,5595.07,16,715,2,0,40.09,0
1768,4180.88,17,656,3,0,40.03,0
1769,2445.77,10,2294,4,1,56.21,0
1770,1345.8,13,1893,1,0,42.26,0
1771,861.77,7,1660,4,0,9.82,0
1772,2452.84,20,756,3,3,5.06,0
1773,592.99,5,2624,3,0,23.58,0
1774,8804.89,21,1771,1,0,6.62,0
1775,3733.38,12,120,3,0,7.19,0
1776,4615.98,23,2516,0,0,41.62,0
1777,2441.82,6,1842,2,0,1.17,0
1778,8825.27,18,1760,4,0,29.42,0
1779,9406.9,12,19,2,2,7.22,1
1780,3208.52,22,880,1,0,27.67,0
1781,3403.59,6,1141,2,0,1.27,0
1782,2565.27,22,257,2,0,0.39,1
1783,1971.5,18,417,0,2,18.55,0
1784,634.82,17,766,6,0,0.89,0
1785,3583.45,11,1336,1,0,4.43,0
1786,3704.57,6,1875,0,1,2.9,0
1787,874.4,3,1075,8,0,14.4,0
1788,408.16,21,2005,1,0,25.49,0
1789,4916.04,16,2618,0,0,21.61,0
1790,899.26,10,2446,2,0,9.18,0
1791,10920.06,12,2504,2,0,32.6,0
1792,3490.43,12,2405,5,1,0.32,0
1793,981.6,3,1426,1,0,6.86,0
1794,474.79,11,1876,1,1,52.02,0
1795,6108.21,19,707,0,1,18.44,0
1796,1095.0,21,2892,4,1,1.12,0
1797,1109.96,9,2517,3,0,41.2,0
1798,1994.31,18,348,2,0,8.43,0
1799,3325.47,21,549,0,0,36.87,0
1800,1036.68,10,483,4,1,30.12,0
1801,5040.03,7,1251,3,1,6.88,0
1802,449.67,3,750,5,1,25.74,0
1803,146.98,11,2841,1,0,20.04,0
1804,218.35,4,2093,2,1,37.58,0
1805,5933.53,12,1714,1,0,1.61,0
1806,243.99,19,565,6,2,0.18,0
1807,3120.44,18,1572,1,0,30.26,0
1808,8008.42,13,761,2,0,33.45,0
1809,6780.57,15,2604,2,0,2.56,0
1810,1429.69,17,2841,0,0,4.7,0
1811,325.46,20,710,0,0,4.88,0
1812,1656.7,17,684,4,0,7.66,0
1813,2002.09,15,1184,4,3,0.02,1
1814,8661.5,4,767,0,1,32.41,0
1815,968.57,10,1848,1,0,41.17,1
1816,199.62,19,220,0,0,10.26,0
1817,6572.54,11,40,2,0,28.17,0
1818,78.98,15,560,1,0,34.99,0
1819,1236.81,6,1573,0,0,8.54,0
1820,2665.24,17,2071,2,1,46.25,0
1821,4415.42,20,2028,6,1,11.14,0
1822,8036.57,13,2805,1,0,18.72,0
1823,1183.48,15,1703,1,2,11.14,0
1824,992.19,22,1819,0,0,11.79,0
1825,1489.18,15,686,4,2,36.22,0
1826,1084.97,2,2316,2,0,32.99,0
1827,351.29,0,904,2,0,4.19,0
1828,196.24,9,134,1,1,8.64,0
1829,1321.33,8,921,3,1,13.52,0
1830,1888.68,17,1183,2,0,6.81,0
1831,2516.78,5,1874,2,0,60.38,0
1832,1023.07,18,2029,1,1,18.77,0
1833,557.25,17,2093,5,0,20.37,0
1834,2057.71,3,2346,2,0,4.7,0
1835,4463.94,3,1098,0,1,31.51,1
1836,894.69,17,1503,0,0,19.52,0
1837,1279.3,17,171,2,1,8.32,0
1838,2016.1,23,1808,1,0,52.14,0
1839,4336.86,17,896,4,2,37.09,0
1840,72.28,13,420,0,1,12.46,0
1841,1476.97,23,2678,0,0,5.5,0
1842,3626.93,7,1220,3,0,1.95,0
1843,26.44,1,1843,0,0,21.06,0
1844,6753.23,8,1428,4,0,3.22,0
1845,6579.36,2,1799,3,0,5.96,0
1846,306.94,3,971,5,1,45.66,1
1847,1694.87,6,2409,4,1,8.91,0
1848,1646.37,22,1437,1,0,27.41,0
1849,621.28,22,2500,4,1,52.4,0
1850,5895.16,20,1754,3,0,5.02,0
1851,4545.48,5,2524,2,0,1.16,0
1852,263.58,4,847,1,1,24.61,0
1853,686.15,6,244,1,0,0.71,0
1854,3811.07,18,1437,0,0,53.98,0
1855,249.59,17,1152,1,1,20.43,0
1856,496.06,19,2207,1,0,9.6,0
1857,1098.74,5,1326,4,0,8.57,0
1858,12985.04,22,1199,0,0,9.28,0
1859,618.61,9,2346,1,0,1.98,0
1860,1676.52,8,2108,6,1,11.17,0
1861,13600.29,21,391,7,2,17.67,0
1862,484.51,4,1686,4,0,28.51,1
1863,5380.22,1,1136,0,1,30.8,1
1864,4453.6,20,520,0,0,15.99,0
1865,195.46,22,544,2,0,39.53,0
1866,2426.22,7,600,2,1,24.03,0
1867,2909.66,22,1320,3,1,41.59,0
1868,122.9,7,2770,1,2,3.21,0
1869,7555.87,12,2005,2,1,0.3,0
1870,5336.04,4,2366,2,0,20.92,0
1871,9404.85,20,1101,2,1,8.68,0
1872,4044.74,20,1697,4,1,5.03,0
1873,7091.95,12,1852,1,2,8.89,0
1874,7388.82,2,2596,2,0,35.21,0
1875,41.09,2,1651,1,0,2.22,0
1876,4114.41,16,1140,1,1,6.61,0
1877,1767.96,22,1512,2,1,4.69,0
1878,6495.86,14,2000,5,0,15.53,0
1879,559.38,10,2384,3,3,28.6,0
1880,1342.65,0,382,4,0,13.86,0
1881,491.66,23,1878,2,0,34.22,0
1882,1005.95,20,2721,2,0,18.46,0
1883,3185.41,22,1468,1,2,14.2,0
1884,3231.93,2,2190,0,1,36.88,0
1885,5275.05,12,893,1,3,38.42,0
1886,1225.21,13,868,2,0,17.15,0
1887,130.2,15,1100,3,1,1.28,0
1888,15750.69,10,1162,6,1,18.61,0
1889,279.69,10,2242,4,0,1.09,0
1890,3392.07,18,535,3,0,45.75,0
1891,2036.25,18,1988,2,1,26.58,0
1892,3200.89,10,2796,0,2,19.01,0
1893,2768.68,1,189,1,0,34.43,0
1894,4388.37,3,2565,3,1,42.9,0
1895,2370.82,14,67,1,0,10.33,0
1896,3400.29,3,648,3,1,53.11,0
1897,442.38,14,1870,1,0,8.7,0
1898,6254.05,0,1753,0,1,47.1,1
1899,615.82,6,2821,4,1,4.25,0
1900,4297.28,4,2663,3,1,24.37,0
1901,1080.78,9,652,0,0,26.29,0
1902,36.25,8,383,4,0,8.24,0
1903,172.98,20,1477,1,0,21.66,0
1904,8092.66,8,338,2,1,23.17,0
1905,867.5,11,2722,7,0,24.19,1
1906,191.94,20,678,5,0,54.2,0
1907,1706.04,1,1624,2,1,17.51,0
1908,1738.5,20,1252,4,0,13.23,0
1909,52.63,23,2865,2,0,13.34,0
1910,5420.13,7,1759,2,0,36.93,0
1911,6785.33,20,374,5,0,27.48,0
1912,3361.08,22,390,2,0,1.2,0
1913,3934.23,0,875,3,0,20.19,0
1914,3344.11,15,320,2,0,24.68,0
1915,2675.48,4,2432,2,0,26.6,1
1916,1104.26,7,2128,1,0,20.58,0
1917,3537.26,21,1823,3,1,3.57,0
1918,4283.92,0,34,1,0,50.25,0
1919,785.55,22,1408,3,1,37.86,0
1920,4150.2,3,1730,1,1,8.15,0
1921,2659.71,22,542,3,1,17.06,0
1922,397.5,15,291,1,0,9.64,0
1923,4022.72,7,1570,2,2,5.0,0
1924,1885.64,2,2994,3,2,25.64,0
1925,292.37,3,423,1,0,9.51,1
1926,1650.33,10,1506,1,0,17.7,0
1927,3770.9,9,562,3,0,21.0,0
1928,2786.63,12,546,1,1,18.11,0
1929,2158.34,20,2774,5,1,11.25,0
1930,2094.67,4,281,2,3,5.77,0
1931,1992.94,16,2308,1,0,13.4,0
1932,1072.73,0,2500,1,1,2.77,0
1933,3772.53,20,673,4,2,41.46,0
1934,1211.42,14,1439,3,0,3.97,0
1935,129.82,23,873,2,1,1.19,0
1936,1406.48,20,621,5,1,10.02,0
1937,1525.63,13,2524,2,0,7.36,0
1938,4120.1,21,1813,1,0,31.44,0
1939,894.67,6,356,2,0,37.0,0
1940,2149.37,3,574,2,0,13.12,0
1941,262.31,3,2415,1,1,11.51,0
1942,3110.65,23,1573,1,1,58.16,0
1943,1452.92,11,1759,3,0,23.43,0
1944,2621.14,10,573,1,0,5.31,0
1945,6128.27,7,1135,1,1,2.62,0
1946,808.84,20,346,1,0,23.39,0
1947,822.3,7,2267,0,1,5.09,0
1948,8113.4,19,2458,2,1,21.59,0
1949,1257.93,23,2489,0,0,7.8,0
1950,380.63,9,2829,1,1,55.62,0
1951,1259.03,0,2697,2,0,10.15,0
1952,2456.55,9,842,1,0,66.61,0
1953,618.88,16,2486,3,0,7.08,0
1954,4090.49,16,773,1,0,20.19,0
1955,3331.27,23,1605,1,0,5.06,0
1956,2821.14,9,2647,1,1,16.48,0
1957,1257.39,1,981,3,1,30.83,0
1958,11987.75,15,1581,5,1,3.56,0
1959,5707.52,3,988,2,1,14.67,0
1960,1747.6,15,2614,2,0,27.3,0
1961,145.52,19,291,1,1,20.87,0
1962,9078.54,16,50,2,0,5.79,0
1963,375.59,11,1297,2,0,0.86,0
1964,722.84,4,1585,2,0,51.06,0
1965,857.25,18,1724,3,0,22.13,0
1966,639.49,11,2238,3,0,59.74,0
1967,7162.92,21,708,2,0,37.52,0
1968,825.07,15,299,5,0,17.46,0
1969,1287.1,0,2406,3,1,12.99,0
1970,2585.82,2,57,1,1,3.93,0
1971,9277.88,8,884,1,1,2.07,0
1972,2183.31,1,248,2,2,31.94,0
1973,3079.46,12,2076,4,0,23.63,0
1974,249.87,9,2575,0,1,8.48,0
1975,1410.86,22,2053,2,0,48.58,0
1976,3573.62,13,1735,5,1,31.88,0
1977,6919.06,22,1648,2,1,3.46,0
1978,237.42,2,2624,3,2,11.54,1
1979,563.63,17,2203,1,0,24.92,0
1980,4113.04,19,626,0,1,44.66,0
1981,3100.9,8,343,2,0,17.63,0
1982,2234.43,9,324,1,0,28.31,0
1983,239.09,16,833,2,0,30.81,0
1984,2491.84,4,2198,2,0,25.41,0
1985,7510.13,10,1601,4,0,12.0,1
1986,1540.71,18,2599,1,1,37.25,0
1987,3202.46,20,2790,3,1,18.39,0
1988,870.03,20,271,2,1,24.64,0
1989,7587.37,9,2862,2,0,35.0,0
1990,5588.94,13,2990,2,1,45.03,0
1991,1113.2,7,238,3,1,8.78,0
1992,1318.71,7,354,2,2,6.82,0
1993,214.27,13,476,4,1,16.02,0
1994,1834.95,14,2508,2,0,9.57,0
1995,2505.55,19,226,2,0,37.19,0
1996,3414.13,9,2729,1,1,13.61,0
1997,5282.97,23,2696,5,1,15.31,0
1998,3994.82,23,720,2,0,0.46,0
1999,2856.26,3,52,4,0,14.7,0
2000,2413.64,22,563,2,0,54.65,0
2001,179.45,22,47,5,2,12.17,0
2002,4516.93,5,2034,3,0,13.16,0
2003,1869.87,11,2143,1,1,17.39,0
2004,4792.02,16,2953,3,1,38.78,0
2005,917.58,8,684,3,0,18.68,0
2006,4091.03,11,520,3,0,0.82,0
2007,2026.74,23,1101,1,0,37.24,0
2008,6811.85,23,484,3,1,3.97,0
2009,796.8,0,1373,2,0,18.88,0
2010,653.99,13,1115,1,0,35.54,0
2011,4748.78,16,262,3,0,8.35,0
2012,1515.34,8,2918,0,0,2.75,0
2013,2826.74,18,2571,2,0,0.57,0
2014,10198.95,2,2033,2,0,27.88,0
2015,3473.87,14,2093,4,0,7.25,0
2016,3638.43,11,228,4,1,30.06,0
2017,2815.08,15,2322,2,0,23.28,0
2018,1568.93,5,1507,0,0,14.39,0
2019,5395.45,5,1045,3,0,24.78,0
2020,463.99,3,2351,0,0,24.44,0
2021,823.46,21,2961,2,1,14.59,0
2022,2019.41,3,936,3,0,3.39,0
2023,170.95,23,2085,2,3,30.93,0
2024,5144.86,0,181,0,0,18.33,0
2025,4299.5,0,1002,2,0,21.58,1
2026,1007.52,1,1933,4,0,54.36,0
2027,1578.2,11,1569,0,0,23.37,0
2028,2667.93,4,734,1,1,16.83,0
2029,0.93,1,2265,1,1,2.58,1
2030,4376.68,22,2686,0,1,45.11,0
2031,3851.59,13,920,1,1,11.0,0
2032,1353.56,10,1017,2,0,28.67,0
2033,3741.28,13,2951,5,0,13.98,0
2034,1126.63,10,1112,4,0,4.13,1
2035,339.54,2,2342,2,0,24.31,0
2036,2400.63,11,490,1,0,7.5,0
2037,6839.69,16,2758,4,1,7.44,0
2038,3114.82,1,735,1,0,31.58,0
2039,9606.34,7,2113,2,1,3.74,0
2040,423.95,1,1643,0,0,9.33,0
2041,2523.05,2,1906,2,0,6.63,1
2042,2811.76,9,1273,3,1,9.26,0
2043,212.96,10,354,3,0,25.68,0
2044,227.28,17,1871,2,0,20.56,0
2045,2500.9,0,1512,6,0,17.13,0
2046,4455.29,6,1195,1,0,4.15,0
2047,515.73,18,1245,2,1,14.9,0
2048,12668.86,23,2551,2,0,6.14,0
2049,7783.95,7,1901,2,0,24.71,0
2050,7145.89,11,2424,1,0,57.14,0
2051,101.56,15,801,2,1,6.42,0
2052,8148.26,23,2239,0,0,41.66,0
2053,2660.01,7,617,1,1,7.4,0
2054,750.27,0,1680,1,1,0.33,0
2055,848.15,0,955,3,1,25.16,0
2056,4524.06,17,1419,3,0,16.82,0
2057,503.74,20,2841,2,0,29.71,0
2058,1564.28,0,1373,0,0,8.44,0
2059,871.93,0,2693,2,0,6.42,0
2060,813.55,12,2979,4,0,2.23,0
2061,491.73,9,426,4,0,22.01,0
2062,3303.78,6,2171,2,0,42.66,0
2063,6459.29,7,1720,0,1,30.67,0
2064,5404.96,15,246,1,1,23.85,0
2065,3096.29,4,2915,3,1,15.57,0
2066,2543.67,8,382,1,0,46.14,0
2067,4100.42,1,949,1,0,5.33,0
2068,753.34,16,1692,1,0,14.43,0
2069,137.06,22,1526,1,1,20.84,0
2070,15047.32,14,348,3,0,15.54,0
2071,2111.63,18,392,2,1,23.27,0
2072,4162.63,16,547,3,0,8.44,0
2073,6774.14,20,1616,0,1,28.02,0
2074,2510.71,2,2425,5,1,19.3,0
2075,1710.15,18,256,0,0,12.3,0
2076,230.61,13,2714,1,0,13.68,0
2077,2545.19,4,970,3,0,16.97,0
2078,836.94,9,1070,7,0,0.07,0
2079,1497.37,10,1610,4,1,16.1,1
2080,4522.48,22,1337,2,0,3.08,0
2081,1522.3,10,1855,1,4,5.16,0
2082,3414.1,8,957,1,0,0.38,0
2083,6587.33,2,831,3,2,12.73,0
2084,3072.39,4,2395,1,0,13.95,0
2085,6736.0,3,637,2,1,31.29,0
2086,2448.34,3,674,2,0,8.89,0
2087,208.65,14,1909,1,0,47.15,0
2088,1640.55,10,1666,4,0,45.1,0
2089,5720.02,3,2196,4,0,18.13,0
2090,1791.67,11,851,1,1,11.99,0
2091,3335.21,14,1263,2,1,15.29,0
2092,173.55,14,1086,4,2,18.8,0
2093,1025.14,3,371,3,0,21.53,0
2094,421.43,5,2811,5,0,0.11,0
2095,8720.86,9,2887,1,0,8.3,0
2096,3813.43,22,2472,2,0,21.21,0
2097,1806.16,1,881,3,0,30.13,0
2098,3349.42,10,608,1,0,47.14,0
2099,305.74,2,2913,1,2,43.59,0
2100,2743.63,7,1458,3,1,8.94,0
2101,3980.17,12,2104,3,0,11.12,0
2102,1034.46,1,2774,3,2,17.59,1
2103,52.34,9,1066,1,2,7.59,0
2104,2095.38,5,128,3,0,0.07,0
2105,2682.58,12,1853,1,0,51.23,0
2106,110.57,17,2254,1,0,8.88,0
2107,3917.33,7,388,2,4,21.54,1
2108,3039.59,14,418,5,0,18.09,0
2109,4.28,4,498,4,0,15.8,0
2110,250.28,0,253,1,1,8.81,0
2111,179.24,7,536,3,0,8.03,1
2112,1484.31,6,1641,2,0,34.88,0
2113,4235.39,11,2812,2,0,13.71,0
2114,8924.27,20,2641,0,0,9.25,0
2115,2178.46,2,2386,2,1,33.75,0
2116,1598.47,18,1061,3,1,15.59,0
2117,1688.42,2,90,3,0,33.86,0
2118,3166.78,2,810,3,1,14.82,0
2119,1269.28,20,1817,2,1,7.78,0
2120,1760.6,4,377,2,1,33.11,0
2121,3246.63,10,502,3,0,1.57,0
2122,293.46,1,1889,6,0,5.41,0
2123,233.23,1,689,3,1,8.35,0
2124,762.67,18,1775,0,0,21.8,0
2125,3921.83,23,1618,1,0,1.57,0
2126,592.46,15,121,0,0,14.2,0
2127,2346.98,12,2799,2,0,45.86,0
2128,2142.35,13,708,2,0,9.62,0
2129,1140.86,11,880,0,0,1.31,0
2130,6526.17,5,1127,2,0,8.0,0
2131,1381.42,8,1827,2,0,11.82,0
2132,2022.45,4,142,5,0,35.26,0
2133,5420.95,19,2537,3,1,14.03,0
2134,1579.56,19,1007,3,1,35.73,0
2135,4263.34,20,1209,4,0,6.36,0
2136,8800.51,15,1688,2,1,7.75,1
2137,4321.29,17,1963,5,1,4.85,0
2138,4093.46,1,360,0,3,4.02,0
2139,3597.93,8,1569,3,1,11.73,0
2140,3176.42,4,1718,2,0,15.17,0
2141,3076.37,6,2633,5,0,17.22,0
2142,2238.97,16,1021,1,0,13.53,0
2143,602.46,20,2227,1,1,8.75,0
2144,1980.98,0,1567,3,0,40.59,0
2145,2795.16,22,1471,1,0,41.02,0
2146,1285.41,15,2231,3,0,16.18,0
2147,11263.44,15,1410,2,0,27.2,0
2148,2148.9,18,2058,1,0,12.11,0
2149,4213.86,10,1591,1,1,22.83,0
2150,3801.38,8,737,2,2,6.0,0
2151,2888.2,0,1307,1,0,18.71,1
2152,6488.3,19,898,1,0,27.64,0
2153,2360.32,0,1151,2,1,28.09,0
2154,1970.75,1,1933,1,1,37.58,0
2155,2579.66,16,1465,1,2,48.96,0
2156,2039.3,18,954,4,0,12.36,0
2157,1131.37,5,411,3,1,64.06,0
2158,884.38,7,2691,5,0,35.77,0
2159,7064.29,7,1092,3,1,3.87,0
2160,2840.26,17,230,1,1,25.34,0
2161,6888.81,7,2359,2,1,43.01,0
2162,2248.35,12,1454,2,2,17.62,0
2163,2390.33,5,722,3,0,8.34,0
2164,2070.11,7,2427,2,1,25.3,0
2165,2628.41,10,2858,0,2,16.86,0
2166,5282.68,11,2424,6,1,33.35,0
2167,1400.1,0,2882,1,0,15.72,0
2168,693.69,22,1441,1,0,0.5,0
2169,247.37,18,2309,1,0,58.95,0
2170,2555.56,4,2307,2,0,39.04,0
2171,113.83,6,2017,8,0,31.38,1
2172,3600.15,17,1266,4,1,9.88,0
2173,1122.3,5,2009,1,0,37.82,0
2174,721.33,1,370,3,1,24.72,0
2175,287.46,1,953,1,0,42.42,0
2176,2682.12,19,897,3,0,15.36,0
2177,2835.25,0,2157,1,1,4.27,0
2178,8217.8,15,3,2,0,19.03,0
2179,3439.25,10,2516,2,1,17.64,0
2180,668.15,6,535,0,0,22.25,0
2181,1208.12,10,2937,3,1,30.14,0
2182,933.21,5,1326,0,1,12.33,0
2183,536.71,1,90,0,0,17.08,0
2184,6252.19,4,2403,2,0,9.07,0
2185,618.92,22,581,0,2,22.17,0
2186,3095.45,3,2156,3,0,12.64,0
2187,7280.47,11,298,5,0,30.67,0
2188,1047.79,11,2886,3,1,1.9,0
2189,314.41,21,1621,5,0,6.03,0
2190,10244.78,18,414,0,0,4.56,0
2191,292.55,10,1237,1,0,40.39,0
2192,5029.1,10,559,5,0,35.11,0
2193,3767.53,5,3000,3,0,20.48,0
2194,1008.34,13,2619,2,1,4.27,0
2195,4868.03,15,2660,2,0,33.69,0
2196,5364.31,10,714,0,0,6.35,0
2197,2658.51,22,2302,2,1,50.03,0
2198,2240.8,22,2514,1,0,51.3,0
2199,94.81,11,915,1,0,18.1,0
2200,761.62,21,2413,2,1,21.11,0
2201,9496.94,5,1550,3,1,15.11,0
2202,1405.07,9,2821,4,1,23.03,0
2203,4746.07,9,522,2,0,17.79,0
2204,5929.53,5,2986,3,0,16.11,0
2205,5683.59,0,2876,2,1,19.63,0
2206,4110.73,18,1604,4,0,23.28,0
2207,2353.99,18,133,1,0,24.07,0
2208,2558.98,5,2468,1,0,5.04,0
2209,4411.11,10,2505,2,2,34.04,0
2210,3610.21,7,2620,6,0,27.57,0
2211,2114.24,18,427,4,1,6.67,0
2212,3015.67,15,577,7,0,35.77,1
2213,12.62,10,319,1,1,36.58,0
2214,11102.8,7,1421,2,0,0.45,0
2215,1578.78,10,688,1,0,26.99,0
2216,1833.38,20,364,1,0,2.21,0
2217,309.22,22,2745,4,0,50.29,0
2218,4047.21,20,2988,2,1,73.06,0
2219,1443.02,10,1830,0,1,9.92,0
2220,7700.66,0,1087,2,0,13.43,0
2221,2236.74,6,1023,0,0,44.53,0
2222,4419.12,22,278,2,2,29.43,0
2223,1124.18,11,1052,1,0,22.24,0
2224,1223.13,3,2951,2,2,9.45,0
2225,1478.27,0,198,3,0,23.06,0
2226,2034.32,12,1795,3,0,25.81,0
2227,4112.62,23,1719,0,0,15.27,0
2228,4732.67,5,1696,2,0,11.09,0
2229,2376.33,15,1552,2,1,34.08,0
2230,2760.61,11,2237,3,0,20.55,0
2231,184.58,12,416,1,0,27.58,0
2232,4503.81,15,2368,3,1,17.58,0
2233,1459.01,20,2815,0,1,43.19,0
2234,942.64,7,667,3,0,15.38,0
2235,671.85,14,302,1,0,33.15,0
2236,889.96,1,1208,2,1,36.8,0
2237,4556.64,0,1306,2,0,15.43,0
2238,4909.77,8,429,2,1,0.23,0
2239,10204.13,2,1401,3,0,7.91,0
2240,1334.99,5,1538,2,1,33.0,0
2241,2085.43,5,2999,3,1,26.24,0
2242,4592.9,2,2241,3,0,22.8,0
2243,3652.04,2,1385,1,1,9.23,0
2244,351.07,19,2514,1,0,35.0,0
2245,784.31,15,2886,0,1,30.86,0
2246,7648.48,0,1767,1,1,31.75,1
2247,479.25,20,676,0,1,6.58,0
2248,1970.96,19,1779,2,1,16.8,0
2249,6804.12,5,220,1,0,15.8,0
2250,1650.64,3,1357,2,0,7.86,0
2251,2249.32,6,779,2,0,6.76,0
2252,209.41,13,2856,2,0,4.18,0
2253,1372.4,17,2958,2,0,31.37,0
2254,471.45,23,2213,3,1,9.12,0
2255,2240.55,8,2706,3,1,17.22,0
2256,2784.41,9,1219,2,0,19.71,0
2257,239.53,7,393,4,1,0.6,0
2258,3323.68,1,1610,5,0,11.64,0
2259,5469.43,18,2252,1,2,59.62,0
2260,1894.34,15,630,3,2,17.72,0
2261,4530.07,1,1478,5,1,3.23,0
2262,3972.06,0,1752,2,0,10.89,0
2263,9670.79,2,1207,3,1,29.37,0
2264,4554.89,21,2561,3,0,20.82,0
2265,84.35,19,1968,0,0,15.18,0
2266,334.86,6,398,2,1,50.15,0
2267,3077.38,0,848,2,0,29.12,0
2268,370.73,5,2615,4,0,34.19,1
2269,1490.78,9,336,0,0,14.75,0
2270,1346.45,15,474,3,0,26.89,0
2271,9028.39,9,1629,0,0,25.95,0
2272,1985.9,15,2004,3,2,17.63,0
2273,3061.64,21,1086,2,0,41.44,0
2274,2218.47,2,2630,1,2,14.06,0
2275,1281.2,17,1588,2,0,6.68,0
2276,190.12,5,1520,1,1,24.07,0
2277,10870.07,12,1514,2,0,44.35,0
2278,56.71,5,1826,2,0,74.24,0
2279,3441.36,1,1079,0,1,46.07,0
2280,379.76,14,1905,2,1,15.8,0
2281,993.68,8,927,2,0,4.41,0
2282,3079.54,8,2312,2,0,20.21,0
2283,1620.46,1,620,2,1,23.54,0
2284,2305.87,22,2734,1,0,1.91,0
2285,834.82,3,352,3,2,10.52,0
2286,2859.13,21,1409,2,0,10.78,0
2287,1700.64,17,1696,2,0,8.18,0
2288,5595.04,18,932,1,1,13.73,0
2289,1384.93,17,250,2,0,8.14,0
2290,2840.28,12,2141,0,0,0.45,0
2291,5036.61,13,2194,2,0,39.49,0
2292,5293.79,21,1945,1,2,7.33,1
2293,1313.01,18,966,1,0,8.72,0
2294,1005.55,15,1225,0,1,14.08,0
2295,6855.37,2,1618,2,1,58.01,0
2296,4440.6,22,143,3,1,5.09,0
2297,3682.72,16,2340,1,1,12.77,0
2298,394.05,16,2341,3,1,10.8,0
2299,1689.9,21,2541,0,1,5.53,0
2300,799.71,4,493,1,0,6.61,0
2301,799.2,14,709,0,0,28.74,0
2302,28.89,5,868,3,0,33.39,0
2303,1319.06,6,517,5,1,0.24,0
2304,8571.97,1,1735,1,0,47.76,0
2305,192.16,2,2799,0,0,36.0,1
2306,9474.16,13,828,3,0,22.72,0
2307,2026.82,20,606,1,1,6.62,0
2308,1148.07,19,1057,3,2,25.78,0
2309,3415.57,10,2979,0,1,3.48,0
2310,7005.53,2,357,0,0,12.01,0
2311,1506.79,12,2279,2,0,15.99,0
2312,337.37,12,2262,1,1,10.65,0
2313,169.58,10,1132,3,1,12.5,0
2314,4218.6,16,1877,2,2,4.2,0
2315,10011.23,0,2869,3,0,16.76,0
2316,2559.32,19,2407,1,1,2.38,0
2317,1378.1,16,1719,4,1,14.48,0
2318,2323.65,3,1698,3,0,11.17,1
2319,3075.1,4,608,0,1,18.67,0
2320,1732.7,18,2409,2,1,12.98,0
2321,1958.04,18,411,3,0,49.35,0
2322,4288.01,3,2305,4,0,21.82,0
2323,6269.83,3,1172,1,1,25.4,0
2324,5202.51,17,1409,3,1,5.39,0
2325,1938.65,13,1082,3,1,26.45,0
2326,2126.47,12,2683,2,2,24.07,0
2327,4007.1,15,2344,4,1,21.68,0
2328,3700.26,19,1938,0,1,7.4,0
2329,1600.83,1,706,1,3,0.29,0
2330,3147.18,8,1651,5,1,27.92,0
2331,174.52,4,2533,2,2,28.4,0
2332,1397.68,19,2789,0,1,4.11,0
2333,1305.33,22,1646,2,1,6.34,0
2334,1432.3,1,1622,1,0,19.72,0
2335,521.13,10,2829,1,0,17.92,0
2336,1654.49,7,202,7,0,17.59,0
2337,15865.09,23,1947,3,0,30.98,0
2338,6220.9,8,1526,3,0,16.6,0
2339,1090.22,0,1384,0,0,3.69,0
2340,3237.48,9,1274,3,0,38.92,0
2341,3754.15,8,2014,0,0,28.54,0
2342,5010.92,22,2806,4,0,37.18,0
2343,3548.22,3,934,2,2,45.25,0
2344,6290.59,4,1231,0,0,8.17,0
2345,1010.99,23,1815,0,0,1.89,0
2346,1376.6,10,1104,2,0,24.98,0
2347,4392.5,23,1708,4,2,29.5,0
2348,2397.77,19,2645,2,0,21.2,0
2349,3500.03,2,770,2,0,3.7,0
2350,5346.4,14,866,2,1,43.59,0
2351,776.96,13,1985,1,1,21.19,0
2352,545.87,16,1532,1,0,3.71,0
2353,62.63,1,2111,0,0,0.8,0
2354,383.11,5,269,1,0,20.65,0
2355,1867.53,9,2907,1,0,35.93,0
2356,1574.87,16,1653,1,1,0.24,0
2357,3221.97,4,2148,1,1,51.09,0
2358,3465.98,18,119,1,0,8.93,0
2359,3813.3,5,790,2,0,18.3,0
2360,10980.55,6,237,1,1,37.64,0
2361,1854.42,7,136,2,1,29.73,0
2362,561.64,14,208,3,1,41.57,0
2363,1354.76,11,2887,2,2,5.46,0
2364,4539.13,6,1123,1,0,2.67,0
2365,565.56,11,1902,0,1,30.62,0
2366,1475.07,16,1626,3,0,15.31,0
2367,1894.37,20,508,7,0,20.22,0
2368,195.63,21,126,1,0,22.46,0
2369,411.17,7,1526,0,1,8.78,0
2370,8526.19,15,2434,1,1,1.13,0
2371,3031.82,14,728,4,1,15.83,0
2372,4306.94,15,2404,1,1,26.1,0
2373,9416.04,17,1433,1,0,17.71,0
2374,5262.99,11,670,0,1,42.12,0
2375,2670.72,8,2822,0,0,38.66,0
2376,10248.69,2,1168,5,2,15.89,1
2377,2729.43,0,1584,2,0,13.69,0
2378,8477.8,1,668,1,1,13.88,1
2379,1384.22,18,878,3,0,0.55,0
2380,1750.34,7,2652,1,0,23.82,0
2381,3269.37,7,2776,0,1,28.61,0
2382,2075.82,6,1103,0,1,8.16,0
2383,1405.21,20,1678,2,0,17.2,0
2384,1719.52,16,83,3,0,17.47,0
2385,2573.43,21,37,5,0,35.58,0
2386,6418.07,15,542,1,1,0.4,0
2387,13687.28,20,710,0,0,22.76,0
2388,3965.06,19,35,3,0,0.83,0
2389,1586.88,7,1034,5,1,1.0,0
2390,1209.4,19,1252,3,0,8.83,0
2391,2195.64,22,2906,1,0,24.68,0
2392,2147.16,20,1128,2,1,4.6,0
2393,2070.5,13,1543,3,0,50.01,0
2394,15436.17,11,1881,0,0,57.24,0
2395,8169.34,8,894,2,0,31.56,0
2396,2122.0,14,1238,1,0,31.05,0
2397,523.88,21,2133,3,0,38.41,0
2398,5299.48,19,1627,2,1,6.02,0
2399,514.47,18,420,1,1,3.52,0
2400,324.14,0,2096,2,1,9.64,0
2401,2269.46,21,1533,2,0,25.5,0
2402,7325.04,17,2652,1,1,42.19,0
2403,2000.16,19,2495,2,0,10.0,0
2404,3755.32,9,1223,2,0,25.57,0
2405,5366.93,21,443,3,1,15.95,0
2406,3529.36,15,262,1,2,17.93,0
2407,5482.27,10,1133,3,1,6.06,0
2408,2834.12,20,1332,6,0,16.59,0
2409,10145.25,8,1070,3,1,21.37,0
2410,1891.83,20,2913,3,0,3.89,0
2411,1521.57,20,1224,2,1,6.02,0
2412,138.47,6,615,1,2,33.11,0
2413,3608.87,16,985,2,1,12.45,0
2414,5642.4,1,2458,5,0,11.32,0
2415,1472.75,12,2706,2,1,6.38,0
2416,155.81,10,2789,2,1,6.24,0
2417,965.07,4,2955,2,0,22.23,0
2418,4649.39,0,2685,3,0,0.3,0
2419,4148.16,15,1211,2,0,27.86,0
2420,1921.19,8,1715,1,2,26.8,0
2421,8195.33,12,1591,6,0,28.42,0
2422,11450.11,23,145,3,0,21.6,0
2423,12766.73,18,2901,1,1,14.72,0
2424,910.58,18,778,0,0,0.65,0
2425,9231.22,10,2976,1,2,32.1,0
2426,3087.03,22,911,2,1,25.69,0
2427,122.99,21,2190,2,3,32.78,0
2428,2983.52,20,1949,3,0,22.07,0
2429,1457.81,21,1469,1,1,18.03,0
2430,181.25,16,1230,1,0,4.58,0
2431,4724.85,5,2694,0,0,4.03,0
2432,7207.18,17,742,0,1,20.32,0
2433,15.24,9,400,2,1,40.81,0
2434,293.16,15,525,2,0,1.5,0
2435,3301.18,23,1060,2,0,12.22,0
2436,1964.85,23,2290,0,0,29.54,0
2437,4543.21,5,2785,1,0,42.37,0
2438,1313.14,10,2681,4,1,35.31,0
2439,1309.65,2,911,2,1,14.98,0
2440,741.04,11,915,3,0,31.49,0
2441,300.0,23,1258,4,1,24.8,0
2442,6790.06,13,1358,3,1,15.01,0
2443,3036.99,11,1068,1,0,8.88,0
2444,714.34,18,1205,2,0,8.62,0
2445,3654.86,14,483,4,0,19.25,0
2446,1405.72,15,220,3,0,19.81,0
2447,1480.9,20,2391,0,1,0.06,0
2448,4871.62,18,2543,1,0,1.93,0
2449,4281.94,2,1935,3,0,31.4,0
2450,241.75,6,2050,0,0,33.92,1
2451,784.38,3,2789,1,0,18.86,0
2452,1273.15,12,2171,2,0,32.89,1
2453,8044.16,9,1693,3,0,26.14,0
2454,77.31,1,618,2,0,49.88,0
2455,442.06,4,821,1,0,2.15,1
2456,10543.27,10,1677,4,0,6.1,0
2457,2983.18,18,1875,3,0,4.2,0
2458,1770.81,4,1296,2,1,10.5,0
2459,313.62,22,739,3,2,28.29,0
2460,4812.79,2,1998,1,0,30.5,0
2461,3248.35,10,2585,1,1,21.51,0
2462,1846.4,5,1284,1,0,7.73,0
2463,2940.89,20,238,2,0,3.9,0
2464,595.54,0,1852,2,0,28.14,0
2465,11694.46,8,858,5,0,11.46,0
2466,1091.51,5,2361,2,3,44.97,0
2467,2456.15,5,2006,0,0,27.21,0
2468,7686.91,2,531,2,0,8.41,0
2469,928.35,19,1777,1,0,28.36,0
2470,2420.67,20,1759,0,2,10.03,0
2471,213.75,12,1758,3,0,5.64,0
2472,164.42,15,1571,3,4,7.93,0
2473,632.73,0,155,4,2,24.49,0
2474,67.41,17,817,2,0,24.42,0
2475,9184.5,23,1529,3,1,15.97,0
2476,6157.75,0,1320,2,0,18.23,0
2477,4196.15,16,781,2,0,11.24,0
2478,1347.21,0,2772,1,0,14.57,0
2479,1972.71,0,2567,1,2,15.56,0
2480,15694.35,23,1020,2,1,7.76,0
2481,1568.66,7,2841,2,0,9.38,0
2482,6412.5,11,1279,0,1,9.82,0
2483,2046.64,4,421,1,0,6.18,0
2484,2462.97,12,2062,0,0,28.62,0
2485,10099.6,18,1254,4,0,22.53,0
2486,17014.01,5,268,3,0,27.13,0
2487,1198.19,1,1222,4,1,2.69,0
2488,2714.98,9,1868,2,0,5.26,0
2489,10828.52,23,2132,0,3,13.03,1
2490,762.15,19,2147,1,0,23.76,0
2491,1012.28,10,1777,0,1,20.85,0
2492,2139.3,21,549,4,2,27.48,0
2493,668.11,10,2008,3,0,11.51,0
2494,5574.78,11,772,3,0,0.49,0
2495,3932.85,5,1653,2,1,0.46,0
2496,4071.02,0,936,3,1,35.9,0
2497,3974.08,7,2979,1,1,23.17,0
2498,1790.44,4,866,2,2,43.72,0
2499,4396.81,23,90,1,1,48.99,0
2500,950.37,18,2067,1,0,26.27,0
2501,2520.51,5,505,0,0,26.58,0
2502,1003.17,11,2913,2,1,29.08,0
2503,400.09,20,154,2,0,44.14,0
2504,269.09,12,2623,2,1,7.48,0
2505,3714.7,8,2191,3,0,7.14,0
2506,2213.08,19,200,1,0,15.04,0
2507,1739.63,19,197,2,0,9.68,0
2508,3779.45,21,443,3,0,1.72,0
2509,1559.35,20,81,0,1,10.66,0
2510,495.54,1,2826,0,0,7.6,0
2511,1244.01,3,1708,0,2,15.93,0
2512,8080.31,14,1558,3,0,11.57,0
2513,7379.76,3,2242,2,0,11.97,0
2514,3.0,8,1944,5,1,45.95,0
2515,3440.95,22,628,1,0,29.5,0
2516,1600.7,6,2848,3,0,21.08,0
2517,2408.08,21,2582,2,1,43.62,0
2518,993.41,0,1234,2,0,54.46,0
2519,20242.17,13,2711,1,0,21.17,0
2520,32.39,3,2714,4,0,24.33,0
2521,1237.45,16,1106,1,0,3.92,0
2522,1377.83,19,2481,1,0,5.27,0
2523,11444.41,22,562,3,0,10.71,0
2524,3807.24,13,430,3,2,2.99,0
2525,4202.22,16,2945,1,0,10.85,0
2526,18494.39,19,483,3,0,5.12,0
2527,3614.98,9,467,3,1,14.11,0
2528,568.96,3,2039,3,1,11.69,0
2529,4973.43,6,2495,1,0,38.97,0
2530,1611.52,6,1078,0,1,37.42,0
2531,2666.21,16,827,1,0,0.25,0
2532,2269.92,11,2882,3,1,0.73,0
2533,1057.83,13,1210,2,0,4.52,0
2534,6108.21,5,162,2,0,52.74,0
2535,2757.11,17,2034,2,0,38.58,0
2536,680.42,6,2819,3,2,39.97,0
2537,7701.19,15,1355,0,0,30.63,0
2538,1437.24,7,12,0,0,7.24,1
2539,1578.56,0,2752,2,1,47.69,0
2540,1231.66,2,453,3,0,32.78,1
2541,2416.69,18,2741,1,0,18.87,0
2542,2041.15,15,611,1,1,13.8,0
2543,4378.86,2,2096,3,0,14.86,0
2544,3532.02,2,2964,2,0,34.65,0
2545,1811.86,23,415,7,0,20.63,0
2546,714.94,8,2640,2,3,15.92,0
2547,1393.45,7,1871,1,1,18.59,0
2548,2192.66,9,1082,2,1,51.98,1
2549,2413.62,14,206,2,1,15.58,0
2550,186.91,3,716,3,1,5.5,0
2551,223.36,1,1191,2,1,15.97,0
2552,654.58,11,2773,4,2,10.69,0
2553,2069.9,10,1745,3,1,24.8,0
2554,5257.11,23,475,3,0,11.02,0
2555,1472.19,3,188,3,2,2.49,0
2556,200.36,0,567,2,0,16.53,0
2557,9286.9,21,2651,3,2,28.88,0
2558,2905.46,5,1347,1,0,27.12,0
2559,905.87,11,1793,1,0,0.33,0
2560,4347.62,19,1099,1,0,14.78,0
2561,12131.33,23,381,3,0,2.59,0
2562,4095.72,11,1404,3,0,20.87,0
2563,419.38,5,467,0,0,21.63,0
2564,6126.24,12,1640,2,1,1.1,0
2565,5544.35,14,1114,1,2,35.22,0
2566,195.69,12,2826,3,1,21.87,0
2567,818.48,15,1728,3,1,22.12,0
2568,1717.25,20,684,2,0,16.12,0
2569,2213.99,3,543,3,3,85.27,1
2570,3508.61,22,2976,2,1,21.77,0
2571,3569.8,1,653,3,2,8.81,0
2572,6620.74,3,1705,2,0,11.13,0
2573,1664.42,18,1978,3,1,33.77,0
2574,143.84,18,2779,1,0,14.66,0
2575,611.91,14,743,2,2,4.5,0
2576,100.24,19,1556,1,0,30.16,0
2577,4062.21,11,2505,3,0,38.85,0
2578,1460.47,0,2804,1,0,8.93,0
2579,4617.57,23,536,0,1,14.52,0
2580,138.94,15,2000,2,0,23.9,0
2581,5857.43,3,1685,1,0,23.12,0
2582,4088.68,14,189,2,2,44.79,0
2583,4106.71,2,1072,3,1,15.51,0
2584,1901.39,20,1288,3,0,51.07,0
2585,1597.47,0,2886,2,1,14.21,1
2586,2097.1,21,2150,4,1,17.5,0
2587,2728.04,23,2362,3,0,32.22,0
2588,6420.06,23,2315,5,1,13.88,0
2589,1205.81,7,2744,1,0,19.13,0
2590,2433.92,10,2127,1,1,16.78,0
2591,3311.15,16,2820,1,1,0.59,0
2592,1164.43,22,2533,2,1,3.89,0
2593,7763.67,3,1773,1,1,12.09,0
2594,1841.91,21,2977,2,1,30.01,0
2595,4582.25,7,1974,1,0,11.11,0
2596,13468.03,11,2719,0,0,42.36,0
2597,1455.33,21,2628,0,1,4.36,0
2598,3321.27,12,609,3,0,3.69,0
2599,3699.11,17,2511,0,0,47.3,0
2600,1395.07,1,48,2,2,39.59,0
2601,2005.46,20,643,1,0,28.3,0
2602,640.11,16,1923,1,0,37.02,0
2603,5371.9,15,678,2,2,21.6,0
2604,3163.09,2,2014,1,0,34.65,0
2605,13914.97,10,987,4,0,4.85,0
2606,4723.15,10,1140,3,0,31.68,0
2607,4950.96,1,2077,2,1,56.21,1
2608,8881.5,7,2255,4,1,6.36,0
2609,2724.88,20,1551,2,0,22.02,0
2610,4637.69,12,963,1,0,39.23,0
2611,83.0,2,1881,2,0,24.29,0
2612,887.67,14,2348,4,1,7.8,0
2613,3700.54,14,361,2,1,8.44,0
2614,3789.81,15,1832,1,0,17.21,0
2615,1172.68,10,487,1,1,0.43,0
2616,2809.96,15,2677,3,0,22.81,0
2617,4270.36,0,421,2,1,38.05,0
2618,4258.17,12,1689,0,0,4.13,0
2619,11928.82,1,2283,1,0,18.79,0
2620,358.95,17,1,3,0,35.65,0
2621,7976.22,2,2475,4,1,22.58,0
2622,2151.06,19,2612,0,0,4.35,0
2623,1614.53,9,2083,3,0,6.28,0
2624,2503.67,17,848,1,0,31.21,0
2625,787.26,20,2751,3,0,4.9,0
2626,5476.29,14,1397,4,0,11.68,0
2627,7528.24,11,223,3,1,62.23,0
2628,4738.74,7,1862,3,1,15.51,0
2629,7837.21,10,2295,2,0,1.63,0
2630,2819.03,19,2458,3,0,33.47,0
2631,934.85,15,2936,2,1,15.59,0
2632,5889.09,21,1489,5,0,8.6,0
2633,1753.08,22,1854,1,0,8.16,0
2634,1977.46,3,400,1,0,4.2,0
2635,160.3,21,909,3,0,34.19,0
2636,5854.32,0,1399,2,0,6.32,0
2637,4611.3,11,2596,2,0,46.29,0
2638,1557.31,9,2244,0,0,28.41,0
2639,1701.91,16,1532,1,0,48.78,0
2640,614.5,22,436,1,0,3.29,0
2641,15571.18,1,673,3,2,34.47,1
2642,4352.03,15,576,1,3,0.12,0
2643,2616.89,22,2956,1,0,4.11,0
2644,53.87,13,439,2,1,19.16,0
2645,4493.25,8,2503,1,2,2.8,0
2646,1579.74,6,769,3,0,14.52,0
2647,139.78,3,1610,4,0,13.18,0
2648,528.92,6,1873,0,0,5.94,0
2649,2820.27,6,2936,5,0,9.81,0
2650,1270.31,10,442,3,1,14.98,0
2651,268.61,13,191,1,0,6.05,0
2652,3507.18,20,2754,2,0,32.04,0
2653,3111.76,18,505,3,0,7.7,0
2654,1725.36,14,1874,3,1,1.57,0
2655,8019.77,21,2414,7,0,13.7,0
2656,293.54,16,552,1,0,19.1,0
2657,643.91,15,18,1,0,45.41,0
2658,700.6,16,199,2,0,40.24,0
2659,552.15,17,1773,2,0,12.83,0
2660,1418.51,18,1979,0,0,35.63,0
2661,1015.43,16,726,1,0,10.02,0
2662,954.63,22,2370,2,0,4.63,0
2663,2133.96,5,2993,3,3,14.05,0
2664,11861.13,4,425,3,3,1.14,0
2665,2271.89,12,2694,2,0,3.5,0
2666,347.42,19,2483,3,0,15.75,0
2667,705.15,10,2065,0,2,15.03,0
2668,2109.77,12,1715,2,0,22.04,0
2669,112.32,19,2837,1,1,4.17,0
2670,1909.16,7,1121,3,0,3.5,0
2671,2579.87,12,1405,4,0,0.61,0
2672,8037.5,9,1855,2,0,40.97,0
2673,2873.66,4,566,0,2,50.73,0
2674,6735.6,13,2468,0,0,7.18,0
2675,3502.86,22,2099,0,0,1.44,0
2676,163.28,9,2874,3,2,28.54,0
2677,2768.56,17,1286,2,0,11.17,0
2678,3128.92,22,2268,3,0,18.11,0
2679,448.25,20,891,2,0,62.64,0
2680,10206.38,6,859,4,2,19.55,0
2681,1221.62,19,2927,3,1,18.52,0
2682,902.0,9,2813,1,2,15.13,0
2683,1882.75,11,2755,3,0,57.58,0
2684,215.93,4,2910,1,0,17.93,0
2685,1087.41,20,729,2,1,35.74,0
2686,7660.64,16,2223,2,1,15.08,0
2687,7504.85,22,2609,1,1,15.41,0
2688,478.69,10,2910,6,0,15.64,0
2689,14775.01,3,1443,1,0,45.88,0
2690,2450.07,17,1968,3,0,33.66,0
2691,6554.01,18,2338,1,0,32.0,0
2692,3013.95,21,2909,1,0,13.45,0
2693,504.76,13,2762,0,1,29.33,0
2694,3987.99,23,2187,2,0,26.42,0
2695,11106.8,9,1731,7,0,13.42,0
2696,2124.63,0,2142,3,1,16.6,0
2697,3533.99,3,104,2,0,4.83,0
2698,4912.38,12,596,1,1,2.59,0
2699,2378.37,1,2746,3,1,8.52,0
2700,1129.15,1,819,3,1,11.99,0
2701,2405.77,8,660,1,0,23.29,0
2702,5238.39,9,2800,0,0,5.18,0
2703,2956.36,8,600,1,1,19.15,0
2704,5616.86,1,2829,3,1,51.56,0
2705,735.34,9,836,0,0,15.74,0
2706,4321.49,17,133,2,4,12.73,0
2707,9417.11,11,1854,0,0,20.98,0
2708,2572.43,3,2524,4,0,14.11,0
2709,980.22,21,2302,2,1,34.03,0
2710,875.2,7,2651,0,0,16.4,0
2711,59.17,17,1593,2,0,24.47,0
2712,225.84,7,2093,5,0,10.66,0
2713,7276.74,22,1179,0,1,59.63,0
2714,180.78,22,2722,2,0,7.95,0
2715,2212.16,1,1563,1,1,2.63,1
2716,489.87,12,1707,2,1,19.14,0
2717,2166.17,21,1281,5,2,54.67,0
2718,581.07,17,221,2,0,1.01,0
2719,249.18,0,1030,1,0,3.19,0
2720,10990.64,6,2542,3,1,46.92,0
2721,2480.19,14,924,2,0,18.24,0
2722,2922.17,20,2887,2,1,9.37,0
2723,2564.15,22,2653,0,0,16.71,0
2724,1101.08,11,2411,1,0,11.22,0
2725,1097.51,17,2472,1,0,22.87,0
2726,1341.02,6,2970,3,2,11.39,0
2727,65.63,6,1205,3,0,36.36,0
2728,85.79,14,727,4,0,34.23,0
2729,12438.8,21,306,5,0,13.7,0
2730,348.85,5,712,2,1,27.0,0
2731,677.92,23,2105,1,0,37.85,0
2732,34.0,3,1546,4,0,8.1,0
2733,4666.58,1,1756,0,0,17.43,1
2734,1338.29,8,2280,3,0,19.88,0
2735,6283.62,8,533,2,2,12.41,0
2736,2678.0,5,2393,1,0,14.87,0
2737,697.8,8,24,1,1,5.47,0
2738,4084.29,10,1911,1,0,31.12,0
2739,1114.77,22,635,1,1,2.72,0
2740,1589.72,1,630,4,1,20.12,0
2741,8861.63,10,2445,6,0,25.12,0
2742,435.32,1,2562,1,2,2.02,0
2743,7003.46,19,2712,3,0,15.28,0
2744,3475.81,9,2010,0,0,57.43,0
2745,636.0,18,2254,3,1,12.01,0
2746,8325.16,11,299,1,0,20.07,0
2747,1565.47,22,1302,0,1,8.92,0
2748,1823.55,16,901,3,0,10.9,0
2749,5500.11,5,2133,0,0,55.69,0
2750,4102.07,2,2070,2,1,31.43,0
2751,2408.18,5,1704,2,0,29.11,0
2752,5343.43,17,2200,2,1,1.39,0
2753,3850.94,12,377,2,0,23.72,0
2754,1277.81,11,907,4,0,28.35,1
2755,17520.89,6,2718,0,0,2.76,0
2756,2805.11,10,1357,1,0,26.9,0
2757,2451.3,11,1203,4,0,21.51,0
2758,1116.48,6,2533,1,0,18.98,0
2759,2191.66,16,1946,2,0,8.69,0
2760,3914.27,17,2660,0,1,33.93,0
2761,430.58,0,470,5,0,22.55,1
2762,1369.78,21,1418,2,0,10.62,0
2763,10045.64,14,985,2,0,12.61,0
2764,3794.65,20,2514,3,1,10.35,0
2765,4533.75,19,999,4,1,9.33,0
2766,5257.9,1,2796,0,1,27.26,0
2767,3527.9,10,1563,2,1,41.2,0
2768,664.41,3,1581,1,1,18.35,0
2769,663.92,8,2213,0,0,18.61,0
2770,147.25,23,1159,2,0,0.18,0
2771,351.64,0,2118,2,0,26.58,0
2772,5899.41,11,2107,0,2,31.25,0
2773,2354.57,16,1826,2,0,7.03,0
2774,393.36,15,180,2,1,17.36,0
2775,366.02,9,2669,1,1,37.46,0
2776,58.19,6,1313,1,1,13.42,0
2777,1686.32,16,338,1,1,20.15,0
2778,53.13,3,686,3,0,11.01,1
2779,2818.97,17,2185,9,0,42.2,0
2780,1520.75,0,2568,2,2,14.11,0
2781,142.73,2,864,0,0,19.72,0
2782,622.84,21,2579,7,0,38.03,1
2783,26.16,6,2808,2,1,14.65,0
2784,12400.55,13,426,1,2,17.08,0
2785,3123.24,6,2203,2,0,1.92,0
2786,525.07,22,1783,1,2,24.65,0
2787,1339.28,20,296,3,0,45.45,0
2788,3665.75,23,2811,2,0,11.27,0
2789,798.51,4,98,4,0,9.43,0
2790,2185.06,14,2937,3,2,5.15,0
2791,4186.1,10,156,2,2,1.91,0
2792,2039.0,2,301,2,0,27.59,0
2793,4389.28,1,730,2,2,24.87,0
2794,1846.43,8,2286,2,0,14.42,0
2795,1037.54,2,2356,2,1,3.58,0
2796,148.62,7,1060,2,0,12.24,1
2797,5488.8,13,1590,1,0,12.62,0
2798,1316.64,14,2582,5,0,25.02,0
2799,3690.54,12,1774,1,0,15.34,0
2800,67.02,10,70,5,0,22.1,0
2801,3683.25,12,2758,2,0,5.08,0
2802,3632.63,3,2191,2,0,15.83,0
2803,526.93,0,2628,0,0,1.84,0
2804,33.91,23,2533,1,0,6.12,0
2805,2523.55,2,2399,0,0,4.09,0
2806,1164.66,1,2871,3,0,11.34,0
2807,1351.72,2,1466,5,0,39.2,0
2808,1051.29,16,435,4,0,8.87,0
2809,88.88,9,2810,3,0,17.31,0
2810,3163.15,9,2485,5,0,50.67,0
2811,603.88,2,1154,3,0,19.82,0
2812,9840.68,14,1563,1,0,3.93,0
2813,2960.76,12,2707,1,1,10.18,0
2814,182.88,0,1942,4,0,20.48,0
2815,274.24,5,2186,1,1,35.62,0
2816,835.84,7,559,3,1,41.37,0
2817,1734.64,23,1602,4,1,18.9,0
2818,150.37,17,1209,2,2,7.43,0
2819,4370.3,20,591,1,0,28.04,0
2820,5085.97,9,2775,3,1,24.26,0
2821,3277.83,23,2654,5,2,15.24,0
2822,4932.27,11,46,5,1,6.72,0
2823,3084.68,17,2274,2,1,8.32,0
2824,2777.64,4,505,3,0,10.97,0
2825,3262.98,1,21,2,0,53.28,0
2826,4527.06,18,2444,2,0,6.41,0
2827,2983.12,12,2201,4,2,12.84,0
2828,4786.7,17,349,2,1,7.05,0
2829,4866.08,9,861,1,0,43.59,0
2830,170.67,23,2974,6,0,17.77,0
2831,3875.14,11,868,4,0,11.29,0
2832,2645.21,13,2646,1,1,16.34,0
2833,1848.18,16,584,1,1,32.6,0
2834,7602.61,5,754,1,1,1.29,1
2835,6139.82,7,2527,1,0,6.33,0
2836,2878.68,8,796,2,1,33.62,0
2837,2029.69,3,743,3,0,20.55,0
2838,2831.16,21,2324,2,1,35.75,0
2839,257.7,1,2249,1,0,5.56,0
2840,7988.06,14,2641,5,3,24.58,0
2841,4516.45,17,300,1,0,15.02,0
2842,5496.63,9,2752,0,0,26.21,0
2843,1291.66,2,1027,1,0,28.29,0
2844,1061.36,3,809,1,1,19.45,0
2845,2760.09,23,2379,5,1,25.74,0
2846,3592.73,15,1356,1,0,48.09,0
2847,676.57,11,526,2,0,23.09,0
2848,763.19,21,2685,0,1,22.09,0
2849,145.98,7,410,3,0,26.19,0
2850,1569.42,9,2538,3,0,22.18,0
2851,917.8,2,793,2,0,14.11,1
2852,256.1,10,1991,0,1,32.4,0
2853,1488.15,14,1345,2,0,1.16,0
2854,6357.21,19,2701,1,1,6.73,0
2855,874.73,9,2841,1,1,25.21,0
2856,2237.03,18,625,0,0,22.56,0
2857,606.8,18,2322,1,1,23.75,0
2858,7668.49,11,1296,2,0,6.07,0
2859,5932.61,13,691,0,1,45.78,0
2860,147.61,0,1283,2,2,33.23,0
2861,46.02,7,908,4,0,16.43,0
2862,8127.67,22,2625,4,0,28.93,0
2863,1612.71,13,1134,7,0,14.87,1
2864,367.56,11,551,1,1,39.61,0
2865,990.91,21,1359,3,0,15.87,0
2866,2967.02,15,1896,0,0,17.8,0
2867,804.7,14,1470,3,0,35.92,0
2868,2864.5,9,1995,1,2,52.76,0
2869,4416.2,17,446,3,2,2.34,0
2870,906.7,5,2645,0,0,30.62,0
2871,993.87,19,336,1,3,12.03,1
2872,13194.27,8,574,4,1,3.89,0
2873,296.69,17,805,2,1,25.45,0
2874,1837.85,8,2567,1,1,7.96,0
2875,3242.87,2,2980,2,0,55.82,0
2876,2046.74,2,77,2,2,43.93,1
2877,2317.26,16,2588,1,0,29.36,0
2878,2242.98,0,2384,1,1,55.28,0
2879,481.0,18,1660,4,1,17.65,0
2880,2077.45,18,872,2,0,4.13,0
2881,163.96,1,2260,5,0,29.57,0
2882,804.85,8,2227,1,2,1.96,0
2883,1455.07,17,1934,3,2,39.92,0
2884,1234.43,20,609,1,2,21.22,0
2885,2478.14,11,1608,4,0,51.58,0
2886,3421.61,7,2416,2,1,0.73,0
2887,3748.66,23,1192,4,1,29.13,0
2888,9131.71,4,1904,2,0,23.09,0
2889,1342.85,16,2091,3,0,26.61,0
2890,5404.35,2,1626,3,0,0.9,0
2891,1828.92,11,2057,0,0,44.43,0
2892,3232.43,0,2715,3,0,3.46,0
2893,2830.86,7,2516,3,1,8.47,0
2894,5738.69,21,680,5,0,23.59,0
2895,4076.93,16,575,3,1,41.36,0
2896,6504.73,14,653,3,0,11.41,0
2897,1726.44,5,2320,2,1,8.08,0
2898,1925.69,18,2701,3,1,10.0,0
2899,1190.49,4,2999,1,1,14.93,0
2900,2124.49,15,1470,0,2,18.5,0
2901,2601.32,1,897,3,3,15.36,0
2902,4466.45,15,950,0,0,14.01,0
2903,6236.21,2,1083,1,0,25.5,0
2904,299.47,11,959,0,0,11.58,0
2905,1189.34,1,2739,1,4,44.43,1
2906,1130.7,6,2122,0,0,2.95,0
2907,711.58,11,1590,0,1,0.1,0
2908,1917.02,15,1863,3,0,52.93,0
2909,371.28,1,164,4,1,24.85,0
2910,1277.63,20,1328,3,0,21.56,0
2911,1316.29,3,2883,3,0,3.92,0
2912,6951.38,16,2596,1,0,29.59,0
2913,4314.94,8,1079,5,1,34.79,0
2914,4394.13,18,2230,2,0,33.07,0
2915,753.13,18,713,3,0,1.32,0
2916,1475.34,12,2678,3,1,1.98,0
2917,268.25,12,1497,1,0,12.39,0
2918,4026.62,18,2677,0,0,9.12,0
2919,2.98,2,2117,2,1,35.56,0
2920,843.7,8,1542,1,2,1.68,0
2921,12980.33,7,2116,3,1,10.8,1
2922,2359.99,12,1446,2,1,15.32,0
2923,6994.95,11,1995,3,0,9.26,0
2924,1047.53,15,2475,3,2,5.3,0
2925,1178.21,0,2056,3,1,54.6,0
2926,2337.25,4,1802,2,1,18.72,0
2927,297.9,5,943,3,0,33.16,0
2928,3511.18,2,2108,2,1,15.35,0
2929,849.5,20,1151,3,1,26.18,0
2930,10709.78,6,616,4,1,6.08,0
2931,2451.1,5,645,1,0,17.24,0
2932,3163.66,11,2466,1,1,39.53,0
2933,1185.24,22,485,1,0,23.53,0
2934,409.41,21,944,3,1,44.8,0
2935,3565.34,13,1353,7,1,33.84,0
2936,399.07,23,465,3,1,35.49,1
2937,3010.11,15,2766,0,2,28.83,0
2938,6921.5,15,1963,1,0,3.19,0
2939,4613.88,6,2420,5,1,6.28,0
2940,556.33,5,2652,3,0,8.43,0
2941,8394.05,13,92,2,1,19.06,0
2942,1076.52,7,177,3,0,2.78,0
2943,5640.22,4,2350,2,0,10.53,0
2944,1003.11,18,660,0,0,22.24,0
2945,9797.37,4,2579,2,0,24.15,0
2946,1556.55,16,161,2,0,38.3,0
2947,11435.43,18,602,3,1,17.63,0
2948,180.97,1,682,2,1,11.49,0
2949,1296.28,8,738,0,2,17.92,0
2950,990.84,16,1661,2,0,17.35,0
2951,1681.75,19,2309,4,0,30.98,0
2952,675.2,20,77,2,0,1.09,0
2953,1433.4,23,2982,3,0,0.33,0
2954,1584.5,21,1162,0,1,2.8,0
2955,281.96,2,888,3,1,10.1,0
2956,1535.66,14,2485,3,1,25.36,0
2957,7079.0,15,1973,1,0,71.44,0
2958,2986.13,5,899,0,0,36.57,0
2959,191.43,13,2462,1,1,43.21,0
2960,3880.11,4,2387,4,2,4.33,0
2961,270.67,5,2553,2,0,33.52,0
2962,96.09,21,2093,3,1,13.36,0
2963,498.57,8,687,4,0,9.25,0
2964,5841.69,23,2809,1,0,7.32,0
2965,3720.43,10,1858,3,0,9.56,0
2966,6746.51,19,2420,2,0,2.56,0
2967,2392.02,2,942,2,1,17.3,0
2968,6092.12,12,1579,1,0,34.63,0
2969,2807.75,4,445,3,1,51.72,0
2970,584.75,0,829,4,1,40.68,0
2971,550.68,16,2066,2,1,4.71,0
2972,1088.31,21,1720,3,0,33.21,0
2973,242.23,4,2481,2,0,48.59,0
2974,950.93,3,727,1,0,8.99,0
2975,3911.85,15,2519,1,1,11.75,0
2976,3937.58,19,160,2,1,21.7,0
2977,2646.44,17,2062,2,1,21.63,0
2978,746.81,3,382,2,0,3.02,0
2979,246.99,15,2701,1,0,38.67,0
2980,1838.94,4,2472,4,0,4.88,0
2981,3250.68,17,5,2,1,12.54,1
2982,6348.85,21,2660,1,0,33.05,0
2983,11424.54,13,2139,0,0,26.34,0
2984,822.69,13,1518,1,1,0.22,0
2985,2486.14,1,2858,1,0,26.86,0
2986,2333.47,16,1758,1,1,0.04,0
2987,2606.3,7,1975,0,0,12.83,0
2988,888.87,12,1436,5,0,26.96,0
2989,294.47,18,2854,1,2,58.44,0
2990,3786.91,18,401,0,0,7.93,0
2991,7930.57,13,549,3,1,23.8,0
2992,634.64,8,1955,4,1,1.47,0
2993,10447.47,7,344,4,0,32.81,0
2994,4629.79,9,2451,1,0,18.29,0
2995,2599.21,17,1674,2,0,20.74,0
2996,43.42,8,775,0,1,41.51,0
2997,607.76,0,2905,1,0,16.65,0
2998,270.32,23,30,5,0,12.4,0
2999,2005.95,18,2141,2,2,1.57,0
3000,2027.53,3,2129,1,0,15.85,0
3001,5142.74,0,1537,1,1,36.98,0
3002,1255.32,20,842,6,0,12.32,0
3003,224.11,22,1294,4,0,12.25,0
3004,2060.25,13,1484,1,0,11.4,0
3005,429.56,3,634,1,2,19.8,0
3006,1563.91,13,2669,2,1,37.07,0
3007,3915.29,18,1039,3,2,0.35,0
3008,871.74,8,2196,3,0,43.91,0
3009,1114.26,13,2313,0,0,49.58,0
3010,1012.57,11,2507,1,0,46.44,0
3011,3079.59,8,2788,5,1,13.03,0
3012,7985.02,12,835,2,0,41.86,0
3013,3544.55,13,2262,2,0,14.66,0
3014,2130.37,17,1977,2,1,14.89,0
3015,7863.06,5,1517,0,0,65.33,0
3016,1185.58,17,2273,1,1,1.31,0
3017,346.28,15,1040,1,1,33.15,0
3018,1351.7,9,2367,6,1,21.86,0
3019,540.33,11,2890,2,0,18.93,0
3020,5763.54,12,566,2,2,10.98,0
3021,1052.61,21,488,3,2,48.93,0
3022,302.64,23,942,4,0,8.25,0
3023,6807.48,14,2865,2,0,15.19,0
3024,17.58,5,411,0,0,0.09,0
3025,2336.45,6,2083,1,1,27.59,0
3026,3789.1,12,1387,1,1,14.87,0
3027,1860.58,17,2516,2,0,24.44,0
3028,1364.54,22,2804,0,0,24.04,0
3029,3639.51,22,214,4,0,27.51,0
3030,11750.97,5,1594,1,0,16.24,0
3031,1809.55,20,22,0,0,5.6,0
3032,1011.55,2,596,2,0,21.41,0
3033,5320.17,15,2459,1,1,7.22,0
3034,10746.22,13,362,3,0,13.38,0
3035,2038.38,2,1078,4,0,36.55,1
3036,11436.54,7,1519,3,0,13.66,0
3037,1933.71,2,2495,0,1,19.16,0
3038,3563.62,1,2968,4,1,12.91,0
3039,989.95,12,1642,2,1,9.2,0
3040,2011.59,19,2688,4,0,14.24,0
3041,3102.29,16,1174,1,1,24.8,0
3042,1352.32,22,2448,2,0,40.89,0
3043,4268.34,1,718,5,0,5.28,0
3044,611.83,20,2025,0,2,0.53,0
3045,608.45,14,44,2,0,11.23,0
3046,185.4,6,2691,1,1,13.42,0
3047,3482.63,16,1172,3,0,35.55,0
3048,3352.41,6,138,2,0,17.01,0
3049,3477.24,19,2092,3,2,17.36,0
3050,1683.68,16,2861,2,1,9.34,0
3051,4439.72,7,2520,2,0,19.02,0
3052,2600.98,5,2761,1,0,34.26,0
3053,2176.91,1,1474,2,1,36.19,0
3054,1426.72,7,2683,3,2,7.86,0
3055,11651.09,0,645,1,0,13.97,0
3056,1111.55,2,1131,4,2,12.72,0
3057,1091.94,12,1447,3,0,15.86,0
3058,8844.41,21,1619,3,0,14.95,0
3059,3099.27,12,2401,2,0,1.82,0
3060,1392.46,6,2121,4,0,11.82,0
3061,3451.29,0,2883,3,1,8.44,0
3062,2749.08,2,370,2,1,30.97,0
3063,1473.31,17,1166,6,0,0.85,0
3064,2195.55,23,2291,4,0,6.76,0
3065,583.73,18,1426,2,1,13.81,0
3066,2203.9,11,1133,1,0,9.51,0
3067,5098.52,7,2484,0,0,14.31,0
3068,1580.67,6,1863,1,2,13.35,0
3069,111.75,12,2355,7,0,38.25,0
3070,617.74,0,1070,3,0,93.85,0
3071,6245.66,5,1668,1,0,6.54,0
3072,2288.78,16,437,2,1,28.27,0
3073,2787.71,17,297,1,0,31.47,0
3074,1321.12,16,1206,2,0,40.22,0
3075,1577.96,10,480,2,1,11.44,0
3076,3470.58,16,1056,1,2,2.98,0
3077,1795.14,17,2355,1,0,34.54,0
3078,607.29,8,2844,2,0,19.21,0
3079,6216.83,14,1545,2,1,10.1,0
3080,3191.79,18,1981,0,0,7.04,0
3081,9495.06,7,1392,3,0,9.53,0
3082,1733.33,14,2792,1,0,5.82,0
3083,180.31,14,2404,2,0,7.39,0
3084,4158.44,0,1975,2,1,18.35,0
3085,8580.73,3,1057,2,0,18.44,1
3086,578.45,2,1568,2,1,3.44,1
3087,1507.81,20,903,1,0,1.36,0
3088,669.47,21,2873,1,0,36.88,0
3089,4306.58,7,1294,2,0,45.6,0
3090,2807.78,13,1447,3,0,43.71,0
3091,4145.49,16,2195,1,1,1.38,0
3092,8974.45,0,2871,2,1,1.96,0
3093,3020.02,8,1017,1,0,3.92,0
3094,2537.78,9,381,5,0,21.68,0
3095,1532.45,12,2760,1,0,18.93,0
3096,545.5,23,1401,3,0,3.16,0
3097,1232.47,2,2272,3,0,24.85,0
3098,1465.47,5,1952,5,0,63.13,0
3099,3061.4,10,1449,1,0,31.93,0
3100,2530.15,6,2350,2,1,24.76,0
3101,2273.44,8,749,0,2,62.09,0
3102,2465.75,23,2799,0,0,3.3,0
3103,6224.89,6,2044,3,0,19.69,0
3104,4474.84,23,818,3,0,10.66,0
3105,3457.18,7,992,1,0,8.13,0
3106,1489.74,8,847,5,0,8.03,0
3107,795.77,7,831,2,1,26.93,0
3108,1459.79,7,2534,4,1,48.12,0
3109,1201.75,11,639,3,1,7.18,0
3110,155.14,3,492,1,0,6.44,0
3111,1841.97,2,2769,1,0,17.78,0
3112,192.5,21,2018,2,0,0.79,0
3113,1615.67,19,28,1,1,36.74,0
3114,1946.6,17,174,5,0,3.62,0
3115,296.79,15,1521,3,0,19.81,0
3116,1291.41,19,1292,1,0,4.56,0
3117,2370.94,15,2354,1,0,20.5,0
3118,185.35,8,2011,2,0,19.09,0
3119,3137.51,5,2094,2,0,43.1,0
3120,1015.26,8,1630,3,1,42.41,0
3121,2577.85,7,2363,1,1,4.39,0
3122,2291.43,4,222,3,1,31.88,1
3123,3750.33,16,1734,0,0,7.41,0
3124,3753.69,15,2215,3,0,36.53,0
3125,788.1,1,2059,4,1,26.01,0
3126,328.61,11,1613,1,0,32.36,0
3127,475.36,21,716,2,0,24.84,0
3128,18032.26,14,494,2,1,25.37,0
3129,2290.42,22,2123,2,0,32.23,0
3130,839.46,14,1293,2,0,28.87,0
3131,1780.16,22,35,1,0,13.5,0
3132,144.13,0,2762,1,0,3.29,0
3133,449.1,6,1555,2,0,9.01,0
3134,1359.84,18,413,1,0,3.16,0
3135,2963.7,10,1482,1,1,14.36,0
3136,1468.94,19,1064,2,1,38.93,0
3137,6257.24,5,2247,2,0,31.6,0
3138,1527.99,8,972,2,0,26.83,0
3139,8380.25,8,1931,2,1,8.52,0
3140,756.04,19,1406,3,1,7.69,0
3141,9403.68,11,754,0,0,21.9,0
3142,1367.12,15,1737,2,0,20.72,0
3143,1983.22,6,1717,8,0,14.15,0
3144,1876.71,22,1525,1,0,25.4,0
3145,2987.88,11,1641,1,0,8.41,0
3146,1543.35,8,1847,2,0,35.36,0
3147,3118.71,5,2341,2,0,39.0,0
3148,2648.3,4,2359,4,0,9.58,0
3149,12262.45,21,937,1,0,9.01,0
3150,6892.88,3,2953,2,0,26.63,0
3151,184.55,8,966,2,1,16.45,0
3152,1580.2,17,1771,3,1,3.33,0
3153,2046.71,12,804,0,0,80.93,0
3154,6756.73,4,613,2,0,13.94,0
3155,3144.33,15,40,2,1,1.61,0
3156,5061.67,5,1727,2,0,22.15,0
3157,628.94,15,551,1,0,11.33,0
3158,1082.46,20,2118,1,0,28.54,0
3159,6181.69,17,2952,0,0,28.18,0
3160,5574.48,10,1994,1,1,16.22,0
3161,587.57,9,1028,1,0,2.45,0
3162,2630.44,17,2326,4,0,11.62,0
3163,1374.78,1,1632,1,0,64.32,0
3164,1673.12,3,2829,4,2,20.06,0
3165,1130.73,5,246,4,0,3.29,0
3166,462.94,6,1042,3,3,8.51,0
3167,1643.41,15,2580,4,0,18.02,0
3168,52.7,3,1843,3,0,23.3,0
3169,1947.68,23,1371,2,1,3.1,0
3170,402.17,8,1479,1,0,15.82,0
3171,10689.44,11,2296,2,0,30.96,0
3172,125.09,17,1056,4,0,36.47,0
3173,3850.28,11,82,2,0,12.05,0
3174,987.62,13,497,3,1,19.55,0
3175,1065.4,11,2784,0,0,36.36,0
3176,3389.25,19,815,3,0,33.24,0
3177,1739.26,18,2359,2,0,0.92,0
3178,1906.56,20,2659,6,3,1.13,0
3179,2348.35,17,715,1,1,19.99,0
3180,6477.3,9,1455,3,0,40.1,0
3181,325.38,10,2758,2,0,2.56,0
3182,2125.45,16,1997,0,0,13.09,0
3183,4442.5,23,1831,1,1,33.65,0
3184,831.79,2,1561,2,0,18.44,0
3185,83.1,19,1174,0,0,70.72,0
3186,838.1,14,2588,1,0,34.64,0
3187,328.37,4,687,3,0,21.14,0
3188,12785.56,20,1382,2,0,15.88,0
3189,1393.48,13,2586,1,0,8.5,0
3190,4422.68,19,2342,0,0,9.68,1
3191,10365.21,12,293,3,0,9.62,0
3192,2455.32,2,664,0,0,5.09,0
3193,3883.03,10,935,0,0,20.02,0
3194,879.04,10,1298,1,1,22.32,0
3195,223.81,20,1194,5,1,15.84,0
3196,2100.83,22,1096,1,0,6.92,0
3197,929.82,19,2641,1,1,12.82,0
3198,381.4,12,1112,1,1,17.45,0
3199,116.85,14,1488,3,1,13.23,0
3200,3303.6,23,2405,3,1,23.51,0
3201,1474.1,16,1845,2,0,6.3,0
3202,5437.35,13,686,0,1,1.96,0
3203,2483.5,5,95,3,1,34.94,0
3204,1500.7,4,2981,3,1,4.91,1
3205,1190.2,7,2712,4,0,23.35,0
3206,158.67,8,2871,1,0,16.87,0
3207,7058.25,23,328,2,0,33.77,0
3208,6306.76,6,684,1,0,19.19,0
3209,1758.27,12,422,1,0,21.03,0
3210,2987.93,3,262,3,0,20.39,0
3211,5459.78,15,2247,3,0,18.54,0
3212,2301.45,1,108,2,1,5.39,0
3213,1118.58,12,2147,1,0,46.81,0
3214,2478.99,2,426,1,2,5.73,0
3215,643.98,8,2532,3,1,40.85,0
3216,11215.42,4,346,5,1,12.92,0
3217,6623.13,20,1597,1,0,14.84,0
3218,2882.56,9,940,2,0,14.34,0
3219,3008.15,7,1164,1,0,6.34,0
3220,2962.85,14,2567,0,1,60.17,0
3221,2103.29,4,538,1,3,17.07,1
3222,1956.55,16,699,3,0,1.56,0
3223,9064.06,0,144,2,1,3.65,0
3224,500.62,21,1462,0,0,2.44,0
3225,5574.6,10,1951,4,2,3.11,0
3226,3807.97,14,2215,3,0,48.08,0
3227,903.69,8,2247,0,0,32.8,0
3228,4952.18,14,554,3,1,20.73,0
3229,2240.22,22,2209,3,2,26.7,0
3230,73.56,5,2421,3,0,5.35,0
3231,743.06,19,1871,1,0,40.02,0
3232,1438.15,20,2605,0,0,8.46,0
3233,225.38,18,1782,0,1,12.66,0
3234,8731.06,16,2621,4,1,25.5,0
3235,4763.47,20,2187,1,0,15.02,0
3236,2935.79,9,1423,0,0,28.83,0
3237,10725.59,15,2211,1,0,2.08,0
3238,786.3,7,367,3,1,12.0,0
3239,3352.49,14,1262,1,0,22.05,0
3240,2602.68,11,1689,1,0,19.94,0
3241,453.73,8,638,2,0,6.36,0
3242,1303.37,9,44,2,0,57.87,0
3243,1914.73,0,2144,1,0,35.23,0
3244,1572.96,4,1409,0,0,29.93,0
3245,2794.11,9,1922,1,1,39.57,0
3246,1853.4,17,35,3,1,9.79,0
3247,3865.27,22,2015,1,2,10.14,0
3248,327.82,15,1228,1,0,10.91,0
3249,1926.88,0,1764,2,0,12.66,1
3250,4112.22,9,2446,2,0,1.66,0
3251,3746.43,7,30,4,1,34.9,0
3252,780.8,17,1531,3,1,8.58,0
3253,317.64,6,1687,2,0,6.62,0
3254,4024.23,17,1791,4,0,46.3,0
3255,1605.62,12,1024,1,3,9.25,0
3256,2474.37,5,2929,2,1,35.24,0
3257,1198.89,23,2646,3,1,59.27,0
3258,3569.52,12,1550,2,1,19.1,0
3259,101.69,7,1078,2,0,7.14,0
3260,2507.26,2,1730,4,1,12.3,1
3261,170.94,20,982,2,0,38.44,0
3262,983.9,16,2512,1,0,6.72,0
3263,1913.28,22,2805,1,0,26.47,1
3264,14962.02,8,1167,3,0,32.52,0
3265,5424.06,20,2179,2,1,19.61,0
3266,5454.2,8,1692,0,0,20.02,0
3267,4628.01,6,281,1,1,41.54,0
3268,5887.5,5,560,1,0,8.47,0
3269,290.8,9,453,3,0,50.89,0
3270,412.96,20,1866,2,0,2.75,0
3271,967.16,19,1855,5,0,36.77,0
3272,140.94,8,2870,2,1,1.98,0
3273,615.29,19,2016,4,0,5.85,0
3274,190.25,6,1314,2,1,11.01,0
3275,1449.17,0,624,0,0,37.9,0
3276,2080.79,1,2192,4,0,38.26,0
3277,904.22,0,762,3,0,18.49,0
3278,1174.54,3,1156,3,0,10.43,0
3279,1200.33,8,513,2,0,28.14,0
3280,709.39,22,1796,1,0,44.87,0
3281,203.11,23,34,2,1,38.21,0
3282,362.93,7,370,1,0,42.55,0
3283,4563.23,4,61,4,1,45.51,0
3284,3896.83,15,890,5,0,46.07,0
3285,57.67,10,1722,2,0,49.43,0
3286,2371.05,9,2042,2,0,9.52,0
3287,1876.5,11,1900,2,0,26.59,0
3288,12065.83,22,130,2,0,15.59,0
3289,916.44,10,329,3,1,13.78,0
3290,4610.51,4,230,0,1,38.53,0
3291,15596.82,8,1608,1,0,1.24,0
3292,1056.63,2,2225,2,0,8.88,0
3293,2034.84,15,744,1,1,26.5,0
3294,148.9,6,1025,3,0,25.61,0
3295,1192.13,12,52,2,0,34.97,0
3296,10038.74,3,2928,2,1,7.88,0
3297,4221.04,7,1577,1,1,30.89,0
3298,485.81,14,1013,2,0,30.87,0
3299,529.61,23,138,2,0,35.49,0
3300,656.5,6,1888,2,0,1.57,0
3301,551.13,23,385,0,1,14.11,0
3302,893.48,16,2728,2,1,37.63,0
3303,6832.54,6,1937,0,0,37.27,0
3304,4812.06,12,2792,3,1,56.43,0
3305,184.93,9,1324,3,1,1.36,0
3306,1241.67,5,2578,0,1,25.67,0
3307,685.97,23,173,2,1,8.5,0
3308,1397.58,23,2252,2,1,38.9,0
3309,555.87,16,501,2,1,43.71,0
3310,1279.86,8,1972,2,2,8.66,0
3311,3572.94,20,1224,3,0,21.84,0
3312,1229.93,6,1477,2,1,29.1,0
3313,2388.75,1,2731,1,1,27.94,0
3314,4194.87,6,463,1,0,57.76,0
3315,7928.73,7,2593,1,0,8.66,0
3316,1166.68,13,1330,3,0,46.35,0
3317,2750.02,0,686,0,1,13.1,0
3318,4361.0,8,2395,2,0,18.14,0
3319,5716.5,3,1622,1,1,2.62,0
3320,4871.79,7,37,2,0,5.9,0
3321,5253.76,1,2381,2,0,61.93,0
3322,3889.62,22,1947,1,0,28.13,0
3323,1052.9,22,2443,1,0,48.48,1
3324,6920.97,4,1522,2,0,19.33,0
3325,1271.48,2,1019,1,1,25.4,0
3326,717.39,5,2048,1,0,27.06,0
3327,14208.72,2,2810,5,1,20.13,1
3328,1401.14,19,1387,3,0,0.38,0
3329,2806.52,20,246,2,1,8.21,0
3330,12156.92,1,1457,5,0,8.69,0
3331,2626.14,20,631,1,0,1.44,0
3332,5790.36,22,2197,4,0,10.01,0
3333,204.27,3,516,3,1,30.46,0
3334,2186.77,15,954,4,0,17.51,0
3335,9611.49,10,2288,2,1,6.59,0
3336,5350.97,20,1423,0,0,34.98,0
3337,3602.59,14,791,2,0,31.04,0
3338,4562.19,0,2824,0,1,11.95,1
3339,1574.2,12,1468,1,0,6.98,0
3340,7271.12,23,552,1,1,29.51,0
3341,284.89,8,162,1,0,27.94,0
3342,2841.1,15,2895,2,0,0.36,0
3343,647.4,14,2290,0,0,16.15,0
3344,866.41,9,2224,3,0,2.86,0
3345,2211.57,22,2008,0,0,10.49,0
3346,743.58,6,2322,0,0,20.82,0
3347,1310.31,5,2227,5,1,32.63,0
3348,11372.14,11,1326,0,0,20.33,0
3349,1432.02,23,1919,1,2,21.36,0
3350,168.41,8,2453,2,0,26.2,0
3351,2235.93,17,657,5,0,32.61,0
3352,1312.04,2,2176,1,0,6.35,0
3353,2786.65,4,1841,5,0,12.14,0
3354,1014.51,9,1079,2,0,5.89,0
3355,230.71,17,1504,1,1,7.29,0
3356,755.45,14,3,0,0,16.64,0
3357,2746.28,20,2073,1,0,30.58,0
3358,991.08,12,760,0,0,0.72,0
3359,1167.69,0,2539,3,0,5.99,0
3360,188.91,11,2541,3,1,5.42,0
3361,924.22,7,1314,2,0,26.83,0
3362,4569.33,23,260,2,1,3.96,0
3363,4036.73,21,2208,0,1,15.47,0
3364,1965.01,12,778,4,1,23.5,0
3365,7627.88,16,2799,1,0,8.27,0
3366,1807.31,15,2259,2,1,46.99,0
3367,1171.29,4,2512,0,1,12.54,0
3368,3637.02,9,1322,4,0,8.96,0
3369,3391.39,13,2626,1,1,30.09,0
3370,4424.48,10,453,0,0,15.14,0
3371,3565.77,3,2144,0,0,17.03,0
3372,3194.91,21,274,1,1,9.64,0
3373,1534.75,1,532,4,0,20.87,0
3374,4995.01,5,129,0,0,19.63,0
3375,377.0,6,439,3,1,11.84,0
3376,1642.35,15,785,2,0,27.78,0
3377,4789.2,3,131,3,0,43.01,1
3378,3328.4,18,2629,3,0,52.84,0
3379,107.94,12,2695,2,1,18.9,0
3380,5653.12,15,2154,3,1,15.82,0
3381,1153.41,19,2873,2,0,11.9,0
3382,2203.71,18,1049,1,0,24.92,0
3383,5088.41,1,1501,2,1,1.56,0
3384,654.67,7,2482,2,0,1.27,0
3385,1485.58,22,291,2,0,13.12,0
3386,1690.67,0,855,3,2,8.55,0
3387,5230.9,20,2013,0,0,11.63,0
3388,1659.44,2,1918,3,0,10.61,0
3389,2333.49,20,249,1,0,10.14,0
3390,341.48,11,2286,5,0,9.49,0
3391,3047.04,23,1704,2,0,44.09,0
3392,3005.79,11,2902,4,1,31.21,0
3393,333.18,1,2527,0,1,2.21,0
3394,867.98,8,2167,3,1,31.95,0
3395,1575.22,1,289,0,0,39.13,0
3396,2745.2,9,320,2,0,23.26,0
3397,9535.4,6,2128,2,0,13.12,0
3398,8149.42,3,415,0,1,27.72,1
3399,1240.86,23,947,1,0,10.48,0
3400,518.83,17,1579,2,1,0.85,0
3401,6858.02,6,792,2,1,2.19,0
3402,2712.32,16,2691,2,0,21.13,0
3403,2228.59,7,2335,1,0,22.95,0
3404,409.96,20,733,4,0,30.72,0
3405,261.33,17,2287,1,0,10.92,0
3406,999.89,13,433,1,1,16.25,0
3407,7265.3,20,2362,1,1,31.31,0
3408,492.8,11,2763,1,0,18.35,0
3409,4681.55,14,2878,1,0,37.66,0
3410,7298.16,21,1750,2,2,1.55,0
3411,4708.44,3,684,1,0,6.21,0
3412,3975.86,5,2253,0,1,44.49,0
3413,2940.37,12,2068,4,0,20.16,0
3414,11918.5,10,2694,2,1,22.47,0
3415,508.04,5,2187,1,1,33.37,0
3416,337.15,19,1815,2,1,26.15,0
3417,2031.28,11,1291,3,0,6.57,0
3418,2931.03,17,1330,1,0,20.2,0
3419,246.33,11,1689,2,1,5.48,0
3420,298.01,20,1764,1,2,26.25,1
3421,1032.75,23,1325,1,2,19.17,0
3422,2774.03,19,986,2,0,29.73,0
3423,5217.05,18,2235,2,0,19.49,0
3424,555.35,6,1537,3,1,11.55,0
3425,3211.62,17,1041,3,0,15.91,0
3426,4570.56,11,1854,1,0,12.66,0
3427,3232.67,14,1627,4,1,17.08,0
3428,3225.03,0,2975,1,0,7.53,0
3429,1150.84,1,1166,4,0,28.68,0
3430,2026.71,19,67,4,0,0.35,0
3431,2191.18,16,554,4,0,42.26,0
3432,3124.27,9,27,4,0,18.78,0
3433,4074.91,9,909,4,0,42.58,0
3434,832.33,6,1290,3,1,31.28,0
3435,1791.65,0,2826,3,0,34.21,0
3436,1207.58,8,2268,3,0,24.77,0
3437,6136.86,16,2279,2,0,5.31,0
3438,3250.82,18,2342,1,1,18.41,0
3439,2583.05,4,387,1,0,24.43,0
3440,15589.43,1,1886,3,0,3.78,1
3441,2908.47,11,640,1,1,2.77,0
3442,3839.47,4,1086,2,0,19.56,0
3443,202.5,11,2385,0,0,45.65,0
3444,1495.93,7,955,1,1,12.18,0
3445,576.99,8,1231,1,1,6.29,0
3446,1063.45,2,2337,2,0,10.86,0
3447,3096.47,12,2331,3,0,26.03,0
3448,2640.04,6,317,2,0,33.01,0
3449,150.31,23,1330,4,0,27.07,1
3450,3021.47,15,709,2,0,11.89,0
3451,1865.13,15,2825,3,0,9.17,0
3452,558.84,22,2361,1,0,1.71,0
3453,1236.75,3,2439,5,1,20.19,0
3454,4975.57,20,1231,2,0,44.05,0
3455,2128.32,1,2994,0,0,3.47,0
3456,5789.16,18,1563,0,0,0.57,0
3457,267.31,2,230,5,0,21.14,0
3458,507.07,10,1426,1,0,7.46,0
3459,0.72,13,1707,2,0,15.16,0
3460,1808.58,3,929,2,0,42.56,0
3461,1198.47,23,2674,3,0,0.34,0
3462,3609.86,19,47,4,1,28.19,0
3463,149.64,20,2590,1,1,22.84,0
3464,5854.09,12,222,2,0,32.62,0
3465,871.29,9,2148,0,1,9.73,0
3466,425.71,1,1308,4,0,26.16,0
3467,2803.81,17,2314,4,1,3.31,0
3468,82.52,4,1339,2,1,35.61,0
3469,206.96,16,2859,2,0,13.97,0
3470,10244.52,7,628,1,0,9.15,0
3471,3873.97,1,2760,1,0,19.98,0
3472,161.17,23,1610,1,1,18.37,0
3473,1618.49,14,2438,2,1,21.97,0
3474,2854.19,18,2068,4,0,23.98,0
3475,750.17,2,910,2,0,23.36,0
3476,988.61,13,1187,1,0,16.77,0
3477,394.82,12,607,5,0,41.24,0
3478,5388.03,4,1377,1,0,31.71,0
3479,6553.84,2,1950,3,1,12.0,0
3480,7196.44,18,202,3,0,28.58,0
3481,795.36,17,1636,4,1,4.62,0
3482,7824.07,8,349,3,0,29.65,0
3483,1819.33,12,2056,4,1,2.35,0
3484,2600.15,13,2859,5,0,18.73,0
3485,1093.64,4,553,4,0,25.75,0
3486,682.41,15,2291,4,0,58.48,0
3487,19345.23,6,1999,1,1,20.08,0
3488,1800.78,12,2672,2,1,21.31,0
3489,1475.57,18,804,1,0,0.36,0
3490,3663.48,17,2524,1,1,47.87,0
3491,2679.71,23,2148,1,0,43.99,0
3492,5435.35,7,993,2,1,11.44,0
3493,2938.38,2,1091,1,0,4.42,0
3494,17765.29,13,1325,0,0,10.65,1
3495,431.58,21,2360,1,1,17.87,1
3496,6887.86,2,461,0,1,14.52,0
3497,22309.15,21,1695,1,1,4.55,0
3498,523.33,13,1497,2,0,19.73,0
3499,1561.14,11,781,0,1,6.6,0
3500,4523.32,10,1412,1,0,6.07,0
3501,13555.98,19,2685,0,0,11.49,0
3502,7609.69,0,1249,0,1,6.63,0
3503,2160.95,5,1433,0,1,34.29,0
3504,2421.59,19,1812,4,1,19.99,0
3505,274.31,19,598,0,2,19.69,0
3506,4730.33,14,184,1,1,27.02,0
3507,1029.98,7,818,2,1,31.94,0
3508,792.32,21,1532,1,0,16.38,0
3509,4774.13,4,2984,1,0,18.93,0
3510,1229.61,2,461,1,0,29.11,0
3511,2342.43,23,224,2,1,9.7,0
3512,136.24,7,2544,2,0,46.06,0
3513,2895.74,4,1179,2,0,6.39,0
3514,233.46,0,1407,2,1,13.24,0
3515,811.07,22,456,1,1,15.96,0
3516,6185.34,9,1844,3,0,7.97,0
3517,1198.7,15,94,3,0,31.91,0
3518,883.58,10,857,0,0,14.95,0
3519,130.64,23,2204,3,1,22.16,0
3520,2338.24,6,835,2,0,13.01,0
3521,3019.32,17,2144,1,0,3.13,0
3522,182.52,8,2248,4,1,22.49,0
3523,3560.92,15,2552,3,0,11.65,0
3524,5244.01,23,579,1,1,12.4,0
3525,1348.78,22,2863,2,0,33.72,0
3526,355.62,21,76,4,0,40.58,0
3527,16.08,12,2388,2,2,12.89,0
3528,4731.2,21,2158,3,1,9.15,0
3529,805.66,1,1047,1,1,19.16,0
3530,2314.48,5,247,2,0,34.18,0
3531,149.96,9,823,1,1,18.79,0
3532,728.1,22,2532,1,1,17.11,0
3533,1706.28,8,218,1,0,12.37,0
3534,483.24,14,2682,2,0,23.53,0
3535,3815.19,0,273,2,0,30.02,0
3536,3712.59,12,2705,2,0,24.37,0
3537,322.96,8,2716,3,0,26.09,0
3538,1439.47,21,1476,1,1,11.34,0
3539,2223.48,3,79,0,0,51.77,0
3540,11221.46,9,2660,2,2,5.82,0
3541,1138.69,12,947,6,0,42.11,0
3542,230.41,12,2083,3,0,30.85,0
3543,3611.11,22,408,1,0,6.73,0
3544,3768.41,10,1986,3,0,34.0,0
3545,1333.58,19,2178,0,0,40.8,0
3546,1016.57,2,764,2,1,41.55,0
3547,460.76,6,2051,0,1,49.49,0
3548,827.35,14,2297,3,1,19.0,0
3549,893.34,22,89,1,0,16.96,0
3550,1740.26,1,1014,1,0,49.17,0
3551,650.6,16,1249,3,0,7.62,0
3552,159.81,10,2007,1,0,4.67,0
3553,5242.94,12,644,3,0,21.08,0
3554,693.73,0,1421,1,1,9.21,1
3555,3674.23,21,1442,1,0,31.36,0
3556,1167.94,11,2561,1,1,26.48,0
3557,3257.39,9,968,3,1,26.73,0
3558,92.53,16,1130,2,0,3.47,0
3559,448.23,1,2564,1,0,16.49,0
3560,1551.24,8,1586,2,0,5.4,0
3561,41.96,0,2274,1,0,7.24,0
3562,3372.26,8,924,2,0,22.39,0
3563,2529.25,4,1400,2,0,19.76,0
3564,2252.15,12,2691,0,0,9.9,0
3565,7943.27,4,360,1,0,59.78,0
3566,1271.69,23,1566,2,0,12.32,0
3567,3.73,16,2778,0,1,39.93,0
3568,1455.93,19,2563,1,0,10.04,0
3569,3140.04,21,932,5,0,14.58,0
3570,6876.37,13,985,1,1,47.79,0
3571,3078.69,18,626,2,1,3.82,0
3572,1164.28,13,1280,1,0,12.96,0
3573,4390.71,19,1349,4,0,37.73,0
3574,2872.17,14,2221,1,1,41.88,0
3575,1060.89,4,847,0,0,10.83,0
3576,7119.36,20,568,2,0,8.38,0
3577,414.44,18,2218,4,1,24.32,0
3578,3074.66,21,829,6,0,0.51,0
3579,542.97,4,1266,4,0,5.49,0
3580,345.25,22,2889,4,1,38.19,0
3581,2434.95,16,554,2,1,7.01,0
3582,291.6,13,595,3,0,11.23,0
3583,330.45,20,2314,1,1,47.69,0
3584,6760.42,5,1301,1,0,9.02,0
3585,2411.64,2,2283,4,1,52.13,0
3586,428.65,17,2947,2,0,30.21,0
3587,730.31,3,755,3,0,16.85,0
3588,1087.39,10,597,2,1,12.27,0
3589,2757.3,23,121,2,2,5.44,0
3590,2217.79,10,1696,1,1,14.94,0
3591,950.39,13,1243,1,1,11.79,0
3592,1573.72,14,2609,6,2,12.56,0
3593,9111.91,23,1122,3,0,60.19,0
3594,1832.09,4,770,3,0,45.01,0
3595,729.99,3,539,2,0,2.13,0
3596,3603.92,5,108,2,1,32.7,0
3597,1365.19,19,2528,4,0,21.12,0
3598,1763.34,8,2481,4,0,18.64,0
3599,1306.04,18,2509,4,1,40.96,0
3600,8668.04,7,2443,0,1,47.36,0
3601,3373.82,7,946,0,0,6.08,0
3602,821.54,21,107,1,0,6.67,0
3603,1206.25,11,326,2,1,17.52,0
3604,5167.18,22,1953,0,0,5.79,0
3605,2667.06,4,2058,4,1,10.92,1
3606,13496.79,19,1921,2,1,4.91,0
3607,352.34,22,2661,3,0,18.07,0
3608,753.38,11,754,2,0,8.99,0
3609,3978.61,12,2013,0,1,13.41,0
3610,5645.5,15,564,3,0,5.03,0
3611,8156.29,5,792,4,0,12.3,1
3612,4944.9,7,133,0,0,53.95,0
3613,1256.06,13,62,3,1,13.91,0
3614,615.71,8,1692,1,1,7.43,0
3615,9888.29,7,2750,2,1,3.41,0
3616,2076.01,6,838,2,1,30.78,0
3617,9304.18,2,726,1,0,33.64,0
3618,623.59,14,2528,0,0,24.26,0
3619,6998.5,15,2818,0,0,42.58,0
3620,2163.71,10,1875,1,0,5.96,0
3621,277.81,7,1752,2,0,37.33,0
3622,2179.21,12,172,0,1,19.91,0
3623,926.26,19,1559,0,0,14.16,0
3624,721.41,23,1282,1,0,14.66,0
3625,192.02,12,2505,1,0,44.42,0
3626,519.07,23,2343,1,0,49.73,0
3627,1202.75,19,2197,1,1,2.71,0
3628,231.19,16,2628,1,2,40.48,0
3629,2300.51,22,158,1,1,9.02,0
3630,2145.67,16,448,2,0,7.15,0
3631,6613.93,14,1872,2,0,35.45,0
3632,1011.75,1,1007,2,1,6.73,0
3633,2160.98,16,2204,0,1,2.64,0
3634,288.06,12,161,2,1,8.84,0
3635,973.63,17,1587,3,0,5.49,0
3636,3459.41,16,2584,2,2,8.24,0
3637,3561.95,1,778,1,0,20.47,0
3638,1676.79,9,1801,2,0,40.84,0
3639,10938.11,12,1248,1,2,9.09,0
3640,5414.72,9,1890,2,0,0.19,0
3641,2117.95,5,1731,2,0,11.24,0
3642,3079.88,9,2512,1,1,52.61,0
3643,8620.84,1,2827,2,1,0.2,0
3644,9192.84,16,583,3,0,2.91,0
3645,2126.88,14,2647,1,0,5.14,0
3646,1212.78,14,371,1,2,3.98,0
3647,14198.33,23,2051,3,0,5.09,0
3648,774.6,3,737,1,1,27.93,1
3649,273.02,18,2852,2,0,52.71,0
3650,1080.85,17,555,1,1,21.74,0
3651,4959.43,12,1694,1,2,21.65,0
3652,1032.45,10,1847,3,0,7.06,0
3653,4178.34,0,733,2,1,5.42,0
3654,2555.2,14,2418,1,0,16.49,0
3655,2750.42,22,828,5,2,0.3,0
3656,2649.32,14,370,1,1,43.5,0
3657,2797.85,8,1328,2,0,7.56,0
3658,5259.28,22,2657,0,0,13.4,0
3659,3595.89,22,672,2,0,38.7,0
3660,201.47,22,507,2,1,47.28,0
3661,1889.01,2,468,3,1,44.19,0
3662,2673.12,22,1841,1,0,1.95,0
3663,360.97,20,1487,2,0,14.57,0
3664,9025.11,2,2146,1,0,43.78,0
3665,2071.9,22,1574,2,1,9.27,0
3666,665.35,23,2096,0,0,10.6,0
3667,4233.59,19,655,3,0,50.96,0
3668,1981.71,12,2255,1,1,26.53,0
3669,549.19,12,180,6,0,23.11,0
3670,2070.32,5,1373,1,0,36.12,0
3671,643.77,18,2702,4,1,44.09,0
3672,1987.69,4,665,2,1,0.87,0
3673,124.36,4,733,3,0,5.21,0
3674,1101.93,22,211,4,0,57.67,0
3675,3607.98,13,1262,3,0,33.53,0
3676,828.69,9,2991,2,0,6.91,0
3677,969.4,14,1183,2,0,9.24,0
3678,2272.95,20,741,3,0,38.48,0
3679,3637.9,3,539,2,0,2.04,0
3680,5441.8,6,15,3,1,9.92,0
3681,1399.39,19,1037,4,0,39.51,0
3682,3568.65,0,1879,3,0,58.88,0
3683,6430.44,15,2043,0,2,1.38,0
3684,675.8,17,24,1,0,18.1,0
3685,1081.18,19,2022,3,1,31.04,0
3686,3092.58,7,889,1,0,31.92,0
3687,1757.11,18,2702,1,0,8.92,0
3688,226.6,15,1859,4,0,3.59,0
3689,172.0,13,1810,1,0,24.63,0
3690,5080.54,2,2463,2,1,26.59,0
3691,10738.22,19,27,0,0,11.25,0
3692,4933.95,7,2242,3,0,5.34,0
3693,4542.95,8,2539,0,0,2.85,0
3694,3312.56,20,2284,2,0,8.48,0
3695,2908.74,6,201,2,1,20.92,0
3696,1562.13,5,608,1,0,25.61,0
3697,1976.68,1,2676,2,2,3.56,0
3698,2442.1,11,151,0,1,1.57,0
3699,347.2,4,133,2,0,20.32,0
3700,5644.38,21,2368,2,0,21.57,0
3701,6608.01,19,1223,4,1,5.01,0
3702,139.06,10,360,2,1,7.2,0
3703,1510.0,1,447,5,0,22.05,0
3704,985.19,13,731,2,0,21.73,0
3705,800.34,5,2753,3,1,29.04,0
3706,543.79,9,2504,2,0,0.27,0
3707,2203.44,21,2833,0,0,8.29,0
3708,3386.37,22,2437,3,1,25.78,0
3709,1263.25,18,2303,1,1,26.57,0
3710,1000.0,5,1866,0,0,9.1,0
3711,2380.12,23,2372,6,0,22.87,0
3712,2121.33,11,147,3,2,1.9,0
3713,41.65,2,1226,3,0,29.65,0
3714,3405.43,10,1510,2,0,41.05,0
3715,9.35,12,278,2,0,21.08,0
3716,3788.51,13,2255,2,0,16.9,0
3717,1453.64,2,1200,1,0,18.17,0
3718,2793.91,15,552,4,0,2.79,0
3719,167.39,3,2846,1,1,24.19,0
3720,1652.31,8,1349,1,0,49.33,0
3721,3708.5,16,1695,3,0,47.21,0
3722,4237.68,16,860,1,1,31.27,0
3723,276.48,22,857,4,0,19.21,0
3724,9393.36,19,239,1,1,16.05,0
3725,244.06,3,2341,0,0,31.31,0
3726,211.43,23,2577,1,3,19.13,1
3727,802.58,16,360,2,0,35.52,0
3728,5032.26,15,2966,0,1,39.76,0
3729,1244.37,22,2478,1,1,8.99,0
3730,10956.38,22,1177,1,0,43.52,0
3731,634.36,13,2494,2,0,0.42,0
3732,4016.84,10,1064,3,0,37.51,0
3733,3891.66,16,2356,1,1,33.87,0
3734,1583.94,19,1450,3,1,59.24,0
3735,1252.52,4,2517,2,0,35.45,0
3736,4805.78,18,2034,1,0,8.05,0
3737,4919.44,16,2987,1,0,6.1,0
3738,1290.31,20,2039,5,0,10.17,0
3739,1319.97,15,737,0,0,29.79,0
3740,1219.39,19,954,1,1,28.6,0
3741,1874.45,22,1190,4,0,15.28,0
3742,2008.24,6,7,6,1,28.07,1
3743,1293.12,3,99,1,0,2.3,0
3744,3603.23,14,2562,1,0,32.46,0
3745,1459.64,3,850,2,0,18.03,0
3746,5249.79,19,1699,1,1,18.07,0
3747,5479.46,13,187,3,1,32.26,0
3748,1627.43,10,1433,1,0,21.54,0
3749,7891.36,17,2612,0,0,29.69,0
3750,1371.65,6,47,0,1,48.1,0
3751,1327.61,20,825,3,0,9.61,0
3752,6821.93,22,1154,1,0,23.29,0
3753,1912.21,8,278,2,1,43.07,0
3754,476.98,9,1230,2,1,11.72,0
3755,609.53,16,2253,1,0,35.47,1
3756,184.61,10,26,5,0,7.48,0
3757,435.65,3,2810,1,0,20.36,0
3758,4147.37,10,1399,0,1,6.1,0
3759,2656.05,12,2968,2,0,5.33,0
3760,2084.41,18,2524,1,0,33.83,0
3761,6611.33,0,720,2,1,3.69,0
3762,6091.56,6,1354,0,0,29.5,0
3763,134.46,10,2755,0,1,44.71,0
3764,1682.13,15,1944,0,0,14.3,0
3765,4340.02,1,2645,2,1,27.94,1
3766,600.93,4,1973,3,0,6.7,1
3767,2916.6,4,2570,2,1,9.11,0
3768,1344.32,14,2200,2,0,3.33,0
3769,5767.58,10,1895,1,1,43.17,0
3770,1385.66,13,230,1,0,11.61,0
3771,4271.46,16,1227,0,1,11.27,0
3772,6403.89,18,2970,2,0,0.68,0
3773,3668.83,21,1293,1,0,23.9,0
3774,7119.31,17,2195,0,0,28.22,0
3775,371.44,0,854,0,1,42.03,0
3776,696.47,18,2808,3,0,36.18,0
3777,4043.22,10,1449,2,1,2.61,0
3778,6874.17,2,612,2,0,11.82,0
3779,778.72,8,128,1,1,21.56,0
3780,2406.56,10,1537,2,0,18.18,0
3781,817.89,20,2189,1,1,30.42,0
3782,1586.95,5,2339,1,0,12.82,0
3783,11577.48,19,1596,2,1,13.5,0
3784,222.36,5,2438,3,1,14.86,0
3785,3232.0,3,1263,2,0,10.41,1
3786,477.1,22,1289,3,2,8.96,0
3787,1150.44,22,130,2,1,26.07,0
3788,124.62,8,1696,0,0,10.55,0
3789,976.79,2,2036,2,0,21.86,0
3790,3452.48,7,1523,0,0,29.65,0
3791,126.94,14,1240,1,1,13.5,0
3792,5470.84,6,2151,2,0,28.12,0
3793,2376.44,9,717,1,0,24.27,0
3794,1680.19,3,1533,3,0,22.32,0
3795,1014.08,1,828,2,1,48.52,0
3796,1343.66,2,1818,5,2,12.41,0
3797,2156.9,16,103,3,1,2.08,0
3798,11781.16,15,2049,4,0,28.71,0
3799,1699.87,4,780,3,0,2.06,0
3800,1336.6,10,1981,1,0,19.63,0
3801,478.52,23,2145,2,0,14.25,0
3802,4391.44,9,1341,2,1,22.92,0
3803,9430.52,4,403,1,0,2.65,1
3804,1457.86,16,2772,4,1,8.66,0
3805,2037.09,4,841,3,0,7.39,0
3806,1469.21,23,150,1,1,29.28,0
3807,14394.68,14,1588,1,0,3.37,0
3808,685.97,22,2140,1,2,23.47,0
3809,3081.26,3,17,3,1,9.07,0
3810,1339.59,9,181,3,0,2.73,0
3811,1452.15,21,2435,2,2,26.1,0
3812,10204.59,2,1366,1,0,41.82,0
3813,614.38,14,189,3,0,28.49,0
3814,3062.82,3,2133,1,0,14.71,1
3815,6454.74,21,1280,3,1,3.75,0
3816,2210.66,0,2366,5,1,31.78,0
3817,665.01,9,2617,3,0,54.96,0
3818,240.39,6,1315,6,1,45.19,0
3819,5538.81,6,789,3,1,13.7,0
3820,2138.87,9,1134,2,1,39.95,0
3821,2722.39,17,1308,2,0,23.96,0
3822,415.58,14,2749,1,2,64.5,1
3823,146.44,3,1117,3,0,37.83,0
3824,1890.02,4,646,4,1,42.14,0
3825,1477.42,8,469,2,1,18.2,0
3826,1524.95,0,2552,2,0,30.13,0
3827,1826.58,17,2106,5,1,14.25,0
3828,9512.72,3,847,2,0,31.96,0
3829,10249.8,17,1435,0,0,12.22,0
3830,5517.63,17,1305,3,1,8.03,0
3831,4790.05,8,580,2,1,8.97,0
3832,1171.59,22,1161,2,1,15.05,0
3833,726.81,18,1003,4,0,11.78,0
3834,3407.5,5,292,1,0,2.44,0
3835,2244.53,9,2512,2,0,14.16,0
3836,1445.21,10,2215,1,0,16.55,0
3837,4371.22,14,208,3,0,13.91,0
3838,277.11,4,119,1,0,26.64,0
3839,767.86,15,2767,1,0,18.99,0
3840,1186.93,1,434,0,0,6.6,0
3841,12640.24,12,221,1,1,21.24,0
3842,1759.56,2,1747,5,0,2.98,0
3843,24674.51,12,734,2,0,13.06,0
3844,1249.56,22,2442,4,1,10.69,0
3845,2744.78,18,2579,4,1,5.27,0
3846,779.09,22,2865,1,1,6.05,0
3847,1263.52,14,2525,1,0,19.35,0
3848,4689.26,11,1280,2,0,20.35,0
3849,1724.6,10,812,5,0,7.04,0
3850,2587.38,22,2748,3,0,9.68,0
3851,8212.54,17,322,1,0,37.11,0
3852,3507.62,14,2326,0,1,4.39,0
3853,191.44,4,381,0,0,54.63,1
3854,1029.52,22,1919,1,0,35.19,0
3855,5540.69,3,1867,2,0,22.25,0
3856,2973.59,9,2804,1,2,0.21,0
3857,2971.76,20,2910,0,0,10.36,0
3858,516.85,14,1928,0,0,18.8,0
3859,4132.89,7,917,0,0,30.11,0
3860,10014.54,4,2527,1,1,11.54,0
3861,3483.91,8,1489,1,3,20.9,0
3862,9071.54,12,752,2,1,0.47,0
3863,4452.5,22,2725,1,1,16.57,0
3864,1241.52,10,1331,2,0,20.58,0
3865,259.96,14,1997,2,1,23.99,0
3866,1361.64,0,268,3,1,44.21,1
3867,2595.15,15,463,2,1,6.6,0
3868,11234.33,11,1961,0,0,1.46,0
3869,5427.68,14,700,2,0,18.48,0
3870,7741.18,9,1428,3,1,4.77,0
3871,671.72,19,2354,3,3,22.19,0
3872,622.0,4,2081,0,0,31.97,0
3873,806.95,3,1662,0,0,10.63,1
3874,628.93,22,439,1,0,13.65,0
3875,653.31,10,2278,1,0,11.55,0
3876,233.18,20,291,5,0,8.54,0
3877,8405.95,9,2183,2,3,1.37,0
3878,1071.57,14,1642,1,0,20.4,0
3879,1041.55,18,1694,2,2,0.09,0
3880,26.54,7,2544,2,0,0.47,0
3881,5909.55,7,2245,5,0,20.27,0
3882,2890.53,5,1976,2,1,3.24,0
3883,2927.1,12,271,1,0,26.34,0
3884,638.85,10,853,5,3,41.73,0
3885,2915.15,22,2421,1,1,25.03,0
3886,1018.82,13,1784,2,0,5.21,0
3887,317.64,18,1402,1,1,25.64,0
3888,3690.84,17,2844,1,1,11.59,0
3889,2122.72,7,709,1,1,12.59,0
3890,9632.52,21,2743,4,1,22.16,0
3891,3395.34,2,2916,4,0,54.83,0
3892,998.94,18,1994,1,0,1.25,0
3893,2110.95,3,2426,1,0,11.16,0
3894,1281.01,19,1897,2,0,31.91,0
3895,1120.04,10,2274,2,0,14.49,0
3896,1407.5,3,1824,1,3,39.32,0
3897,1608.19,5,1262,2,0,35.69,0
3898,1330.29,12,286,2,1,1.7,0
3899,2894.02,19,446,0,0,2.19,0
3900,7856.31,21,2443,3,0,6.6,0
3901,3093.8,12,1342,2,0,8.23,0
3902,3084.17,15,2642,1,1,1.24,0
3903,1823.11,21,252,4,0,66.86,0
3904,762.72,2,892,5,0,53.27,0
3905,715.54,4,2379,1,0,7.26,0
3906,660.74,20,1,6,0,6.4,0
3907,721.7,4,2707,2,0,4.23,0
3908,704.16,4,1856,5,2,0.78,0
3909,7648.37,17,1194,2,0,1.57,0
3910,2578.55,12,2522,1,2,0.72,0
3911,3083.04,18,1832,4,0,38.18,0
3912,9890.31,6,843,2,0,23.3,0
3913,662.83,21,1297,0,2,31.7,0
3914,31.36,9,2336,1,2,14.03,0
3915,2738.92,21,1248,4,0,20.58,0
3916,3985.87,13,2941,1,0,28.19,0
3917,3913.69,11,366,2,0,16.79,0
3918,1173.08,18,34,0,0,31.53,0
3919,10378.9,19,2091,1,1,12.86,0
3920,3749.09,12,523,1,0,40.65,0
3921,4227.78,9,256,3,1,15.24,0
3922,4434.88,11,2249,0,2,7.24,0
3923,1105.35,1,4,2,0,28.15,0
3924,8784.63,22,2294,1,0,19.79,0
3925,3682.05,11,450,2,0,43.09,0
3926,4426.85,9,128,2,1,16.13,0
3927,1784.69,7,1769,2,1,34.43,0
3928,874.07,22,2418,1,1,4.92,0
3929,2326.94,12,2561,1,0,31.86,0
3930,1628.86,10,2916,1,0,29.16,0
3931,1070.8,12,1664,2,0,31.99,0
3932,3888.83,12,1783,0,0,30.85,0
3933,296.36,17,866,0,1,27.86,0
3934,10313.05,21,711,6,0,12.44,0
3935,5119.48,15,570,4,0,32.35,0
3936,1370.04,6,2276,0,1,14.27,0
3937,1660.55,12,1476,0,1,27.64,0
3938,3237.84,13,632,2,0,3.97,0
3939,492.21,9,2745,2,0,17.67,0
3940,1762.59,4,551,2,1,34.68,0
3941,6382.79,0,294,1,0,35.13,0
3942,738.8,20,65,1,0,47.07,0
3943,277.53,4,2955,2,0,6.88,0
3944,3592.44,15,2695,0,1,11.85,0
3945,5374.59,13,557,2,0,1.74,0
3946,2571.46,2,563,0,0,1.26,0
3947,2799.01,20,1704,3,1,13.16,0
3948,10956.85,14,2849,2,1,25.28,0
3949,518.57,19,1744,2,1,18.78,0
3950,9181.32,19,737,4,0,3.64,0
3951,1753.07,14,2087,1,1,45.21,0
3952,1499.46,13,2262,3,0,17.95,0
3953,5153.46,14,1576,2,0,15.0,0
3954,3926.09,11,925,4,0,20.3,0
3955,669.74,5,1740,2,1,12.82,0
3956,2528.04,19,31,5,1,8.39,0
3957,95.35,18,2041,3,0,10.85,0
3958,1378.27,23,970,2,0,14.35,0
3959,6435.39,22,2056,1,1,17.33,0
3960,565.54,8,1683,3,1,6.05,0
3961,3968.33,17,2361,2,0,31.49,0
3962,590.68,11,138,3,0,34.57,0
3963,2771.97,1,2328,2,0,34.4,0
3964,774.14,15,2888,2,1,34.02,0
3965,1071.02,11,464,6,1,22.22,0
3966,1576.96,18,1973,1,1,21.3,0
3967,970.3,22,328,1,0,8.15,1
3968,6585.39,4,2991,0,1,35.78,0
3969,700.59,23,2157,2,0,8.33,0
3970,424.36,8,1905,2,1,37.81,0
3971,2131.54,16,321,3,1,1.76,0
3972,5907.28,16,2499,3,1,9.39,0
3973,3424.09,2,1005,2,0,19.69,0
3974,2633.21,15,2584,4,0,19.95,0
3975,484.55,23,2719,4,1,47.46,0
3976,4408.67,21,320,5,0,28.92,0
3977,10437.54,21,2596,0,0,12.98,0
3978,1011.64,17,2375,2,1,14.94,0
3979,4569.1,9,2512,0,0,34.94,0
3980,1064.84,1,1408,2,1,15.2,0
3981,6232.37,17,45,2,0,3.5,0
3982,471.0,15,1860,2,0,28.46,0
3983,3398.96,16,1922,3,1,10.02,0
3984,557.88,18,1358,2,0,6.46,0
3985,4984.61,13,1446,5,1,40.73,0
3986,2912.49,9,1185,2,1,20.98,0
3987,803.87,5,145,2,0,23.61,0
3988,1319.88,22,2448,4,2,7.83,0
3989,7283.26,23,1246,2,0,26.59,0
3990,3012.41,23,2309,3,0,28.46,0
3991,572.44,8,252,0,0,11.74,0
3992,8743.52,20,1939,1,1,19.6,0
3993,790.18,18,693,3,0,42.41,0
3994,1538.06,18,212,1,0,19.08,0
3995,2340.89,21,1196,5,0,26.0,0
3996,1342.7,23,2558,2,1,1.88,0
3997,5475.45,0,1175,2,1,37.1,0
3998,7049.14,15,338,4,1,3.65,0
3999,2688.88,4,2071,1,1,15.84,0
4000,9157.52,2,1139,4,1,43.08,0
4001,7201.84,8,543,2,2,31.2,0
4002,3427.11,19,1151,0,1,10.89,0
4003,4015.1,8,1053,0,2,21.09,0
4004,1976.16,0,457,1,0,0.09,1
4005,48.31,19,716,2,1,30.71,0
4006,103.22,18,620,3,2,4.46,0
4007,600.36,21,1830,3,0,9.07,0
4008,4333.11,11,719,4,0,16.18,1
4009,2769.39,8,2871,5,1,16.97,0
4010,909.38,7,1987,1,0,26.94,0
4011,717.87,5,2161,1,0,12.35,0
4012,895.0,1,1405,1,0,19.91,0
4013,762.46,2,595,1,0,23.85,0
4014,3518.06,19,632,1,1,11.38,0
4015,1071.93,15,1692,1,1,40.39,0
4016,355.38,12,975,1,0,33.75,0
4017,1638.49,21,1803,1,1,2.71,0
4018,3288.04,23,2612,4,0,10.98,0
4019,312.25,5,864,2,0,33.09,0
4020,16620.24,18,1414,2,1,5.61,0
4021,696.45,1,2631,2,0,10.16,0
4022,362.05,8,476,4,0,1.51,0
4023,2827.73,1,687,4,2,10.06,1
4024,498.59,14,1634,1,0,17.86,0
4025,2588.94,15,1235,1,0,21.65,0
4026,2355.63,15,2182,1,0,4.52,0
4027,1907.79,7,1556,3,0,3.67,0
4028,439.84,21,2891,1,1,26.98,0
4029,3866.65,12,1944,3,0,1.91,0
4030,2295.75,8,595,2,3,30.04,0
4031,2173.4,16,1781,2,0,35.47,0
4032,716.0,0,1183,4,0,15.37,0
4033,13499.07,14,1565,4,2,8.24,0
4034,554.95,21,1294,2,1,41.53,0
4035,2385.26,16,2798,0,2,5.65,0
4036,1399.04,1,399,4,0,27.08,1
4037,3494.09,17,2611,3,1,14.49,0
4038,111.27,11,1769,1,0,10.56,0
4039,1946.63,19,2671,1,0,34.88,0
4040,444.09,8,1373,3,0,38.82,0
4041,4076.15,8,1094,1,1,51.13,0
4042,122.16,3,1046,2,1,20.93,0
4043,7195.11,20,2393,2,1,6.08,0
4044,3478.68,12,1889,1,1,24.08,0
4045,3845.17,21,991,2,0,2.62,0
4046,2145.86,23,2753,0,0,0.25,0
4047,1983.16,18,799,1,0,6.17,0
4048,4751.89,16,1383,1,1,12.31,0
4049,2296.23,21,2828,2,0,13.29,0
4050,2601.79,5,1284,3,1,16.39,0
4051,2599.41,17,44,1,0,12.76,0
4052,6823.03,21,35,0,0,18.65,0
4053,844.67,2,49,2,2,23.69,0
4054,5998.63,13,401,2,0,26.77,0
4055,1462.81,16,426,2,0,19.12,0
4056,272.0,21,1827,2,0,9.29,0
4057,9255.12,11,899,2,1,13.93,0
4058,1841.29,23,1161,4,2,23.55,0
4059,6029.32,8,791,8,0,50.26,0
4060,293.92,1,98,4,0,24.55,0
4061,1413.9,19,377,2,0,13.87,0
4062,976.15,1,2434,5,0,12.14,0
4063,1546.48,21,889,1,1,23.71,0
4064,6822.8,19,2614,1,1,0.13,0
4065,1644.19,3,2901,4,0,31.55,0
4066,51.79,3,354,0,0,42.42,0
4067,375.51,19,533,1,2,27.47,0
4068,15939.21,12,2689,1,0,15.31,1
4069,10750.63,20,2319,3,1,30.74,0
4070,21.46,5,455,1,1,0.73,0
4071,932.21,22,755,1,1,26.53,0
4072,228.74,8,1207,2,0,9.51,0
4073,2208.06,14,2706,1,0,16.49,0
4074,6761.75,2,2617,0,1,7.37,0
4075,1634.96,14,1133,1,0,32.76,0
4076,4071.84,13,2836,2,0,3.86,0
4077,583.07,21,1325,2,4,19.16,0
4078,633.44,8,664,2,1,8.68,0
4079,5659.18,2,1136,2,0,29.6,0
4080,1202.76,1,1568,6,1,4.58,0
4081,3967.9,12,1363,2,0,17.97,0
4082,621.19,1,1058,3,1,22.58,0
4083,9495.98,8,729,1,1,20.34,0
4084,585.53,14,285,2,0,50.8,0
4085,6466.77,15,822,2,0,63.09,0
4086,6808.85,19,1609,2,1,26.96,0
4087,4846.39,5,2644,1,1,3.61,0
4088,1300.02,15,445,4,0,4.85,0
4089,552.03,4,2215,2,0,13.25,0
4090,3994.32,13,895,1,1,43.9,0
4091,2168.74,19,2636,0,0,4.62,0
4092,6932.19,3,1809,4,0,19.57,0
4093,679.9,22,1061,2,0,8.91,0
4094,1982.58,3,143,1,1,4.08,0
4095,5221.97,2,289,1,2,15.52,1
4096,10000.88,18,2981,2,0,5.58,0
4097,1966.86,8,1827,1,0,54.04,0
4098,758.19,0,2039,2,0,32.71,0
4099,1270.14,4,2675,2,0,25.52,0
4100,1547.47,20,4,0,0,8.76,1
4101,462.02,1,2723,1,1,7.8,0
4102,246.27,12,1092,4,0,8.33,0
4103,727.47,4,2868,6,0,17.05,0
4104,2515.11,10,1603,2,0,28.24,0
4105,1740.42,18,16,2,0,22.67,1
4106,6011.24,16,2899,4,2,32.88,0
4107,5884.29,15,1959,0,0,55.77,0
4108,1917.0,13,1655,0,0,27.96,0
4109,4014.1,23,288,5,1,43.81,0
4110,2977.5,17,926,2,2,6.05,0
4111,81.06,0,1575,0,0,38.73,0
4112,9168.79,22,1975,1,0,25.63,0
4113,2875.58,3,2324,3,1,8.41,1
4114,4574.46,17,1471,0,1,2.01,0
4115,5521.78,10,2793,4,1,31.84,0
4116,438.26,9,1641,0,1,10.19,0
4117,6796.67,1,2590,4,1,10.74,0
4118,705.44,20,372,0,0,30.63,0
4119,77.73,11,2190,1,1,15.59,0
4120,107.61,10,330,2,0,1.19,0
4121,9187.65,14,1188,2,1,38.24,0
4122,3599.2,20,832,2,0,19.44,0
4123,5135.53,5,2272,5,0,11.1,0
4124,521.08,1,1574,3,0,11.72,0
4125,500.45,21,783,2,0,43.33,0
4126,7548.88,9,2851,2,0,40.19,0
4127,5105.23,12,438,0,0,6.69,0
4128,738.34,20,2822,0,1,34.92,0
4129,1668.77,11,1993,1,0,17.58,0
4130,10177.49,2,2592,3,2,2.43,0
4131,62.72,14,777,2,1,14.35,0
4132,1591.16,4,147,1,1,26.54,0
4133,1615.67,6,104,3,1,1.67,0
4134,3222.25,23,2429,3,1,9.48,0
4135,3095.01,7,2004,1,0,31.28,0
4136,2839.93,12,259,1,0,13.58,0
4137,1570.23,17,2636,2,0,33.58,0
4138,750.88,9,2047,3,0,10.81,0
4139,4299.52,17,1841,3,0,24.19,0
4140,5456.26,0,152,1,0,19.19,0
4141,2093.88,10,230,1,1,16.63,0
4142,283.77,10,2954,1,0,11.68,0
4143,2802.3,1,1661,3,1,27.53,0
4144,737.89,3,868,1,1,20.11,0
4145,33.17,20,2734,2,0,13.63,0
4146,274.19,16,1878,1,0,60.29,0
4147,2841.33,21,2198,3,1,27.45,0
4148,1360.21,4,2374,1,2,55.16,0
4149,31.25,7,296,4,1,18.82,0
4150,1800.24,1,580,1,0,17.31,1
4151,7464.72,15,2679,5,1,0.18,0
4152,2052.26,0,1931,2,1,6.83,0
4153,2920.47,19,188,1,1,32.34,0
4154,9519.05,7,2873,3,2,16.94,0
4155,3475.84,20,535,1,0,1.38,0
4156,4365.28,0,706,1,0,38.48,0
4157,4060.12,20,205,1,2,11.55,0
4158,819.22,9,399,2,1,9.01,0
4159,13093.5,14,2504,3,0,16.04,0
4160,90.25,5,2421,3,1,15.98,0
4161,201.54,2,436,5,1,48.85,0
4162,359.76,3,2037,5,1,12.1,0
4163,5905.7,19,2522,1,0,18.3,0
4164,3194.63,7,259,1,2,43.93,0
4165,3169.01,6,1746,3,1,4.23,0
4166,10785.83,10,2779,2,0,5.08,0
4167,5399.51,12,1329,2,0,37.32,0
4168,4624.51,3,2803,2,0,4.02,0
4169,5634.33,18,2236,1,1,12.16,0
4170,5080.39,4,1318,1,0,3.8,0
4171,396.05,6,187,2,1,2.09,0
4172,2181.93,18,711,0,1,19.55,0
4173,85.67,10,259,3,0,21.64,0
4174,1307.82,3,1122,0,1,19.71,1
4175,3288.51,4,1701,1,0,7.58,0
4176,1118.96,5,2853,0,1,18.39,0
4177,1563.12,11,2267,0,1,32.13,0
4178,4723.55,5,1797,2,0,43.61,0
4179,4295.24,7,2384,2,0,14.21,0
4180,282.1,1,547,4,0,11.76,0
4181,7900.68,3,2590,1,0,16.67,0
4182,3570.22,19,1541,1,1,11.98,0
4183,1315.73,5,65,1,1,2.42,0
4184,996.91,15,331,4,0,11.66,0
4185,224.21,0,30,1,2,14.4,0
4186,2640.55,5,366,2,1,13.95,0
4187,4335.74,22,2670,2,0,2.47,0
4188,10312.08,18,1163,1,0,3.2,0
4189,2549.24,13,2841,0,0,16.66,0
4190,1400.73,15,2836,3,0,37.36,0
4191,4592.44,4,845,2,0,9.88,0
4192,1010.35,4,2621,2,1,24.96,0
4193,1847.7,8,2143,2,0,16.1,0
4194,3510.2,14,1688,3,1,7.63,0
4195,3506.83,7,715,1,1,3.28,0
4196,2737.26,19,2834,0,2,46.11,0
4197,250.72,1,2443,2,0,49.11,0
4198,5969.14,5,2938,2,0,33.46,0
4199,730.95,15,2507,2,0,15.14,0
4200,5261.07,2,2569,1,1,30.2,1
4201,1168.03,9,1425,3,2,1.91,0
4202,1346.86,13,19,2,1,11.73,1
4203,1856.05,17,966,3,1,2.12,0
4204,1586.63,6,482,0,1,2.71,0
4205,2121.79,16,392,1,1,49.02,0
4206,45.44,19,1483,0,0,16.36,0
4207,2579.31,17,2079,4,1,12.61,0
4208,1571.75,7,1902,2,1,11.49,0
4209,1270.48,20,2701,4,1,22.83,0
4210,2821.41,6,1133,0,1,30.67,0
4211,11622.71,1,794,5,2,16.91,0
4212,10321.13,3,612,2,1,30.34,0
4213,2168.12,21,1944,3,0,22.56,0
4214,1858.2,15,723,1,0,17.72,0
4215,1063.43,5,2745,1,0,36.83,0
4216,1276.88,1,222,0,0,2.86,0
4217,6018.94,20,1492,2,0,15.16,0
4218,441.25,9,859,1,1,15.43,0
4219,1864.3,13,1030,2,0,39.86,0
4220,2363.85,10,2527,2,1,15.36,0
4221,3868.85,14,178,4,0,0.27,0
4222,4901.85,3,215,3,0,8.49,0
4223,1880.57,17,721,1,0,16.6,0
4224,183.4,5,120,1,1,9.08,0
4225,621.56,15,2110,2,0,2.17,0
4226,3402.59,3,291,2,1,5.05,0
4227,1500.79,7,2955,1,2,24.72,0
4228,11454.09,14,2428,1,0,9.76,0
4229,718.97,18,1336,3,1,52.74,0
4230,370.36,13,815,1,0,16.62,0
4231,1373.7,23,2773,0,1,17.06,0
4232,1839.54,10,943,2,2,8.94,0
4233,5221.68,3,1336,5,0,41.47,0
4234,82.82,7,402,4,0,25.3,0
4235,8154.63,7,1690,1,1,11.42,0
4236,4451.62,6,1539,5,3,15.88,0
4237,1195.65,7,302,1,0,18.82,0
4238,2242.84,15,2397,1,1,12.69,0
4239,2805.15,15,223,2,0,44.39,0
4240,684.18,13,594,0,1,17.46,0
4241,3366.87,6,2497,1,0,25.39,0
4242,3103.48,14,730,1,1,13.19,0
4243,2951.91,12,1530,3,0,36.82,0
4244,3024.7,4,1875,1,1,11.54,0
4245,1224.35,23,796,1,1,23.27,0
4246,1076.74,20,1469,2,1,18.61,0
4247,3929.79,8,829,3,1,14.73,0
4248,4144.51,10,522,1,0,24.97,0
4249,2323.1,1,2836,2,1,42.41,0
4250,1591.49,18,245,1,0,46.34,0
4251,589.2,8,560,2,0,41.8,0
4252,273.07,3,1907,0,0,34.14,0
4253,2924.51,14,1714,4,0,11.26,0
4254,1148.48,5,1408,1,0,23.26,0
4255,10686.34,7,1209,2,1,16.71,0
4256,1802.84,19,643,2,0,32.95,0
4257,280.38,20,2505,3,0,18.15,0
4258,2315.21,5,2368,3,0,2.62,0
4259,815.27,17,941,5,0,24.96,0
4260,2.44,2,1687,2,0,52.8,0
4261,447.6,16,2004,1,1,28.51,0
4262,7237.74,6,2424,2,1,22.2,0
4263,397.12,15,1896,2,1,8.81,0
4264,662.18,8,60,1,1,15.24,0
4265,937.06,23,1754,1,0,15.15,0
4266,748.73,23,1011,1,1,15.92,0
4267,1394.19,7,1341,2,0,17.73,0
4268,2332.72,13,2374,1,0,23.4,0
4269,6730.32,7,2424,2,0,37.88,0
4270,7489.46,4,2350,1,0,35.89,0
4271,720.32,0,1712,2,0,2.27,0
4272,1730.92,1,165,1,1,41.02,0
4273,2331.25,15,2066,1,0,46.06,0
4274,673.92,1,1744,1,0,50.46,0
4275,9975.08,16,1616,3,0,25.53,0
4276,5843.11,15,2854,4,1,15.85,0
4277,1281.34,3,1854,3,0,3.02,0
4278,4285.42,15,986,5,0,12.36,0
4279,3433.13,2,2288,1,2,19.94,0
4280,1772.59,0,2840,2,0,27.23,0
4281,1218.78,23,1666,1,0,16.73,0
4282,7668.22,6,544,4,1,34.8,0
4283,1477.21,11,1212,1,0,15.36,0
4284,123.45,7,2653,1,2,17.95,0
4285,2413.59,2,66,3,1,31.65,0
4286,197.26,15,2741,1,0,14.05,0
4287,1197.38,9,663,1,1,11.75,0
4288,3362.37,22,1882,0,2,22.97,0
4289,2704.29,18,2391,0,0,16.12,0
4290,3377.75,0,1864,0,0,24.5,0
4291,2426.13,14,568,0,1,1.35,0
4292,10310.89,22,1661,3,0,31.29,0
4293,275.43,5,1518,2,2,41.76,0
4294,3852.76,20,1902,1,2,32.39,0
4295,5893.35,22,2595,1,0,21.28,0
4296,246.69,0,2570,5,0,10.12,1
4297,1174.65,2,1577,3,1,16.01,0
4298,8205.14,22,1364,3,0,30.04,0
4299,9619.86,16,134,3,2,19.92,0
4300,4766.93,9,1745,2,0,55.28,0
4301,13345.67,8,2860,4,0,23.78,0
4302,1625.03,19,2222,1,0,15.71,0
4303,1582.49,18,849,4,0,3.14,0
4304,1503.77,21,332,2,0,26.11,0
4305,1148.93,19,1376,2,0,1.23,0
4306,8072.08,23,225,0,0,7.11,0
4307,4420.77,16,2764,4,0,19.05,0
4308,1144.09,11,212,0,0,53.46,0
4309,378.49,3,1569,3,2,49.15,0
4310,2891.3,11,1907,3,1,3.03,0
4311,847.52,19,168,2,0,35.05,0
4312,642.26,11,1501,0,0,6.29,0
4313,2476.62,5,2655,2,1,27.71,0
4314,2040.54,17,2888,2,1,1.01,0
4315,6576.98,2,2297,3,1,19.25,0
4316,31.34,22,839,1,1,33.98,0
4317,2968.11,4,1372,1,0,47.69,1
4318,2175.54,7,2211,3,0,23.3,0
4319,2340.43,3,2659,1,0,54.72,0
4320,2761.94,15,2377,5,0,41.83,0
4321,5704.96,22,860,1,1,15.17,0
4322,1934.18,23,924,1,0,9.97,0
4323,678.2,10,1445,1,0,31.7,0
4324,132.48,8,2063,1,0,10.29,0
4325,5209.7,21,1733,3,1,6.05,0
4326,639.42,8,224,4,1,23.51,0
4327,493.3,2,1528,4,1,11.77,0
4328,4160.63,11,1854,3,0,24.18,0
4329,8096.53,15,2054,0,0,37.41,0
4330,2166.81,16,503,0,0,14.62,0
4331,396.68,15,2908,1,2,24.68,0
4332,4919.01,17,2779,4,1,6.23,0
4333,292.02,17,1198,1,0,9.71,0
4334,5357.55,14,2544,3,0,16.29,0
4335,2666.73,11,2758,2,0,24.66,0
4336,4054.03,22,269,0,1,2.06,0
4337,3414.88,6,1876,0,0,17.91,0
4338,2431.99,2,329,2,0,0.13,0
4339,324.67,12,733,2,1,1.46,0
4340,676.2,9,316,2,1,40.87,0
4341,13832.19,3,675,1,1,6.48,0
4342,132.62,8,459,1,0,14.53,0
4343,1027.43,22,607,2,0,45.68,0
4344,2866.59,15,617,1,0,36.16,0
4345,141.3,6,2133,2,1,14.55,0
4346,2215.07,20,93,0,1,8.31,0
4347,655.18,9,1707,1,1,14.48,0
4348,2332.55,21,2218,2,1,30.62,0
4349,6288.19,4,1942,2,0,26.72,0
4350,3105.55,11,1721,2,0,27.27,0
4351,1573.62,14,2641,1,0,15.75,0
4352,1574.49,0,1195,0,0,73.59,1
4353,2579.68,6,258,2,1,8.67,0
4354,337.35,0,952,6,0,5.04,0
4355,1392.82,16,2641,2,0,34.71,0
4356,2297.12,10,1687,0,1,1.07,0
4357,727.64,18,1405,2,0,28.38,0
4358,1619.72,20,2647,2,0,21.68,0
4359,2524.7,10,1992,1,0,35.04,0
4360,2384.3,18,2728,3,2,4.33,0
4361,132.69,22,2172,5,1,22.54,0
4362,121.4,17,1824,2,1,17.96,0
4363,1210.66,14,1246,1,1,54.6,0
4364,3971.14,18,541,3,1,13.19,0
4365,1060.17,9,704,2,1,16.43,0
4366,1789.97,8,929,1,0,38.32,0
4367,1228.42,15,1524,4,0,7.78,0
4368,735.42,9,194,1,1,7.49,0
4369,7047.16,4,1447,1,0,54.38,0
4370,399.97,9,1868,0,2,70.84,0
4371,282.48,5,2534,3,0,55.16,0
4372,9047.9,5,2916,0,1,15.54,0
4373,3701.54,17,1169,4,1,59.99,0
4374,5095.31,5,719,3,1,55.88,0
4375,2563.77,22,2838,1,1,16.65,0
4376,4394.38,21,629,2,0,16.73,0
4377,500.44,5,975,2,1,16.13,1
4378,1004.42,3,169,1,0,0.5,0
4379,142.73,10,2354,6,0,28.85,0
4380,14824.49,4,1806,3,2,17.06,0
4381,2616.63,8,1515,0,0,15.23,0
4382,88.01,5,841,3,1,30.39,0
4383,1551.01,17,2897,1,0,12.56,0
4384,6495.33,1,2727,3,0,27.37,0
4385,1323.91,10,1409,2,1,6.26,0
4386,2699.44,4,1528,2,2,39.48,0
4387,5118.09,14,2212,3,1,12.68,0
4388,6821.61,5,2186,1,0,20.1,0
4389,2873.05,9,498,2,0,53.94,0
4390,306.22,0,1658,2,0,5.68,0
4391,316.82,15,596,1,0,52.12,0
4392,0.29,14,1312,5,1,8.98,0
4393,2024.95,4,18,2,0,45.12,1
4394,670.4,23,2238,1,1,52.81,0
4395,1735.97,16,1357,1,0,53.74,0
4396,237.23,20,2890,1,0,11.5,0
4397,1198.37,9,1942,4,1,1.51,0
4398,1668.7,9,2350,2,0,6.94,0
4399,5597.5,21,603,2,1,6.2,0
4400,9206.54,18,2985,2,0,12.39,0
4401,2457.23,14,1388,3,1,10.22,0
4402,562.62,22,461,3,0,40.07,0
4403,1425.24,23,1962,1,0,7.41,0
4404,1010.63,1,572,1,1,8.3,0
4405,7367.09,21,2257,2,0,7.16,0
4406,1400.23,3,1262,2,0,10.77,0
4407,1784.2,0,1646,0,0,16.81,0
4408,570.91,19,903,0,0,16.19,0
4409,3014.32,14,1464,1,0,26.65,0
4410,924.53,2,1337,0,1,8.15,0
4411,902.5,1,2491,1,0,35.55,0
4412,4811.17,20,800,3,1,24.88,0
4413,5651.18,18,2157,1,2,26.16,0
4414,1653.67,7,1139,0,0,5.0,0
4415,2976.59,6,93,2,0,7.79,0
4416,3.75,2,2206,3,3,23.69,0
4417,274.38,14,2774,2,1,18.07,0
4418,7.91,21,358,2,1,36.72,0
4419,3642.15,16,1616,1,0,52.91,1
4420,2651.18,6,2009,4,0,6.99,0
4421,212.83,10,2471,3,0,29.79,0
4422,765.17,19,2096,0,0,13.39,0
4423,37.35,1,2732,0,0,6.42,0
4424,1021.09,11,1629,1,0,27.18,0
4425,1047.7,4,2933,3,0,30.14,0
4426,5068.03,13,1515,0,0,3.53,0
4427,122.99,12,1528,0,0,1.44,0
4428,4427.46,0,1166,1,1,17.34,0
4429,5736.99,11,1440,1,0,27.25,0
4430,901.02,9,1826,3,0,22.8,0
4431,4186.97,17,359,1,0,44.1,0
4432,447.07,6,2982,3,0,69.16,0
4433,5513.69,14,1703,4,1,17.11,0
4434,82.1,14,1183,4,0,0.51,0
4435,2099.17,5,2982,3,1,29.35,0
4436,800.36,13,2985,2,1,6.67,0
4437,3362.31,13,572,1,1,14.61,0
4438,2562.28,18,2450,1,0,14.89,0
4439,334.68,2,589,0,2,27.31,0
4440,1055.82,6,1243,2,3,37.84,0
4441,1214.36,15,2152,1,1,13.54,0
4442,73.71,10,271,0,2,60.62,0
4443,1299.09,18,1540,2,0,13.38,0
4444,6750.72,2,28,0,1,11.01,0
4445,2673.41,13,2617,2,0,9.87,0
4446,1197.59,8,1698,4,1,4.69,0
4447,1227.75,5,2277,3,1,23.86,0
4448,8157.08,14,2910,2,0,22.38,0
4449,225.36,18,561,2,0,12.61,0
4450,664.54,6,762,0,1,1.34,0
4451,2280.13,12,1186,6,0,1.23,0
4452,2081.63,17,2010,4,1,23.15,0
4453,1494.96,1,1237,4,0,27.02,0
4454,345.87,18,1245,2,0,21.26,0
4455,3488.58,15,2291,4,1,17.16,0
4456,8641.79,23,1899,2,1,37.59,0
4457,3825.51,7,110,1,0,4.7,0
4458,4950.05,0,631,2,0,29.91,0
4459,487.57,8,1230,2,0,16.1,1
4460,4649.53,20,2608,2,0,0.95,0
4461,48.49,15,509,0,0,23.31,0
4462,309.09,20,2728,1,0,4.56,0
4463,1174.01,9,1709,3,0,38.35,0
4464,20.46,5,2015,3,1,25.28,0
4465,2014.76,22,2642,1,2,53.12,0
4466,2303.93,7,117,1,1,8.68,0
4467,3519.47,3,1136,0,0,4.62,0
4468,753.1,15,274,3,0,20.09,0
4469,2592.97,19,1482,3,0,35.52,0
4470,1233.23,18,1969,4,1,66.34,0
4471,4435.39,18,1787,3,1,14.12,0
4472,141.01,8,2573,1,0,35.71,0
4473,15417.19,21,1950,2,1,9.34,1
4474,2183.34,22,490,1,0,29.34,0
4475,112.35,11,2100,3,0,32.68,0
4476,556.42,23,2357,5,0,14.99,0
4477,290.09,0,1064,2,2,14.19,0
4478,929.29,5,2383,1,0,40.85,0
4479,477.41,1,599,8,0,1.81,0
4480,3229.25,10,1889,4,0,26.38,0
4481,2839.7,22,555,3,0,49.23,0
4482,1344.62,11,669,3,2,25.28,0
4483,2428.36,1,1117,0,0,0.41,0
4484,1455.23,11,1719,2,1,0.81,0
4485,338.64,20,1459,1,3,43.57,0
4486,2758.97,1,1188,1,0,24.38,0
4487,7232.09,9,2170,2,0,49.65,0
4488,11261.86,20,315,4,1,3.41,0
4489,316.7,16,794,3,1,18.75,0
4490,13043.18,20,751,2,0,39.47,0
4491,4853.75,3,2453,1,1,28.04,0
4492,3678.98,5,2228,4,1,23.14,0
4493,5979.64,10,1296,2,0,47.71,0
4494,269.32,21,1234,2,1,5.75,0
4495,1039.76,8,2808,2,0,18.71,0
4496,9167.86,22,2820,6,0,16.36,0
4497,4480.91,11,393,4,0,1.88,0
4498,1037.57,17,2376,1,0,26.35,0
4499,653.96,11,589,2,0,11.74,0
4500,10285.86,0,561,2,1,33.16,0
4501,1483.27,16,1153,4,0,12.64,0
4502,4315.69,11,1987,1,0,30.04,0
4503,2528.86,13,1394,1,0,19.03,0
4504,1062.72,5,420,3,0,13.78,0
4505,4926.7,6,634,0,0,9.59,0
4506,5157.21,16,906,3,0,14.22,0
4507,189.9,6,2289,0,0,7.88,0
4508,1422.26,19,2825,1,1,12.82,0
4509,4528.08,16,2180,2,2,13.96,0
4510,1926.63,22,2258,3,0,48.68,0
4511,1687.65,22,467,2,1,21.85,0
4512,642.64,13,1887,3,1,2.06,0
4513,4969.29,2,478,2,0,16.27,0
4514,1948.5,4,72,3,0,6.76,0
4515,1868.75,15,1427,1,0,11.91,0
4516,157.41,9,2831,3,0,26.44,0
4517,3803.53,11,570,2,2,16.49,0
4518,46.23,14,2448,1,1,15.6,0
4519,1420.51,16,1402,3,0,29.49,0
4520,3064.86,5,2908,3,0,25.16,0
4521,5285.61,9,118,5,0,29.65,1
4522,716.95,23,486,1,0,19.26,0
4523,6504.69,7,528,2,1,39.01,0
4524,2578.19,22,584,1,0,3.55,0
4525,3128.68,22,929,1,0,2.46,0
4526,2739.76,9,514,4,0,5.54,0
4527,383.99,6,534,3,0,2.95,0
4528,1617.98,2,1741,4,2,1.81,0
4529,7956.05,22,458,4,0,8.14,0
4530,4229.34,2,78,1,1,15.82,0
4531,4924.41,15,1767,2,0,15.68,0
4532,6449.38,1,805,0,0,40.27,0
4533,91.49,3,135,2,0,29.98,0
4534,1702.42,21,2104,0,2,48.94,0
4535,2105.44,18,243,1,0,31.05,0
4536,32.66,15,488,0,0,17.33,0
4537,9266.77,8,178,2,0,17.55,0
4538,4032.46,2,1236,1,1,4.72,0
4539,6956.45,21,43,1,0,15.46,0
4540,700.4,3,508,3,0,45.92,0
4541,92.93,19,842,1,1,3.58,0
4542,12787.7,18,820,1,0,10.43,0
4543,3605.72,5,2747,1,0,26.68,0
4544,2358.35,11,120,1,0,8.67,0
4545,81.37,2,597,0,0,4.54,0
4546,54.42,23,1137,0,1,29.29,0
4547,4616.81,18,1425,1,0,15.13,0
4548,1739.66,11,658,2,0,5.65,0
4549,651.91,16,2985,4,0,15.56,0
4550,16643.48,19,991,3,0,31.01,0
4551,1664.84,16,2336,0,0,41.18,0
4552,7401.34,2,406,1,1,26.31,0
4553,4833.1,18,58,2,1,13.16,0
4554,1997.6,16,889,3,0,11.26,0
4555,2758.6,22,785,2,0,9.79,0
4556,2866.9,9,704,4,0,25.44,0
4557,542.27,17,18,3,0,30.21,0
4558,5612.55,23,405,2,2,18.41,0
4559,2556.23,6,2066,2,0,16.0,0
4560,2930.11,22,1945,2,0,32.95,0
4561,11045.08,11,2860,4,1,3.6,0
4562,570.05,18,759,2,2,45.38,0
4563,953.88,14,2759,2,1,6.52,0
4564,2195.54,3,741,3,1,19.05,1
4565,17347.5,11,1555,1,1,34.47,0
4566,2113.64,13,878,5,0,50.15,0
4567,341.72,16,933,4,0,10.28,0
4568,96.53,13,463,1,1,29.85,0
4569,573.0,10,507,1,0,5.62,0
4570,10198.17,14,452,2,0,43.68,0
4571,2369.5,16,557,2,0,2.12,0
4572,4937.97,15,1480,1,1,30.39,0
4573,3139.53,22,1181,2,0,6.77,0
4574,9278.73,17,2958,2,1,16.51,0
4575,5872.05,1,337,5,0,7.1,0
4576,1059.01,10,2023,3,1,8.1,0
4577,3347.86,3,1577,2,0,15.28,0
4578,1003.43,9,1872,1,0,19.78,0
4579,6181.84,19,1278,1,1,30.33,0
4580,8.91,21,1819,2,0,18.71,0
4581,5462.16,7,2269,1,0,2.86,0
4582,502.65,13,1191,0,0,2.24,0
4583,3663.16,13,774,4,0,2.43,0
4584,1564.74,2,1949,3,1,18.37,0
4585,9.65,21,1506,2,0,1.21,0
4586,1085.78,5,53,3,0,16.68,0
4587,4108.71,21,2014,1,0,24.04,0
4588,1254.09,21,431,3,0,5.43,0
4589,1322.07,12,1795,2,0,9.19,0
4590,6350.25,16,2698,2,0,14.06,0
4591,807.1,21,349,0,0,5.04,0
4592,817.21,3,588,0,0,3.01,0
4593,3764.2,12,1641,0,0,2.07,0
4594,2333.31,22,2419,2,0,33.74,0
4595,4385.61,3,692,1,0,5.1,0
4596,2601.74,2,1490,4,0,35.31,0
4597,2379.8,6,1388,3,1,14.04,0
4598,3481.29,6,2437,3,0,15.17,0
4599,3767.1,12,503,2,0,41.53,0
4600,10275.31,7,1740,2,1,5.14,0
4601,877.91,23,2045,0,1,10.47,0
4602,407.55,8,2923,3,0,17.28,0
4603,6340.8,18,2432,2,0,17.62,0
4604,189.7,8,2638,4,0,2.94,0
4605,373.5,12,1459,2,0,13.81,0
4606,724.47,15,2731,0,0,21.71,0
4607,3466.71,19,1657,3,1,3.27,0
4608,246.92,15,2095,2,0,2.69,1
4609,3538.33,8,604,2,1,25.11,0
4610,247.35,14,443,1,0,46.08,0
4611,3956.17,3,1027,2,0,20.01,0
4612,8745.85,15,2037,5,0,17.69,0
4613,4525.4,7,2574,2,0,24.99,0
4614,488.54,4,122,2,0,25.93,0
4615,15756.23,3,217,3,0,11.69,0
4616,1890.19,2,2041,0,0,50.42,0
4617,11922.88,21,110,0,0,12.28,0
4618,2165.87,5,1568,1,0,26.23,0
4619,38.28,19,2783,0,1,6.38,0
4620,2951.4,10,626,2,0,27.37,0
4621,2520.43,9,2548,0,0,8.53,0
4622,2078.07,19,395,1,1,15.61,0
4623,423.03,2,2708,0,1,27.21,0
4624,970.67,16,2017,2,0,5.03,0
4625,818.48,14,828,1,1,7.08,0
4626,4099.62,9,2712,3,0,6.61,0
4627,11432.31,15,2009,2,0,42.7,0
4628,5735.23,16,1072,3,1,2.78,0
4629,620.37,17,1408,1,0,56.43,0
4630,1254.14,17,2239,4,0,63.54,0
4631,6986.19,0,130,3,0,3.2,0
4632,7452.05,13,488,1,0,30.48,0
4633,2306.49,12,1844,3,0,9.95,0
4634,7030.0,10,1542,4,0,43.7,0
4635,1082.14,14,1883,2,1,17.83,0
4636,2498.41,1,135,0,1,7.31,0
4637,2171.32,5,2281,1,2,5.82,0
4638,2216.01,21,1242,1,0,9.43,0
4639,6668.42,22,673,3,1,41.47,0
4640,2999.0,15,1765,2,0,30.75,0
4641,1346.65,4,1280,2,0,20.32,0
4642,1625.92,22,1594,1,0,7.95,0
4643,853.7,15,449,3,0,11.72,1
4644,1334.58,18,2765,3,0,23.95,1
4645,9347.76,15,2704,2,1,18.17,0
4646,2404.01,17,2808,2,0,15.23,0
4647,1611.6,17,2344,3,1,11.8,0
4648,1164.3,15,1950,2,0,31.17,0
4649,286.62,17,641,0,1,28.43,0
4650,2386.46,16,229,3,0,8.31,0
4651,2724.77,12,1079,0,0,10.79,0
4652,9293.98,15,2421,2,0,39.96,0
4653,2083.26,12,2527,1,0,14.29,0
4654,6019.99,21,1445,2,0,13.16,0
4655,118.52,9,1313,2,0,31.56,0
4656,2831.32,1,116,4,1,16.51,0
4657,11381.65,18,185,4,0,38.8,0
4658,704.04,4,1501,1,0,12.42,0
4659,4167.78,11,2392,2,1,14.79,0
4660,1455.02,0,2561,1,1,17.87,0
4661,6899.01,10,1559,1,0,7.42,0
4662,6483.35,3,1754,3,2,17.02,0
4663,2323.58,11,1464,2,0,9.44,0
4664,6504.38,13,1439,4,0,11.78,0
4665,7484.8,1,2709,5,1,3.16,0
4666,1582.03,7,1015,3,1,32.95,0
4667,4189.22,7,2655,2,2,10.21,0
4668,1862.37,9,2428,1,0,7.9,0
4669,2673.53,2,2819,1,0,5.72,0
4670,388.54,2,1249,1,1,23.92,0
4671,2665.09,3,1383,1,1,9.99,0
4672,751.4,5,81,0,1,3.91,0
4673,7757.09,17,1336,1,0,4.28,0
4674,5395.26,1,1888,1,2,6.97,0
4675,13817.91,21,1731,3,0,15.23,0
4676,908.93,18,2109,2,0,6.21,0
4677,390.57,13,1093,2,0,13.0,0
4678,2913.34,0,2851,3,1,22.6,0
4679,3278.14,15,2409,2,0,11.43,0
4680,338.44,0,1297,1,0,33.08,0
4681,6211.4,12,2337,3,0,6.98,0
4682,5242.69,12,1321,0,0,25.96,0
4683,2408.33,18,401,1,0,20.98,0
4684,2036.06,15,410,3,0,16.01,0
4685,1848.11,22,2766,0,0,2.91,0
4686,580.15,6,1377,3,0,6.19,0
4687,1628.85,15,2060,1,0,22.15,0
4688,1317.43,21,1391,2,1,14.11,0
4689,3874.86,5,2519,4,1,14.13,0
4690,5807.51,9,1489,3,0,9.67,0
4691,4572.93,13,827,0,1,13.76,0
4692,2095.71,15,2603,2,0,20.94,0
4693,833.11,2,2195,1,0,30.52,0
4694,1092.09,6,1178,3,0,26.47,0
4695,14732.65,8,195,2,0,44.6,0
4696,2959.51,9,2350,2,0,10.82,0
4697,6773.91,12,926,2,0,39.63,0
4698,5034.81,19,377,1,0,10.84,0
4699,567.02,22,2369,2,1,13.51,0
4700,14959.63,3,2425,3,0,7.75,0
4701,97.87,10,1120,2,1,27.86,0
4702,190.18,2,2321,3,1,38.08,1
4703,518.99,16,1947,2,0,31.69,0
4704,679.95,13,860,2,0,23.7,0
4705,766.9,11,315,3,1,7.03,0
4706,307.56,20,1237,1,2,7.31,0
4707,882.7,16,1229,2,0,6.37,0
4708,9096.96,13,2718,1,1,12.56,0
4709,181.69,17,1284,3,0,2.48,0
4710,10084.55,6,1698,2,1,20.89,0
4711,1651.83,12,1030,1,1,29.11,0
4712,297.26,19,2111,3,2,17.62,0
4713,911.06,14,2751,4,0,24.09,0
4714,277.7,17,740,4,1,4.08,0
4715,4583.57,0,2572,3,0,15.05,1
4716,1919.27,22,2115,4,0,0.52,0
4717,2443.07,5,2363,0,0,34.78,0
4718,947.54,15,873,1,2,29.84,0
4719,2610.33,21,1915,3,0,8.18,0
4720,1014.72,8,2613,1,0,41.91,0
4721,444.21,17,2517,2,1,39.38,0
4722,946.28,13,2319,0,0,1.09,0
4723,234.35,23,2568,0,0,43.57,0
4724,2352.55,1,2140,0,0,9.64,0
4725,711.7,6,1493,3,0,15.89,0
4726,10350.02,14,606,3,1,21.3,0
4727,234.62,7,617,5,0,43.03,0
4728,215.69,23,2808,3,1,16.97,0
4729,3892.78,9,1784,1,1,12.46,0
4730,884.31,13,1306,1,1,5.93,0
4731,1713.37,2,2597,1,0,10.13,0
4732,267.75,6,1690,3,1,7.34,0
4733,5325.89,8,1176,2,0,7.06,0
4734,649.79,20,658,4,0,22.36,0
4735,1130.11,8,2814,3,0,12.35,0
4736,2693.88,19,968,1,1,53.25,0
4737,3489.35,12,977,3,0,14.16,1
4738,3153.38,3,615,0,0,3.24,0
4739,3287.37,6,114,0,2,46.76,0
4740,770.53,7,1272,1,3,3.33,0
4741,3517.77,14,1989,2,0,15.35,0
4742,133.52,17,1787,5,0,5.56,0
4743,2794.83,13,2650,2,0,12.4,0
4744,4474.7,1,828,1,0,5.14,0
4745,7179.0,5,1118,2,0,16.28,0
4746,8024.09,4,120,0,0,14.94,0
4747,2484.01,8,1138,3,1,1.75,0
4748,3023.03,21,2256,3,2,17.84,0
4749,10796.51,5,2640,2,0,24.93,0
4750,2886.29,1,2960,2,0,54.01,0
4751,36.21,15,82,3,1,23.62,0
4752,3214.09,1,344,0,0,13.61,0
4753,4268.37,10,2465,3,0,15.44,0
4754,10173.11,9,261,0,0,35.19,0
4755,1157.18,13,1489,1,0,45.3,0
4756,2897.64,21,2693,0,0,25.05,0
4757,3152.33,2,1626,1,1,12.24,0
4758,4417.24,23,576,4,0,22.98,0
4759,2281.85,7,459,4,0,12.05,0
4760,264.26,18,2050,2,1,21.1,0
4761,1453.76,3,2138,3,0,13.19,0
4762,2895.89,21,2378,2,1,12.44,0
4763,1430.28,16,1032,2,0,13.68,0
4764,6467.91,15,370,4,0,8.95,0
4765,844.95,7,2457,1,1,13.45,0
4766,1319.62,3,1284,4,3,10.55,0
4767,681.0,10,2394,1,0,1.88,0
4768,4480.93,23,1598,7,1,23.28,0
4769,3881.81,23,967,2,0,33.04,0
4770,4255.26,13,893,2,1,4.27,0
4771,1195.07,4,438,2,1,17.58,0
4772,1766.07,5,877,3,2,3.35,1
4773,6882.49,8,1801,1,0,3.52,0
4774,732.89,13,1042,1,0,33.3,0
4775,788.76,18,230,0,1,9.23,0
4776,3721.35,15,2186,3,2,1.85,0
4777,1070.24,11,2866,2,0,17.12,0
4778,2428.47,3,1297,1,1,36.9,0
4779,2199.54,17,1736,5,0,23.52,0
4780,3032.26,15,2797,1,0,43.81,0
4781,791.64,7,1138,2,0,18.15,0
4782,9752.22,4,1487,0,0,14.89,0
4783,2086.73,15,2932,3,1,2.66,0
4784,9573.66,11,1263,0,0,13.08,0
4785,4355.24,0,2644,1,1,8.37,0
4786,1279.3,19,143,0,0,8.74,0
4787,1602.51,23,2713,1,0,8.03,0
4788,6303.54,1,2830,3,2,30.71,0
4789,1579.83,21,982,1,0,17.07,0
4790,1807.0,8,2264,2,1,6.34,0
4791,2155.69,12,1267,3,2,24.59,0
4792,981.24,20,2870,1,2,3.56,0
4793,3093.72,11,2807,5,3,3.51,0
4794,1848.06,3,2191,2,0,64.08,0
4795,3240.14,7,1813,0,0,3.04,0
4796,5971.06,12,33,2,1,15.73,0
4797,2729.37,12,1047,3,2,32.69,0
4798,1420.24,9,370,0,0,23.28,0
4799,6503.16,7,1219,2,1,11.54,0
4800,1655.3,6,657,1,0,38.12,0
4801,3999.91,14,2587,3,1,27.27,0
4802,588.6,10,2640,4,1,0.2,0
4803,2599.62,13,139,0,1,37.28,0
4804,2458.9,8,329,1,0,2.72,0
4805,950.06,15,1930,0,1,26.63,0
4806,4813.81,23,1692,4,3,19.23,0
4807,1119.01,10,2939,0,1,33.47,0
4808,7877.49,13,412,0,1,5.84,0
4809,3364.06,5,2861,4,1,18.37,0
4810,15.31,8,2074,1,1,3.74,0
4811,1040.31,2,1442,2,0,31.04,0
4812,1575.22,13,2467,1,1,3.96,0
4813,721.42,23,2244,1,0,3.02,0
4814,1497.43,23,1339,3,2,7.31,0
4815,1783.52,14,2848,2,0,15.01,0
4816,8.58,0,214,2,0,31.64,1
4817,2109.91,20,2628,2,0,7.05,0
4818,458.72,5,2582,3,0,16.58,0
4819,231.96,14,2626,6,0,27.18,0
4820,1172.07,4,13,1,0,30.33,0
4821,4945.53,12,820,5,0,14.46,0
4822,2861.62,20,1252,5,0,40.19,0
4823,93.79,10,2359,5,0,1.44,0
4824,4469.65,2,454,2,0,13.06,0
4825,907.35,5,1023,2,0,37.45,0
4826,4113.87,16,2923,1,0,24.91,0
4827,2139.34,20,533,2,0,4.73,0
4828,158.16,19,2809,1,0,24.3,0
4829,1277.27,13,1309,2,0,47.25,0
4830,2770.05,14,1960,3,0,32.81,0
4831,1068.87,23,547,3,1,18.11,0
4832,1596.14,8,711,1,0,0.91,0
4833,2597.68,21,2430,8,0,21.1,0
4834,455.22,10,1155,1,2,23.32,0
4835,243.03,6,346,4,0,12.01,0
4836,6256.97,13,1506,2,0,38.25,0
4837,268.2,5,1612,3,2,30.51,0
4838,1538.89,12,2337,1,0,8.36,0
4839,2813.63,7,85,2,0,7.37,0
4840,1791.82,0,2288,1,0,31.92,0
4841,2433.15,20,2507,3,0,8.46,0
4842,749.12,20,937,1,1,32.71,0
4843,1125.08,2,1895,1,1,4.08,1
4844,84.63,6,1073,3,1,0.7,0
4845,10483.57,22,692,5,0,39.27,0
4846,345.49,1,1643,3,1,40.65,0
4847,8623.48,19,1757,4,0,47.93,0
4848,707.97,19,1066,5,2,19.6,0
4849,75.93,4,365,4,1,66.33,0
4850,1125.73,11,697,1,1,12.07,0
4851,707.95,18,481,0,0,20.14,0
4852,8823.99,0,2944,0,2,20.29,0
4853,13488.97,16,1783,1,0,43.07,0
4854,257.46,14,2760,1,1,12.05,0
4855,1665.55,15,486,3,1,1.14,0
4856,1598.23,7,2923,1,0,47.95,0
4857,1258.98,6,781,2,0,10.1,0
4858,1626.58,8,1180,1,1,20.06,1
4859,918.19,23,2025,1,0,10.44,0
4860,4295.53,12,534,1,1,28.65,0
4861,922.47,13,847,0,0,1.43,0
4862,3954.11,19,883,5,0,13.16,0
4863,1332.96,9,2977,0,0,14.6,0
4864,19.27,21,776,2,2,16.25,0
4865,1570.11,13,739,2,0,10.91,1
4866,1859.5,13,598,2,0,5.44,0
4867,3220.48,0,1189,0,0,19.8,0
4868,616.66,8,965,2,0,2.42,0
4869,12579.67,19,1848,2,0,20.52,0
4870,2735.35,7,1515,3,0,22.43,0
4871,422.19,18,2803,3,0,30.22,0
4872,4185.55,20,1877,5,1,56.05,0
4873,272.7,2,43,0,0,41.38,0
4874,990.35,15,546,1,0,13.46,0
4875,1153.26,10,2839,0,0,1.57,0
4876,8932.53,12,2814,1,0,29.55,0
4877,2330.43,6,2922,0,0,17.47,0
4878,863.67,12,2902,0,0,29.72,0
4879,149.81,13,2447,2,0,4.91,0
4880,2347.1,8,300,2,0,67.04,0
4881,1718.15,3,2282,1,2,43.51,0
4882,2490.66,1,214,1,1,12.25,0
4883,6000.47,10,962,1,0,27.56,0
4884,2614.05,15,1452,1,0,5.85,0
4885,1896.74,19,2748,1,0,43.6,0
4886,331.82,19,2907,4,1,13.62,0
4887,666.97,23,187,4,1,22.53,0
4888,2904.42,0,1039,1,0,31.84,0
4889,75.15,16,2539,0,0,2.89,0
4890,420.92,12,1240,2,1,15.5,0
4891,1929.92,12,2750,2,0,43.89,0
4892,1069.44,11,542,3,1,4.97,0
4893,4573.74,17,169,1,0,12.1,0
4894,1465.02,18,735,1,0,31.1,0
4895,870.6,8,696,2,1,22.89,0
4896,6680.06,16,2019,1,2,13.83,0
4897,2307.56,10,1918,1,3,49.78,0
4898,128.55,4,368,2,0,3.76,0
4899,871.36,10,2910,3,0,5.83,0
4900,2133.47,16,1774,1,0,30.31,0
4901,2219.69,4,1067,2,0,3.96,0
4902,3000.59,3,1284,4,1,48.88,0
4903,2340.67,1,524,2,0,29.98,0
4904,557.6,15,1151,1,1,40.87,0
4905,289.04,23,1477,1,0,1.84,0
4906,1223.16,13,1159,4,0,9.79,0
4907,4190.73,8,2511,2,0,25.25,0
4908,1049.22,8,2118,3,0,24.27,0
4909,1238.53,10,1785,2,1,54.86,0
4910,25.31,5,1293,0,0,22.87,1
4911,7187.58,23,2013,1,0,20.44,0
4912,2642.07,4,2277,2,0,7.49,1
4913,333.06,21,2608,1,0,53.23,0
4914,2953.52,14,218,1,1,45.36,0
4915,1462.55,6,609,2,2,10.82,0
4916,1475.41,1,942,3,0,7.69,0
4917,7534.59,5,147,0,1,14.45,0
4918,2476.53,15,1066,3,1,41.42,0
4919,2814.41,5,2892,3,1,12.53,0
4920,747.23,14,1788,0,0,27.32,0
4921,12493.4,3,2028,0,0,18.8,0
4922,278.96,1,1809,1,1,69.13,0
4923,10425.23,11,2905,4,0,18.39,0
4924,990.85,17,1988,5,1,15.44,0
4925,7344.87,14,2020,4,1,38.6,0
4926,3881.93,3,2949,0,0,0.38,0
4927,254.91,4,507,0,1,5.45,0
4928,13406.09,11,384,0,0,5.93,0
4929,5358.29,6,1164,2,0,13.1,0
4930,1354.97,5,690,1,0,37.92,0
4931,4955.95,23,2084,3,0,36.08,1
4932,2174.45,8,2308,4,0,34.29,0
4933,1254.14,21,2399,7,2,0.52,0
4934,2551.29,6,2391,1,1,14.61,0
4935,2078.51,0,2155,0,0,21.65,0
4936,2504.92,18,740,0,1,66.37,0
4937,557.2,13,315,0,0,46.24,0
4938,1717.71,7,2041,3,0,4.08,0
4939,800.12,21,387,1,0,1.89,0
4940,1898.4,10,107,3,0,18.15,0
4941,1.78,9,2791,2,0,3.15,0
4942,3320.37,21,500,3,1,11.6,0
4943,6420.54,12,1531,3,1,14.82,0
4944,41.94,18,435,2,0,11.08,0
4945,6467.39,10,630,2,0,21.42,0
4946,5022.24,0,333,1,0,12.05,0
4947,1657.93,14,2899,5,1,6.13,0
4948,14488.03,21,1966,2,0,10.02,0
4949,1290.19,14,2574,3,0,38.51,0
4950,1517.52,8,2434,3,1,5.62,0
4951,9785.67,21,24,3,2,2.75,0
4952,2543.12,10,180,1,1,5.19,0
4953,8106.05,20,2550,4,0,23.24,0
4954,3895.29,14,1331,4,0,18.93,0
4955,1951.96,23,2332,4,0,11.04,0
4956,6694.84,4,866,1,0,37.0,1
4957,2436.67,1,2637,2,0,32.75,0
4958,2159.56,9,1324,2,1,15.38,0
4959,598.81,1,290,3,0,5.05,1
4960,5227.14,17,2467,1,2,26.13,0
4961,2015.48,12,380,0,0,3.28,0
4962,43.82,12,1046,1,0,9.85,0
4963,1296.8,5,984,3,0,9.59,0
4964,3142.53,12,366,1,0,16.37,0
4965,7442.05,0,853,1,1,17.79,0
4966,4526.03,5,1592,1,1,53.87,0
4967,637.97,12,1168,0,0,12.94,0
4968,4762.87,20,2680,4,2,14.41,0
4969,4122.4,4,494,2,0,16.9,0
4970,7435.09,9,2011,2,1,1.15,0
4971,44.27,13,1271,2,1,36.11,0
4972,10.51,21,2472,4,0,3.48,0
4973,1313.43,4,1471,2,0,54.6,0
4974,3570.3,21,394,2,0,23.33,0
4975,1740.95,11,2100,4,0,26.06,0
4976,4849.32,6,2006,1,1,9.36,0
4977,4547.0,14,1590,1,1,16.12,0
4978,4383.16,15,1100,0,1,16.61,0
4979,17767.55,18,2459,2,0,18.47,0
4980,910.49,13,370,3,0,2.65,0
4981,121.02,13,1509,3,1,16.45,0
4982,2562.57,19,764,3,0,16.49,0
4983,1521.82,13,2584,3,0,43.19,0
4984,380.71,13,381,3,0,31.79,0
4985,2382.53,1,2103,1,2,5.21,0
4986,2250.85,10,1899,3,1,26.17,0
4987,2270.76,21,919,4,1,24.03,0
4988,3212.12,20,2811,3,0,23.03,0
4989,5520.55,22,636,5,0,3.86,0
4990,1628.89,15,2160,3,0,28.33,0
4991,1147.3,20,2652,1,0,5.14,0
4992,1189.11,16,344,4,2,6.95,0
4993,4582.86,9,1918,4,1,65.46,0
4994,3165.71,13,325,1,1,20.74,0
4995,969.07,15,1231,4,0,28.71,0
4996,548.98,4,524,2,0,61.0,0
4997,2915.17,21,1231,2,0,6.4,0
4998,2482.37,7,2143,1,0,41.36,0
4999,148.65,13,1211,1,0,30.68,0
5000,3009.64,18,196,2,0,12.74,0
5001,310.08,17,314,2,3,22.1,0
5002,2251.97,1,2103,1,0,23.22,0
5003,7387.87,3,2092,0,0,21.19,1
5004,66.27,13,1692,4,0,22.91,0
5005,1251.7,3,1904,1,0,8.44,0
5006,2111.82,21,2951,5,0,67.67,0
5007,3543.79,18,1038,2,0,12.57,0
5008,1248.99,11,1044,1,0,55.43,0
5009,3346.98,18,335,3,0,25.43,0
5010,2030.71,16,67,1,1,16.68,0
5011,386.74,3,2710,2,0,20.87,0
5012,273.79,14,736,2,1,20.96,0
5013,6149.66,5,1610,3,0,38.9,0
5014,2749.76,1,342,1,1,24.62,0
5015,4839.3,13,2886,2,0,21.35,0
5016,2149.62,9,1286,1,0,19.05,0
5017,11130.17,18,2966,0,0,11.05,0
5018,3928.98,14,2746,3,2,23.79,0
5019,428.85,14,2556,0,1,14.32,0
5020,2323.33,8,1399,1,0,31.34,0
5021,2837.87,5,865,5,1,47.93,0
5022,14643.63,5,321,1,0,38.99,0
5023,7732.23,23,2475,2,0,30.76,0
5024,9350.17,8,2759,4,0,30.08,0
5025,10045.76,3,1777,2,1,5.84,0
5026,444.96,17,74,1,0,17.28,0
5027,5333.42,0,1618,3,0,46.56,1
5028,1755.06,3,55,2,0,48.33,0
5029,512.35,5,2687,0,1,4.26,0
5030,7900.62,15,1885,1,1,48.17,0
5031,3347.78,22,1660,1,1,33.73,0
5032,209.52,21,2466,3,0,8.99,0
5033,3220.62,23,1994,2,0,4.67,0
5034,4558.25,9,2534,1,0,8.24,0
5035,1860.57,19,1478,1,0,28.43,0
5036,784.5,22,2760,3,0,46.61,0
5037,760.45,22,2766,0,0,58.92,0
5038,2080.63,12,1240,4,1,34.51,0
5039,1452.8,2,513,3,0,4.6,1
5040,2058.66,4,57,1,0,28.8,0
5041,863.32,6,459,2,1,67.26,0
5042,1151.14,0,2851,2,0,5.72,0
5043,2746.35,6,110,1,0,32.78,0
5044,3186.94,6,1971,2,0,5.0,0
5045,1030.32,20,595,4,0,5.17,0
5046,226.8,20,991,3,0,12.56,0
5047,1131.22,13,2565,2,0,4.22,0
5048,2244.26,17,782,2,1,0.62,0
5049,1094.49,2,1233,2,0,1.32,0
5050,3408.78,14,607,1,1,45.58,0
5051,634.82,15,1729,2,0,23.37,0
5052,499.07,0,478,2,0,46.8,1
5053,1831.24,5,625,4,1,26.21,0
5054,226.15,23,2878,1,2,38.34,0
5055,4027.11,14,1987,3,0,3.05,0
5056,1041.91,15,81,4,0,12.93,0
5057,2130.48,14,2398,3,0,25.06,0
5058,2215.07,7,825,2,0,8.25,0
5059,1278.2,9,2333,1,1,18.28,0
5060,2067.93,12,209,5,0,1.23,0
5061,8835.01,10,33,2,2,8.51,0
5062,3852.69,3,2583,0,1,24.88,0
5063,237.67,22,1769,1,0,32.65,0
5064,2267.73,13,2031,3,0,26.54,0
5065,1964.9,23,2371,1,1,0.47,0
5066,7257.04,19,2995,4,0,10.8,0
5067,1443.2,17,1192,3,0,37.58,0
5068,10948.71,1,1997,2,1,4.08,0
5069,783.79,12,1992,2,1,29.05,0
5070,2727.44,16,2421,2,1,3.43,0
5071,1284.8,23,2505,0,0,9.31,0
5072,2827.2,21,1999,1,0,16.29,0
5073,13.05,7,2926,0,0,6.38,0
5074,593.19,1,2164,0,1,28.71,1
5075,2654.6,0,1729,0,0,4.93,1
5076,10001.69,18,1294,4,1,8.3,0
5077,5197.09,17,261,1,0,3.77,0
5078,2202.59,8,2656,1,0,19.95,0
5079,919.57,13,1939,3,0,9.32,0
5080,4539.11,3,2027,1,1,52.16,0
5081,1779.48,19,2647,1,0,22.93,0
5082,1899.86,11,1837,0,0,17.77,0
5083,11165.51,22,1787,5,0,18.11,0
5084,703.05,0,661,1,1,36.89,0
5085,2784.69,9,2975,4,0,23.52,0
5086,4186.03,6,1923,1,4,2.99,0
5087,3757.2,11,1795,1,1,10.42,0
5088,2116.37,7,2080,1,0,8.76,0
5089,2177.85,7,2408,2,0,5.49,0
5090,5677.48,21,1390,0,0,13.78,0
5091,9963.77,19,2930,2,1,13.0,0
5092,3807.31,21,1919,2,0,15.38,0
5093,6777.21,4,1202,1,1,30.64,0
5094,5352.22,23,2914,2,1,40.13,0
5095,870.3,12,1708,1,0,51.46,0
5096,5007.23,21,2673,2,2,18.57,0
5097,5614.59,23,1476,3,1,32.57,0
5098,8476.64,15,664,4,0,16.42,0
5099,4015.78,19,849,2,0,9.28,0
5100,5651.81,9,2830,3,0,28.86,0
5101,831.66,23,354,2,0,3.06,0
5102,1697.31,21,1978,2,0,36.36,0
5103,1838.68,4,710,3,0,0.47,0
5104,611.56,6,641,1,1,17.78,0
5105,652.14,19,2016,4,2,6.29,0
5106,263.63,3,1704,1,0,24.4,0
5107,1210.39,15,1244,1,0,28.05,0
5108,2018.96,7,858,1,0,21.78,0
5109,1265.91,17,193,3,0,28.65,0
5110,496.26,0,1470,1,1,35.14,0
5111,1013.85,8,1463,1,1,32.4,0
5112,1349.19,21,650,2,1,19.98,0
5113,929.78,5,2063,1,2,8.91,0
5114,6055.48,1,261,3,0,2.17,0
5115,2323.49,10,1764,2,0,29.4,0
5116,2712.67,3,2530,3,0,5.7,0
5117,3265.32,7,495,1,0,8.2,0
5118,5174.57,17,918,3,1,12.13,0
5119,461.95,15,1057,2,0,6.78,0
5120,622.08,10,1456,2,1,24.19,0
5121,2110.53,1,2282,0,1,6.8,0
5122,2584.63,8,620,6,0,11.04,0
5123,1994.75,22,2112,0,0,26.85,0
5124,4084.69,19,2743,5,0,14.55,0
5125,171.45,3,2894,2,1,29.8,0
5126,3264.14,1,1794,1,0,7.59,0
5127,188.65,14,455,2,0,3.43,1
5128,8334.18,3,2501,1,1,19.09,0
5129,1838.81,19,418,2,1,41.79,0
5130,1748.72,17,172,2,1,6.96,0
5131,1656.24,16,432,1,0,7.26,0
5132,335.96,5,2581,1,1,4.21,0
5133,466.4,3,842,1,0,1.93,0
5134,370.08,11,644,0,0,40.5,0
5135,33.79,23,1197,5,0,7.36,0
5136,2058.74,22,1809,4,1,26.17,0
5137,363.02,16,2042,0,0,19.03,0
5138,4650.36,23,407,3,0,30.81,0
5139,3257.77,4,2651,1,0,14.08,0
5140,491.64,11,1371,0,2,41.0,0
5141,3302.98,4,504,1,0,55.63,0
5142,761.81,6,1799,2,1,27.09,0
5143,4177.35,13,27,0,0,17.53,0
5144,811.28,7,1941,2,0,8.0,0
5145,214.27,10,1175,2,0,35.12,0
5146,121.78,16,702,1,1,4.47,1
5147,4500.13,2,1090,0,0,19.33,0
5148,1806.52,11,2930,4,0,9.07,0
5149,298.86,13,1478,0,0,2.1,0
5150,1824.85,20,2724,3,2,0.17,0
5151,1703.3,7,621,1,1,7.85,0
5152,907.81,16,1728,2,0,20.29,0
5153,275.66,7,566,3,1,17.93,0
5154,3308.41,13,1694,1,1,47.32,0
5155,5288.43,13,1880,2,1,43.5,0
5156,387.35,16,2795,1,0,32.85,0
5157,16.43,11,122,4,0,28.67,0
5158,6940.63,14,597,3,1,13.87,0
5159,4709.26,0,2940,3,0,50.05,0
5160,1863.74,16,286,2,1,9.17,0
5161,5761.57,2,1386,4,1,11.17,0
5162,10512.17,10,1646,1,0,1.31,0
5163,569.61,5,1778,3,2,48.62,0
5164,537.89,1,1611,0,0,0.75,0
5165,10660.87,1,2705,1,3,28.74,1
5166,5108.49,20,619,3,0,0.07,0
5167,6348.16,18,237,3,0,28.89,0
5168,1160.98,20,2922,2,0,6.96,0
5169,7353.25,21,2130,1,2,1.49,0
5170,241.33,9,1718,1,0,0.75,0
5171,5698.46,12,2789,1,0,2.13,0
5172,50.15,22,2268,1,1,6.33,0
5173,653.31,9,2956,2,1,6.39,0
5174,406.27,23,1285,4,0,2.21,0
5175,5681.9,11,33,5,0,36.09,0
5176,2065.95,8,2162,1,1,31.11,0
5177,1664.63,19,602,0,0,22.47,0
5178,1405.2,22,1655,0,0,3.35,0
5179,16661.45,14,2638,1,3,22.37,0
5180,4935.01,6,2230,2,0,0.73,0
5181,4867.87,19,2533,0,0,4.42,0
5182,2862.09,20,1812,3,0,46.57,0
5183,5601.67,22,1415,1,0,1.94,0
5184,3400.79,20,1657,4,0,18.11,0
5185,2704.15,6,1236,0,0,28.65,0
5186,2659.42,2,152,4,0,8.21,1
5187,1118.57,17,1371,2,0,34.89,0
5188,1165.64,12,2971,5,1,46.24,0
5189,1135.42,23,517,3,0,37.54,0
5190,8058.17,16,2216,2,3,22.88,0
5191,1714.74,9,876,2,1,18.49,0
5192,753.29,2,2096,3,1,21.66,0
5193,3983.37,17,1279,5,0,8.73,0
5194,9878.88,16,1396,4,0,2.31,0
5195,926.71,20,656,1,1,3.44,0
5196,4938.79,0,115,3,1,47.93,0
5197,2846.58,17,2427,1,0,31.12,0
5198,5935.44,8,989,2,1,2.6,0
5199,12644.59,9,2976,6,1,43.77,0
5200,837.56,13,2070,3,1,21.92,0
5201,339.91,3,2999,0,0,55.25,0
5202,2839.15,1,1528,1,0,22.72,0
5203,50.69,8,2569,2,0,35.58,0
5204,1177.8,16,1452,2,1,22.71,0
5205,7128.71,3,196,0,0,4.25,0
5206,213.02,20,511,1,1,45.97,0
5207,5125.75,14,1221,4,3,23.82,0
5208,6308.04,18,22,3,0,2.41,0
5209,9834.77,14,1389,2,0,23.36,0
5210,158.22,7,2383,7,0,9.3,0
5211,5045.61,18,2928,4,1,3.11,0
5212,4239.38,20,2726,4,0,27.12,0
5213,71.34,17,2440,3,0,6.03,0
5214,435.72,7,1435,2,0,11.49,0
5215,933.4,9,1166,1,0,33.84,0
5216,287.98,21,2929,3,0,5.1,0
5217,1970.24,18,2755,2,0,29.33,0
5218,3660.46,4,2926,1,1,17.33,0
5219,1755.87,12,2129,0,0,1.26,0
5220,29.76,23,1015,2,2,11.81,0
5221,2570.51,3,1343,2,0,19.32,0
5222,5640.79,16,2386,1,0,7.73,0
5223,2707.77,6,1480,1,0,8.14,0
5224,1950.28,14,402,2,0,5.95,0
5225,2332.44,4,2915,1,0,14.26,0
5226,1198.97,13,1688,3,0,7.72,0
5227,1659.99,2,378,0,0,18.69,1
5228,491.68,1,1741,0,0,18.37,0
5229,5319.7,4,1951,1,1,12.68,0
5230,2167.74,6,1828,1,1,3.91,0
5231,9278.46,2,1513,2,0,19.84,0
5232,2372.27,21,2156,1,0,27.08,0
5233,7413.79,12,2410,2,1,27.7,0
5234,3232.12,17,2126,4,1,13.29,0
5235,534.16,12,1081,1,0,6.33,1
5236,3053.12,18,2044,2,0,21.49,0
5237,945.61,20,1735,5,0,33.08,0
5238,1126.45,14,2823,0,0,0.86,0
5239,481.9,15,2998,1,0,1.14,0
5240,4649.94,13,668,2,1,11.27,0
5241,2196.29,4,2072,1,1,46.73,0
5242,735.24,4,1986,1,0,27.54,0
5243,58.08,22,1875,1,2,14.16,0
5244,2103.78,4,2886,1,3,14.78,0
5245,2315.57,16,2168,4,0,37.71,0
5246,1364.51,3,2845,1,1,22.95,0
5247,6159.03,6,1866,3,0,0.82,0
5248,2707.59,15,134,1,0,49.87,0
5249,2153.88,23,643,1,1,11.16,0
5250,4256.09,17,1513,2,0,29.38,0
5251,89.35,3,2465,3,1,27.01,0
5252,876.35,13,452,1,0,0.29,0
5253,1908.46,3,1514,1,1,45.77,1
5254,1370.34,18,1187,2,0,7.93,0
5255,14474.01,1,2142,1,1,51.25,0
5256,2678.86,4,483,0,1,26.63,0
5257,571.41,11,1249,4,0,23.77,0
5258,6116.33,11,1243,3,0,16.44,0
5259,1029.53,9,1991,1,1,6.76,0
5260,6588.99,0,586,2,1,25.02,0
5261,3450.18,4,2416,1,2,8.39,0
5262,2044.56,13,200,3,1,6.45,0
5263,3111.16,9,1162,5,0,32.95,0
5264,5332.73,6,750,3,0,3.65,0
5265,5530.57,23,2003,2,0,21.2,0
5266,1528.7,0,502,2,1,59.16,0
5267,1313.84,17,1429,5,1,0.35,0
5268,816.97,2,184,2,0,7.42,0
5269,2803.17,13,1971,5,0,24.91,0
5270,1097.79,18,1269,2,0,32.13,0
5271,3301.78,18,1853,2,0,18.29,0
5272,7268.05,10,1546,2,0,12.51,0
5273,381.5,15,2950,0,0,1.2,0
5274,1560.57,19,544,1,0,11.06,0
5275,7099.22,4,2068,3,0,2.02,1
5276,7731.42,20,1888,1,2,25.8,0
5277,3646.23,14,2733,4,1,18.13,0
5278,2282.31,14,611,0,1,10.14,0
5279,724.44,23,1333,2,0,4.67,0
5280,8201.57,2,2560,2,2,43.02,0
5281,10713.03,21,2555,4,0,28.86,0
5282,357.46,13,1587,2,2,7.04,0
5283,1400.94,7,1620,2,2,72.95,0
5284,1406.22,10,2216,1,0,23.84,0
5285,987.08,1,2747,0,1,18.65,0
5286,127.09,14,1137,2,1,2.09,0
5287,4721.38,20,363,4,2,7.2,0
5288,9034.41,5,2897,1,1,6.74,0
5289,1734.7,0,2343,2,0,22.39,0
5290,1612.2,20,2898,2,0,45.12,0
5291,958.22,9,2299,1,2,43.54,0
5292,29.95,20,508,3,0,20.65,0
5293,205.17,20,2292,2,0,19.91,0
5294,2754.0,2,789,4,0,31.55,0
5295,788.92,19,2220,0,1,29.52,0
5296,306.36,18,217,2,0,11.17,0
5297,369.12,18,2138,1,0,17.98,0
5298,510.05,6,1950,2,0,37.02,0
5299,157.08,16,77,3,0,16.84,0
5300,1673.37,3,2697,1,1,14.89,0
5301,1933.58,17,737,1,1,36.32,0
5302,1234.45,0,1127,3,0,27.17,0
5303,6.73,6,1005,1,2,28.79,0
5304,5348.56,22,2374,3,0,7.4,0
5305,155.87,14,347,3,0,23.38,0
5306,4350.17,17,2486,4,0,8.48,0
5307,1596.5,10,1646,2,1,21.79,0
5308,3304.73,18,185,3,0,22.25,0
5309,2404.09,15,96,0,1,9.32,0
5310,1008.8,10,1791,5,2,8.1,0
5311,577.22,5,1700,3,2,0.41,0
5312,6493.96,0,2163,2,0,37.3,0
5313,2612.45,10,1565,3,0,12.28,0
5314,2498.22,8,373,0,0,38.55,0
5315,1346.14,3,407,5,1,2.99,0
5316,2731.24,17,689,1,0,18.7,0
5317,14232.98,9,590,2,1,15.51,0
5318,989.57,5,1047,3,3,16.19,1
5319,4704.87,2,632,2,0,29.6,0
5320,9208.77,9,1669,1,0,9.02,0
5321,1628.91,21,694,1,0,35.01,0
5322,1030.75,1,2517,2,2,0.66,0
5323,592.09,10,744,1,0,40.9,0
5324,242.2,0,2922,1,1,1.59,0
5325,4042.69,1,1221,1,0,23.94,0
5326,3777.62,12,405,4,1,30.41,0
5327,5690.45,10,584,3,0,16.53,0
5328,8497.33,13,1328,0,1,28.43,0
5329,725.18,8,1539,3,1,0.49,0
5330,280.6,3,213,2,0,30.08,0
5331,329.11,6,982,5,1,9.88,0
5332,5745.31,19,2401,3,0,29.83,0
5333,6016.84,7,2020,2,0,14.04,0
5334,2036.07,16,2067,3,1,3.66,0
5335,4295.96,12,472,0,1,15.74,0
5336,263.65,8,249,1,0,33.71,0
5337,3710.18,10,1904,2,0,12.4,0
5338,39.52,17,1668,2,0,17.55,0
5339,802.02,2,1984,2,0,36.56,1
5340,4129.26,0,1670,1,0,45.58,0
5341,7581.64,20,958,2,2,17.89,0
5342,584.92,0,1103,2,0,9.03,0
5343,4895.88,17,2401,2,0,27.23,0
5344,663.04,21,416,2,1,27.77,0
5345,3092.48,7,2273,2,0,34.67,0
5346,3112.8,20,515,0,1,21.83,0
5347,7432.66,9,2328,6,0,22.74,0
5348,3256.32,13,1827,1,0,9.34,0
5349,1636.42,2,2605,3,1,14.69,1
5350,926.35,16,834,3,2,13.31,0
5351,7208.43,4,1530,1,1,27.04,0
5352,2337.9,17,689,1,0,26.01,0
5353,383.99,7,2202,1,2,2.42,0
5354,920.65,13,2274,1,0,11.81,0
5355,2167.12,14,172,2,0,23.97,0
5356,2118.87,0,1904,2,1,4.93,0
5357,131.04,19,1185,1,0,53.15,0
5358,3317.87,20,686,4,1,11.46,0
5359,3072.93,0,247,1,1,5.85,0
5360,2073.83,15,1120,3,0,37.56,0
5361,6485.71,19,1028,1,0,7.12,0
5362,6568.3,21,1558,1,0,6.74,0
5363,198.9,11,2590,4,1,1.18,0
5364,3926.03,6,2397,0,0,2.0,0
5365,4862.62,16,1153,1,0,28.39,0
5366,2173.58,1,662,1,0,18.18,0
5367,882.05,23,2188,3,0,16.74,0
5368,967.17,18,287,1,1,0.29,0
5369,1118.92,9,368,1,1,18.0,0
5370,387.29,12,2861,1,1,26.24,1
5371,1435.01,3,573,0,0,23.92,1
5372,371.03,23,2280,3,0,5.02,0
5373,5487.52,8,1770,3,0,10.25,0
5374,2377.48,6,2501,3,1,38.14,0
5375,9359.23,16,1304,1,0,9.88,0
5376,6103.86,21,1404,0,0,18.94,0
5377,306.42,20,1071,5,0,33.41,0
5378,2100.97,22,1855,2,0,4.88,0
5379,1210.17,8,1008,2,0,14.42,0
5380,3277.8,21,1318,1,0,26.74,0
5381,4779.72,10,863,4,3,30.34,0
5382,2038.21,14,2456,2,0,40.27,0
5383,959.47,10,66,7,0,5.4,0
5384,146.26,22,548,2,1,15.87,0
5385,230.15,20,9,1,1,13.76,1
5386,2474.64,19,1952,2,2,14.63,0
5387,3561.8,0,40,1,0,37.21,0
5388,6334.71,21,711,2,0,47.55,0
5389,5459.58,13,2277,2,1,15.37,0
5390,1052.59,22,2881,1,0,11.11,0
5391,917.3,15,1609,3,0,2.13,0
5392,4409.09,17,333,0,1,1.58,0
5393,492.77,20,2668,0,1,13.42,0
5394,4036.82,2,2207,1,0,52.72,0
5395,2788.0,0,2751,4,1,45.85,0
5396,2638.2,14,2754,1,2,13.16,0
5397,499.15,3,1446,1,1,28.38,0
5398,4205.2,12,2463,2,0,26.35,0
5399,602.77,11,1585,2,0,13.78,0
5400,1555.12,5,2856,3,0,19.35,0
5401,4474.87,0,512,2,1,10.85,0
5402,4406.49,14,1518,5,0,37.16,0
5403,809.76,6,1821,2,0,40.35,0
5404,1115.71,0,908,1,0,13.19,0
5405,177.13,23,82,0,0,13.67,0
5406,3527.1,8,2788,2,0,7.25,0
5407,7735.59,22,1466,1,1,18.23,0
5408,3496.44,6,369,1,1,8.32,0
5409,3997.89,19,2561,4,0,3.72,0
5410,587.19,9,2941,3,0,13.44,0
5411,3222.41,7,960,3,0,41.03,0
5412,164.47,15,1487,2,1,1.89,0
5413,990.99,1,1150,6,4,12.72,0
5414,718.17,15,2884,5,0,27.64,0
5415,3100.11,22,2483,1,0,40.73,0
5416,216.33,6,30,2,0,3.53,0
5417,251.24,6,2616,2,0,38.31,0
5418,3656.23,12,455,2,1,4.41,0
5419,3432.56,8,2332,1,0,14.61,0
5420,1461.69,16,2024,2,0,18.67,0
5421,9334.26,5,2261,0,1,16.12,0
5422,1731.73,6,2703,2,1,17.01,0
5423,208.08,23,2318,0,1,37.72,0
5424,64.04,21,2796,2,0,0.06,0
5425,153.43,19,2315,3,1,10.55,0
5426,802.41,5,268,0,1,11.6,0
5427,6114.46,18,526,4,0,11.85,0
5428,469.67,23,267,1,1,6.94,0
5429,1252.25,4,1064,3,0,19.79,0
5430,168.99,18,934,1,1,45.68,0
5431,1008.91,16,2986,3,0,27.54,0
5432,3508.62,8,786,4,0,21.07,0
5433,3622.9,21,95,1,0,25.66,0
5434,6544.47,22,2777,3,1,1.37,0
5435,4390.64,17,2517,1,1,13.11,0
5436,6484.29,8,2789,2,1,23.94,0
5437,7331.47,17,1860,1,0,30.66,0
5438,4743.05,0,1750,1,0,20.37,0
5439,4674.51,20,2758,4,0,33.44,0
5440,2676.0,20,213,1,1,30.78,0
5441,2484.44,10,1772,2,0,7.06,0
5442,12230.86,13,1123,1,1,45.25,0
5443,3119.25,3,2786,1,0,37.65,0
5444,2698.41,16,1912,2,0,25.67,0
5445,3687.07,15,1481,3,1,15.11,0
5446,5442.15,16,179,4,0,1.7,0
5447,1824.75,23,920,0,0,15.16,0
5448,1214.72,1,1139,1,2,6.9,0
5449,1515.04,13,2181,2,0,7.53,0
5450,3302.56,14,1296,2,0,29.94,0
5451,14.35,0,1606,2,0,54.14,1
5452,1757.15,6,1371,2,1,5.59,0
5453,1541.94,2,2343,5,0,5.26,0
5454,2637.7,0,925,1,1,0.24,0
5455,17389.52,22,1736,1,1,22.55,0
5456,1649.35,2,1024,2,0,3.01,0
5457,2677.23,6,674,0,0,8.29,0
5458,4299.42,10,1274,3,0,61.13,0
5459,611.09,2,2565,1,0,14.49,0
5460,8220.82,20,397,0,1,2.59,0
5461,853.98,0,1966,1,1,10.58,0
5462,9054.71,13,99,3,1,16.91,0
5463,4623.39,18,2566,4,0,1.95,0
5464,121.82,10,1026,1,0,10.91,0
5465,3594.59,7,442,5,1,18.16,0
5466,2733.35,15,977,0,1,7.05,1
5467,1605.88,10,223,1,0,19.58,0
5468,2354.08,10,2129,1,0,5.92,0
5469,2013.97,7,299,4,1,20.02,0
5470,1923.15,19,2538,1,2,20.85,0
5471,345.05,14,392,5,1,10.92,0
5472,1305.41,20,1829,5,0,1.16,0
5473,8155.36,18,512,2,2,17.88,0
5474,143.68,2,249,0,0,50.84,0
5475,3909.46,1,1546,4,0,39.68,0
5476,4179.54,10,2841,9,1,35.43,0
5477,1559.46,2,523,1,2,36.67,0
5478,8245.32,1,1811,2,0,28.46,0
5479,1666.53,1,1235,2,0,20.83,0
5480,9137.82,19,2565,1,0,20.82,0
5481,2377.75,13,270,3,2,20.83,0
5482,1204.69,3,2776,0,0,14.57,0
5483,1176.01,1,2291,4,0,40.07,0
5484,2994.78,1,1208,4,0,12.76,0
5485,436.5,12,1646,1,1,6.53,0
5486,5808.3,3,2529,0,0,1.6,0
5487,810.15,13,955,3,0,31.58,0
5488,2779.99,19,2703,1,0,8.18,0
5489,661.63,19,44,4,0,0.31,0
5490,787.1,14,1573,1,0,2.3,0
5491,809.14,14,1754,1,0,56.51,0
5492,6301.95,19,2537,1,0,26.66,0
5493,9137.58,3,1392,2,1,58.99,0
5494,5813.04,20,2768,4,0,34.09,0
5495,7321.47,0,1860,1,0,61.98,0
5496,3204.06,16,1345,3,0,44.09,0
5497,1197.45,18,789,1,0,25.73,0
5498,2442.29,3,421,2,2,24.27,0
5499,755.67,0,2438,1,1,26.47,0
5500,1292.49,22,277,3,0,2.78,0
5501,18745.47,18,794,2,1,4.86,0
5502,5252.66,18,517,4,0,63.47,0
5503,260.56,20,2085,0,3,18.98,0
5504,1693.47,8,1456,0,0,15.85,0
5505,3287.9,13,1972,3,0,5.85,0
5506,1592.11,23,2544,2,0,10.53,0
5507,3092.96,14,762,2,0,9.7,0
5508,4713.79,7,564,3,1,29.14,0
5509,980.57,1,248,2,2,25.8,0
5510,2297.11,4,1277,2,0,13.52,0
5511,4038.2,18,1786,1,0,15.46,0
5512,1146.06,16,2670,4,1,2.62,0
5513,1937.48,11,1275,4,0,11.25,0
5514,14.56,18,2217,3,0,10.61,0
5515,3737.74,4,604,1,0,25.77,0
5516,2068.43,15,1265,2,1,3.14,0
5517,2543.55,19,1405,2,0,11.03,0
5518,5390.66,9,1511,3,1,17.16,0
5519,1132.62,0,2121,0,0,38.13,0
5520,91.66,18,2694,2,0,14.23,0
5521,4180.43,21,593,1,0,15.69,0
5522,1000.62,1,973,3,4,12.44,0
5523,1164.31,16,2292,2,1,30.37,0
5524,1839.37,1,1729,1,2,37.76,1
5525,1453.37,11,801,2,0,2.54,0
5526,108.2,6,2624,2,1,22.37,0
5527,4096.97,6,281,2,0,7.79,0
5528,1294.52,10,776,1,1,16.25,0
5529,2640.66,21,1949,2,0,4.57,0
5530,573.87,22,2834,3,0,10.43,0
5531,3816.25,14,2457,3,1,5.32,1
5532,394.41,22,1357,0,0,13.37,0
5533,2941.8,18,2319,1,0,25.01,0
5534,7243.68,10,2524,2,0,26.72,0
5535,563.73,9,1715,2,0,13.17,0
5536,8932.02,10,665,1,0,32.73,0
5537,2452.12,3,1861,0,1,34.26,0
5538,639.5,1,2032,1,0,21.04,1
5539,4388.15,7,16,0,0,22.36,0
5540,690.1,20,914,3,0,4.3,0
5541,159.05,22,944,1,1,2.5,0
5542,4235.44,14,2556,3,1,2.07,0
5543,1664.75,6,980,1,0,33.33,0
5544,2454.04,15,1358,0,0,20.15,0
5545,2079.11,23,1540,2,0,18.66,0
5546,5214.61,6,1640,0,1,38.53,0
5547,4338.36,5,28,1,0,6.55,0
5548,1721.19,11,41,0,1,17.84,0
5549,230.5,2,1466,2,1,0.9,0
5550,1208.5,0,2273,1,0,8.53,0
5551,1459.77,3,584,1,0,18.92,0
5552,1224.1,9,1804,3,0,24.07,0
5553,573.04,6,2586,3,0,35.78,0
5554,3244.55,18,1475,2,0,11.04,0
5555,1882.58,1,122,1,1,19.64,0
5556,6211.21,6,811,2,1,0.59,0
5557,2287.54,9,714,4,0,16.03,0
5558,2144.6,7,1074,3,0,8.39,0
5559,1417.82,23,714,1,0,35.67,0
5560,974.14,10,2272,1,0,30.94,0
5561,201.87,7,732,2,2,14.38,0
5562,6412.06,6,89,2,0,34.39,0
5563,7953.47,5,1073,0,0,6.84,0
5564,626.15,3,86,3,1,38.23,0
5565,714.79,21,563,2,1,17.37,0
5566,2566.24,12,2683,2,2,50.76,0
5567,1199.79,3,1387,1,0,17.44,0
5568,2622.86,6,1250,4,1,17.32,0
5569,488.43,14,984,3,0,11.57,0
5570,5849.48,11,1526,2,0,9.47,0
5571,2319.55,21,702,2,0,29.16,0
5572,5452.23,16,2553,0,1,0.82,0
5573,298.68,13,2913,1,0,16.39,0
5574,6645.24,2,486,4,0,3.23,0
5575,2546.52,4,536,1,1,15.37,0
5576,106.42,6,786,2,1,5.79,0
5577,1116.77,17,1550,4,0,14.25,0
5578,1290.47,22,1533,3,1,49.63,0
5579,2237.23,10,2456,1,1,4.6,0
5580,421.8,13,2606,1,0,12.45,0
5581,947.6,7,190,1,0,31.04,0
5582,1672.4,19,2406,1,1,16.18,0
5583,1557.78,6,2194,3,0,8.58,0
5584,1127.48,9,609,3,3,36.85,0
5585,2554.27,10,1013,3,1,10.09,0
5586,5980.57,1,2579,3,1,7.57,0
5587,7569.8,8,518,5,0,5.43,0
5588,10558.23,16,2393,0,1,59.24,0
5589,1619.91,15,858,3,1,28.47,0
5590,471.31,23,334,3,2,14.28,0
5591,427.3,15,2718,0,0,20.47,0
5592,1558.63,19,266,2,0,15.44,0
5593,3999.24,5,2084,4,0,11.22,0
5594,667.98,12,2643,1,0,2.98,0
5595,3206.05,16,1533,1,0,23.27,0
5596,4890.71,15,2126,0,0,21.73,0
5597,1611.57,14,734,1,2,36.19,0
5598,1722.44,10,2919,1,1,17.89,0
5599,885.87,11,2153,4,1,5.15,0
5600,5820.41,22,1980,2,1,7.8,0
5601,4875.21,22,2027,0,1,20.9,0
5602,1758.3,15,1100,1,0,4.47,0
5603,247.02,18,1643,4,0,8.55,0
5604,526.73,20,2392,2,3,4.76,0
5605,1489.12,20,150,3,0,25.15,0
5606,1276.0,6,900,0,0,12.89,0
5607,315.53,6,1852,0,0,20.02,0
5608,6012.93,7,1622,1,1,36.4,0
5609,4873.25,6,1254,1,0,6.54,0
5610,699.55,13,1545,1,1,13.26,0
5611,272.63,18,644,2,0,15.96,0
5612,1391.1,11,1043,4,3,23.66,0
5613,2029.87,17,348,4,0,9.62,0
5614,569.66,4,345,3,0,13.08,0
5615,5741.37,9,1821,0,1,4.79,1
5616,546.45,16,1441,2,1,7.0,0
5617,1056.77,7,2392,0,0,30.45,0
5618,322.74,1,1906,2,3,42.87,1
5619,877.62,16,2545,5,0,14.39,0
5620,7045.69,10,1746,1,0,11.23,0
5621,381.33,14,1916,4,0,36.01,0
5622,3305.66,13,1676,2,1,8.14,0
5623,4051.21,11,2038,1,0,18.99,0
5624,889.97,10,1119,2,1,1.89,0
5625,4840.26,12,102,1,1,9.14,0
5626,3159.06,5,1810,6,1,5.82,0
5627,2007.23,7,1088,0,1,4.23,0
5628,3353.79,20,311,2,0,10.53,0
5629,904.79,11,338,2,0,35.91,0
5630,1222.84,9,2056,2,2,15.77,0
5631,4970.25,16,2240,2,1,17.32,0
5632,1630.93,20,321,1,0,28.58,0
5633,1841.29,8,933,1,0,7.51,0
5634,2204.61,3,486,0,0,5.8,0
5635,550.72,2,1476,2,2,27.4,0
5636,2433.65,1,2237,2,2,17.09,0
5637,830.17,6,1368,2,0,31.95,0
5638,404.05,6,2766,4,0,13.45,0
5639,4430.82,10,1025,0,1,6.99,0
5640,1443.15,9,2800,2,0,14.12,0
5641,370.42,8,781,1,0,8.58,0
5642,115.09,22,2475,2,0,22.45,0
5643,14805.2,4,2934,2,0,20.39,0
5644,511.42,23,2225,2,0,2.76,0
5645,3912.0,8,35,3,1,17.35,0
5646,6333.27,9,1155,2,0,5.54,0
5647,457.04,11,1655,3,0,38.03,0
5648,1286.87,12,2376,1,1,4.82,0
5649,5467.29,20,49,0,0,17.51,0
5650,2506.96,15,2680,2,1,13.63,0
5651,138.77,16,612,1,0,0.34,0
5652,182.33,12,933,2,1,0.45,0
5653,3854.06,7,2963,4,0,0.19,0
5654,3305.31,23,860,3,1,16.05,0
5655,11397.77,15,958,4,0,13.91,0
5656,3821.45,16,2405,0,1,10.02,0
5657,2556.26,17,1920,3,1,8.14,0
5658,1049.28,23,1890,2,0,0.43,0
5659,2054.76,10,352,1,0,44.02,0
5660,4317.83,10,770,1,0,50.84,0
5661,3210.47,13,2859,2,0,2.49,0
5662,733.25,13,859,0,1,3.49,0
5663,1386.14,14,1844,5,0,19.2,0
5664,1359.46,17,124,0,0,40.47,0
5665,1475.79,11,570,1,0,2.71,0
5666,840.38,18,526,2,0,5.75,0
5667,730.54,9,40,1,1,46.93,0
5668,537.66,15,2699,2,1,2.86,0
5669,325.33,11,1392,0,0,16.28,0
5670,1063.63,7,1717,3,1,40.2,0
5671,1773.11,13,2809,3,2,50.65,0
5672,8711.49,12,2829,1,1,55.28,0
5673,683.99,17,1228,4,0,37.58,0
5674,7381.4,10,2405,2,0,26.06,0
5675,327.79,0,2325,2,1,31.64,0
5676,69.36,1,570,5,1,11.17,0
5677,884.44,4,1353,2,0,8.99,0
5678,1923.65,18,2580,0,0,26.7,0
5679,898.29,19,2490,5,0,13.74,0
5680,3064.58,18,1602,3,0,46.68,0
5681,1544.33,12,837,1,0,28.45,0
5682,4214.39,12,261,0,0,14.6,0
5683,6706.75,17,1583,1,0,5.37,0
5684,210.57,6,1945,0,0,17.57,0
5685,1825.98,3,1347,0,1,4.66,0
5686,4257.28,18,1850,1,0,4.41,0
5687,1446.33,20,1248,2,1,6.38,0
5688,2651.86,2,703,3,0,26.75,0
5689,4302.51,3,2765,3,1,9.39,0
5690,9002.02,17,728,4,0,19.97,0
5691,4896.11,1,2823,3,1,11.13,0
5692,3963.01,19,2002,1,0,7.15,0
5693,112.98,0,765,1,0,14.27,0
5694,4137.23,6,285,5,1,7.9,1
5695,3093.29,12,1163,2,0,21.81,0
5696,4305.19,6,955,1,0,13.57,0
5697,92.07,9,2702,2,0,37.05,0
5698,4666.09,16,287,2,0,0.34,0
5699,8491.57,14,236,2,0,44.38,0
5700,1151.87,11,2124,0,0,8.78,0
5701,1277.9,0,704,2,0,12.24,0
5702,2001.22,10,1683,1,0,37.29,0
5703,4718.81,12,644,4,0,28.32,0
5704,1031.77,3,529,0,0,17.07,0
5705,1957.46,17,1714,1,1,5.74,0
5706,5694.1,15,282,1,1,0.25,0
5707,2447.41,12,846,1,0,32.37,0
5708,5084.45,4,843,2,1,10.83,0
5709,16257.44,9,1771,3,2,31.16,0
5710,2853.08,22,2723,2,1,30.58,0
5711,396.16,15,651,2,0,13.57,0
5712,472.84,19,2356,3,1,54.02,0
5713,2273.49,9,2407,3,0,2.89,0
5714,3318.21,6,2059,3,1,8.67,0
5715,8497.58,22,2806,2,1,15.4,0
5716,1705.66,14,1129,0,0,13.06,0
5717,1006.44,6,31,1,0,29.7,0
5718,701.28,4,1826,2,0,30.88,0
5719,1414.85,2,1636,2,1,41.17,0
5720,1680.25,19,1012,3,0,0.84,0
5721,1698.0,16,1348,1,0,17.46,0
5722,4276.56,18,2011,2,1,13.23,0
5723,2889.23,14,1896,1,0,54.71,0
5724,6186.13,18,161,0,1,16.92,0
5725,4833.18,23,374,2,0,43.15,0
5726,19334.44,9,2648,5,0,43.96,0
5727,1339.04,14,1421,3,0,0.77,0
5728,3341.45,22,2915,1,1,17.51,0
5729,343.42,9,1602,3,1,14.24,0
5730,2964.13,19,718,3,0,6.78,0
5731,831.05,13,1021,2,1,9.0,0
5732,1239.39,5,2531,3,1,7.2,0
5733,437.46,23,1770,4,0,0.89,0
5734,5171.16,14,1576,2,0,12.96,0
5735,728.86,21,752,1,0,14.31,0
5736,6566.85,22,2330,1,0,22.59,0
5737,6231.25,3,1612,1,0,9.03,0
5738,1576.56,22,179,2,0,12.31,0
5739,2681.08,7,647,2,0,56.61,0
5740,2761.6,8,2573,4,0,20.23,0
5741,469.88,17,1196,2,1,0.24,0
5742,7463.08,21,274,0,0,72.39,0
5743,1203.72,22,2976,4,0,28.6,0
5744,6788.41,23,890,2,0,26.85,0
5745,1039.86,15,1685,2,0,31.75,0
5746,5250.7,17,497,1,1,6.23,0
5747,289.19,11,314,1,0,20.37,0
5748,507.28,3,2067,1,2,49.84,0
5749,982.66,10,1680,3,0,28.71,0
5750,1126.66,14,676,1,0,21.08,0
5751,473.67,8,850,2,0,25.63,0
5752,4855.02,16,183,7,1,23.58,1
5753,4825.12,14,110,1,0,35.53,0
5754,2950.96,2,2617,3,1,20.19,0
5755,237.71,22,2768,2,0,6.43,0
5756,4581.91,23,1892,2,0,1.58,0
5757,6702.11,12,1408,1,1,27.87,0
5758,250.35,23,1636,3,0,23.5,0
5759,1149.18,6,1625,1,1,0.75,0
5760,5248.51,1,44,2,0,56.95,0
5761,538.78,8,470,1,0,11.18,0
5762,1590.32,22,560,2,0,21.79,0
5763,163.91,10,2746,0,2,13.54,0
5764,291.47,23,1902,4,0,51.57,0
5765,4104.53,15,1890,5,2,26.78,0
5766,3644.45,2,339,1,1,4.41,0
5767,355.34,17,2692,1,0,15.18,0
5768,4393.4,7,2923,3,1,42.19,0
5769,269.08,14,575,3,0,10.78,0
5770,3314.52,15,1144,1,0,8.36,0
5771,13865.39,5,699,3,1,15.88,0
5772,11027.1,0,2487,2,1,25.6,0
5773,612.86,3,726,3,0,17.89,0
5774,289.52,9,509,2,0,9.92,0
5775,1768.75,17,1601,0,0,1.34,0
5776,2880.31,5,318,2,1,37.37,0
5777,2727.11,21,46,4,0,19.21,0
5778,96.59,21,1120,1,0,14.56,0
5779,785.3,4,1805,3,1,24.42,0
5780,462.91,11,729,0,1,2.96,0
5781,7956.18,6,2927,4,1,16.36,0
5782,3208.29,1,2765,1,1,15.2,0
5783,6332.65,17,886,2,0,22.99,0
5784,2678.98,14,2854,2,1,19.48,1
5785,1123.14,1,2601,3,0,4.21,0
5786,802.25,16,2626,2,0,5.16,0
5787,9035.13,21,2935,1,0,9.24,0
5788,2195.09,21,422,2,0,0.23,0
5789,659.08,12,2828,3,0,17.64,0
5790,407.84,9,1819,2,0,14.58,0
5791,5756.95,1,2451,4,1,4.98,0
5792,4457.24,0,200,2,0,23.27,0
5793,1112.16,12,827,1,2,6.09,0
5794,4698.73,7,1535,0,1,3.67,0
5795,6871.18,7,820,1,0,21.87,0
5796,4417.27,2,66,4,1,7.93,0
5797,2979.67,13,115,3,0,10.28,0
5798,755.13,0,1381,1,0,14.06,0
5799,747.98,6,2786,1,0,9.04,0
5800,342.51,21,259,3,0,37.91,0
5801,4467.11,7,396,1,2,49.63,0
5802,6168.3,21,688,3,0,23.25,0
5803,583.77,23,685,0,0,22.47,0
5804,2485.1,1,1703,1,1,20.21,0
5805,409.5,16,442,0,0,13.66,0
5806,445.25,10,1322,7,0,11.17,1
5807,5505.52,17,2568,2,0,16.91,0
5808,1129.23,6,2559,3,0,50.27,0
5809,2143.75,6,2219,1,1,26.77,0
5810,2618.17,12,1753,4,0,4.26,0
5811,2900.15,3,952,1,0,5.13,0
5812,3864.75,6,434,3,0,4.78,0
5813,837.4,11,1325,3,2,25.94,0
5814,2070.71,5,62,2,1,13.13,0
5815,2943.89,12,2679,1,2,13.17,0
5816,3060.39,10,50,3,3,2.7,0
5817,10161.09,12,872,0,0,64.6,0
5818,7807.75,14,902,2,0,18.14,0
5819,9409.27,2,2696,3,1,2.28,0
5820,3427.85,8,2663,2,1,23.53,0
5821,809.6,19,1512,2,2,21.38,0
5822,777.27,1,276,4,1,7.5,0
5823,2551.26,6,1684,0,0,10.95,0
5824,1311.86,9,2453,9,2,17.05,1
5825,2245.27,15,418,3,2,4.4,0
5826,5965.0,22,2197,2,0,36.73,0
5827,6870.47,18,703,2,1,50.08,0
5828,878.44,8,389,3,0,16.76,0
5829,409.83,19,1329,0,0,29.85,0
5830,4193.1,20,2853,2,0,32.95,0
5831,2624.73,12,2777,1,0,34.87,0
5832,2496.62,22,545,1,0,38.19,0
5833,2897.45,10,719,1,0,34.23,0
5834,7852.94,20,2817,2,0,67.46,0
5835,1251.7,10,2730,3,0,9.11,0
5836,1576.15,15,277,3,1,21.65,0
5837,1603.25,10,73,0,1,12.65,0
5838,2832.05,19,2397,3,1,1.67,0
5839,2541.84,14,1567,2,0,31.77,0
5840,4696.09,16,2624,1,0,6.84,0
5841,1559.32,23,953,2,1,3.43,0
5842,1400.18,16,2407,0,0,0.22,0
5843,6875.75,22,55,4,0,25.73,0
5844,164.02,7,87,1,0,44.81,0
5845,507.04,19,509,0,0,14.79,0
5846,1925.73,9,969,2,1,20.36,0
5847,9736.56,23,1756,1,1,24.03,0
5848,56.6,7,2539,1,1,4.5,0
5849,1622.64,2,246,2,0,12.01,0
5850,690.58,4,1535,5,1,8.19,0
5851,2373.82,15,1215,4,0,7.28,0
5852,2251.85,6,622,4,4,21.01,1
5853,2567.55,12,838,5,0,1.27,0
5854,3098.02,20,156,3,0,30.33,0
5855,5304.74,7,2971,1,1,13.15,0
5856,129.21,19,1818,1,0,14.08,0
5857,355.36,23,1347,0,1,34.08,0
5858,652.12,4,1140,2,1,26.46,0
5859,8562.58,10,2637,0,0,25.96,0
5860,1204.98,1,2134,0,0,16.3,1
5861,1478.44,13,2655,4,0,25.03,0
5862,346.26,9,98,1,0,63.92,0
5863,5832.48,7,1357,0,3,18.11,0
5864,406.14,10,993,2,1,5.21,0
5865,8304.17,6,2210,4,1,19.82,0
5866,3941.0,1,2724,5,0,8.91,0
5867,2318.12,7,2816,0,1,32.56,0
5868,3238.2,22,2948,4,0,0.81,0
5869,861.03,7,2491,1,2,44.47,0
5870,876.35,12,2136,2,1,4.99,0
5871,544.4,10,752,2,1,16.14,0
5872,382.93,14,2580,2,0,65.72,0
5873,1910.86,0,265,6,0,11.39,0
5874,1122.5,15,287,1,2,20.66,0
5875,2514.56,6,214,1,0,27.12,0
5876,2647.05,20,580,2,0,12.45,0
5877,3762.83,6,515,3,0,12.4,0
5878,3016.72,2,712,3,1,42.29,0
5879,8232.5,18,2249,1,0,17.6,0
5880,3068.39,6,968,2,1,5.19,0
5881,528.16,16,321,0,3,1.58,0
5882,2017.79,13,2970,2,0,8.07,0
5883,316.49,14,1276,0,0,8.42,0
5884,9536.58,5,2956,0,0,24.24,0
5885,754.83,6,1004,5,0,12.67,0
5886,3665.54,13,723,1,0,38.39,0
5887,256.9,19,1020,3,2,2.1,0
5888,1657.32,9,1169,5,0,14.36,0
5889,3833.78,18,1837,3,0,28.26,0
5890,2376.63,20,825,0,1,0.14,0
5891,1596.74,8,1971,1,1,45.44,0
5892,2458.3,2,1473,4,0,44.96,0
5893,6913.88,12,1548,2,0,41.99,0
5894,2324.31,5,1929,9,0,5.54,0
5895,2484.94,14,1732,2,0,7.51,0
5896,8870.79,16,2497,2,0,4.29,0
5897,3184.99,23,1776,3,0,5.0,0
5898,7947.91,4,1975,3,1,11.3,0
5899,253.6,0,1563,3,0,10.24,0
5900,6633.22,13,341,0,0,52.15,0
5901,536.1,9,2438,3,0,71.53,0
5902,747.08,17,626,0,0,8.23,0
5903,4065.31,17,2977,1,0,33.33,0
5904,4219.09,5,1054,2,0,39.45,0
5905,2745.68,12,1900,0,0,12.87,0
5906,3096.65,9,1858,1,1,33.09,0
5907,1455.52,9,1537,3,1,7.37,0
5908,4818.98,17,2483,1,1,0.18,0
5909,1526.81,15,295,0,0,5.48,0
5910,3261.67,10,560,1,0,42.47,0
5911,11368.62,22,1923,2,0,10.5,0
5912,4431.93,6,634,2,1,4.36,0
5913,429.53,6,18,2,0,0.68,0
5914,7381.33,0,2051,3,0,34.29,0
5915,7765.66,23,2972,1,0,36.2,0
5916,3099.74,11,2013,1,0,4.45,0
5917,2896.91,12,1704,6,0,18.06,0
5918,272.0,12,1529,2,1,26.56,0
5919,1693.82,12,2006,1,0,10.02,0
5920,365.67,9,2626,0,2,7.36,0
5921,3464.83,18,292,2,2,29.16,0
5922,7.57,13,160,0,0,22.75,0
5923,292.52,3,1577,6,0,16.4,0
5924,3339.02,18,666,0,0,21.36,0
5925,8336.5,6,1788,1,0,11.67,0
5926,19080.81,8,2959,1,0,37.31,0
5927,12137.44,11,2088,3,0,28.36,0
5928,2019.77,22,2002,1,1,7.03,1
5929,419.92,20,2821,1,1,58.28,0
5930,10.54,11,2853,2,1,5.99,0
5931,1006.42,1,2667,3,0,29.7,0
5932,1984.65,12,1737,3,0,7.65,0
5933,12998.26,23,1011,1,0,33.41,0
5934,109.91,7,1957,0,0,18.03,0
5935,5395.46,1,1481,1,2,33.98,1
5936,7732.18,20,2895,2,0,0.0,0
5937,4307.38,21,116,1,2,11.38,0
5938,7296.73,22,2727,2,0,0.4,0
5939,5563.71,20,606,1,1,0.44,0
5940,6478.23,8,2480,3,0,19.89,0
5941,456.09,14,2790,2,0,27.26,0
5942,644.7,4,1042,1,1,18.5,0
5943,1439.26,7,2467,4,0,4.06,0
5944,4222.52,18,2715,5,0,33.68,0
5945,68.89,5,51,0,2,30.89,0
5946,343.25,3,379,3,2,26.11,0
5947,12259.07,20,2915,0,0,11.47,0
5948,1306.08,12,1629,2,0,19.07,0
5949,122.04,22,2401,0,1,39.47,0
5950,1272.81,2,2124,6,1,13.27,0
5951,916.11,6,1733,1,0,64.58,0
5952,4714.23,5,1749,2,1,5.81,0
5953,522.89,8,2834,1,0,32.38,0
5954,1203.13,9,2051,1,0,10.36,0
5955,2625.71,17,2698,1,0,36.06,0
5956,1379.11,12,2401,4,0,12.39,0
5957,11431.99,9,1686,1,1,0.08,0
5958,732.2,23,365,3,0,11.79,0
5959,8149.75,3,2606,1,0,20.93,0
5960,2417.32,18,1411,0,2,16.32,0
5961,1782.59,4,1102,1,1,15.19,0
5962,3594.36,23,859,2,0,11.04,0
5963,475.89,23,1631,2,0,28.9,0
5964,1696.34,22,1262,2,0,2.28,0
5965,2238.74,0,690,1,0,4.12,0
5966,7820.83,15,7,2,0,19.99,0
5967,5128.76,3,287,1,1,18.26,0
5968,2896.3,22,1712,3,1,27.67,0
5969,3965.67,16,1708,1,1,24.62,0
5970,3443.2,20,1182,0,0,13.95,0
5971,6726.84,23,1766,2,1,34.28,0
5972,292.6,5,723,2,1,1.14,0
5973,2092.98,11,764,2,0,5.35,0
5974,456.71,22,551,1,1,1.06,0
5975,9203.87,6,1993,3,1,16.51,0
5976,1437.48,5,2059,2,0,54.04,0
5977,474.96,3,1846,0,1,13.54,0
5978,5983.15,18,871,3,0,26.32,0
5979,4778.01,5,824,2,2,15.19,0
5980,698.9,1,749,1,0,5.85,0
5981,435.26,6,1063,2,2,0.29,0
5982,945.05,13,1806,2,1,39.02,0
5983,105.29,20,2558,4,0,5.62,0
5984,580.6,3,2607,2,0,19.13,0
5985,3891.96,5,327,1,2,32.03,0
5986,1539.44,9,352,1,0,1.52,1
5987,1825.92,12,511,2,0,10.81,0
5988,1806.18,8,264,4,1,14.54,0
5989,8233.92,10,122,2,2,10.55,0
5990,3313.24,18,962,3,0,12.93,0
5991,290.84,15,1988,0,0,24.69,0
5992,2171.24,21,413,1,1,38.34,0
5993,925.44,0,251,0,0,26.89,0
5994,8756.66,8,30,0,0,11.86,0
5995,7370.55,21,2386,1,0,2.43,0
5996,1420.86,1,397,3,0,26.51,0
5997,1798.37,6,2140,4,1,1.38,0
5998,646.76,0,1539,2,1,67.41,0
5999,6190.0,19,2131,2,1,27.23,0
6000,4690.2,8,1991,3,0,14.54,0
6001,1426.1,15,1381,1,0,15.86,0
6002,750.51,19,1760,3,0,15.9,1
6003,988.27,10,1519,3,0,3.57,0
6004,912.44,21,1406,1,1,33.11,0
6005,1217.2,10,982,2,0,27.89,0
6006,3386.02,11,2725,3,0,33.17,0
6007,4046.88,12,1551,2,0,0.77,0
6008,4789.33,19,235,1,1,8.09,0
6009,4035.87,11,1353,0,0,0.07,0
6010,729.88,3,13,7,0,48.34,1
6011,746.15,14,2861,1,0,26.63,1
6012,21.52,12,2971,1,0,24.28,0
6013,6549.92,4,106,1,0,22.25,0
6014,6643.52,19,504,4,3,32.76,1
6015,136.47,16,1145,1,0,13.65,0
6016,405.12,22,1019,4,2,14.11,0
6017,6521.13,11,1852,3,2,27.93,0
6018,598.46,19,2811,1,0,17.88,0
6019,5453.61,21,1947,1,1,3.26,0
6020,3935.01,16,1693,1,0,0.01,0
6021,4191.51,21,770,2,1,32.43,0
6022,1044.88,0,2614,0,0,5.62,0
6023,317.9,10,69,2,1,36.92,0
6024,683.45,20,1476,1,0,27.57,0
6025,1854.44,1,1334,2,1,14.63,0
6026,964.29,21,1820,2,2,6.78,0
6027,853.45,7,2486,4,0,19.38,0
6028,1561.79,15,1640,2,0,6.92,0
6029,2193.11,23,2510,1,0,35.66,0
6030,3109.83,2,1427,2,0,44.87,0
6031,1731.28,13,1951,0,0,34.46,0
6032,787.16,21,2866,0,3,4.1,0
6033,5035.14,3,1577,1,0,40.73,0
6034,1462.99,9,2487,1,0,1.51,0
6035,553.68,6,2917,3,1,23.27,1
6036,2455.88,4,2131,1,0,20.86,0
6037,7540.42,18,2936,2,0,27.23,0
6038,1896.71,16,131,3,0,11.76,0
6039,2020.55,4,2040,3,0,0.3,0
6040,1984.72,2,1235,2,2,11.5,0
6041,2127.04,21,2248,2,1,4.11,0
6042,873.36,14,689,3,0,10.88,0
6043,4237.54,14,474,2,0,10.23,0
6044,1849.0,15,2715,0,1,16.83,0
6045,4861.78,17,987,2,0,17.75,0
6046,2130.81,7,867,2,0,0.06,0
6047,1285.02,5,2703,3,1,30.12,0
6048,797.66,22,367,3,2,54.11,0
6049,3765.35,3,1782,2,1,33.08,0
6050,639.55,22,120,2,0,25.53,0
6051,4380.06,5,1338,0,1,4.87,0
6052,103.18,12,1149,0,0,21.98,0
6053,2001.45,7,2946,3,1,11.62,0
6054,891.37,8,2728,2,0,29.87,0
6055,3195.07,15,2747,3,0,29.22,0
6056,5640.01,3,2726,1,0,33.27,0
6057,1867.75,4,2190,2,0,37.14,0
6058,3145.04,20,2972,1,0,27.5,1
6059,3253.06,15,371,1,0,9.19,0
6060,9610.48,22,1364,3,1,29.51,0
6061,497.11,7,2360,2,1,8.2,0
6062,403.53,19,265,3,1,19.53,0
6063,5677.48,20,1406,2,0,8.86,0
6064,1887.4,12,2939,3,0,23.21,0
6065,3634.56,23,2970,0,0,7.94,0
6066,303.89,12,2679,1,1,39.23,0
6067,1356.58,20,2302,2,0,10.69,0
6068,452.51,13,956,1,1,30.74,0
6069,545.5,7,1062,2,1,24.02,0
6070,412.04,3,1192,1,1,28.27,0
6071,539.14,2,457,4,1,6.5,0
6072,2939.03,2,1394,1,1,38.09,0
6073,1082.18,23,2426,4,1,19.8,0
6074,12070.78,6,476,3,1,7.69,0
6075,4902.02,18,1507,1,0,12.48,0
6076,43.15,4,1284,1,0,15.94,0
6077,4053.17,12,2364,4,1,1.69,0
6078,2113.73,23,7,3,0,21.2,0
6079,411.03,9,254,1,2,14.96,0
6080,4488.42,18,2194,2,0,12.27,0
6081,35.4,6,1590,1,0,28.23,0
6082,5674.1,13,1310,3,0,7.09,0
6083,3912.12,11,2783,0,0,26.74,0
6084,8132.9,4,2129,2,0,9.24,0
6085,3665.94,21,2465,4,2,29.47,0
6086,2142.82,18,910,1,0,46.61,0
6087,1907.02,3,1620,2,1,2.8,0
6088,6625.7,0,2205,1,2,12.45,0
6089,14661.97,14,1295,1,1,15.6,0
6090,2030.21,4,1216,1,0,20.76,0
6091,3090.87,7,2048,4,0,26.43,0
6092,11707.53,21,1867,1,0,23.31,0
6093,8643.72,4,2464,2,0,7.28,0
6094,1944.29,9,598,0,0,15.08,0
6095,3477.75,23,2726,1,2,24.69,0
6096,518.03,22,141,5,0,13.38,0
6097,3019.08,19,1312,1,0,13.23,0
6098,1644.08,9,2058,1,0,19.96,0
6099,757.65,22,506,1,0,22.94,0
6100,94.16,8,2894,2,1,26.05,0
6101,3102.75,18,1960,1,1,12.5,0
6102,2459.34,20,884,0,1,5.52,0
6103,5093.84,15,1194,1,1,22.85,0
6104,5193.43,22,1543,0,0,9.87,0
6105,5491.18,1,1365,3,0,15.36,0
6106,4125.46,4,2936,0,1,19.9,0
6107,2849.89,6,922,4,1,46.8,0
6108,719.27,22,216,1,0,12.87,0
6109,9205.39,5,1997,1,0,0.8,0
6110,6422.63,23,1605,1,2,11.79,0
6111,840.48,9,2701,2,0,30.9,0
6112,10462.61,5,89,1,0,32.02,0
6113,298.93,17,1607,2,0,9.87,0
6114,107.31,10,1731,0,0,8.53,0
6115,300.72,21,1940,1,1,19.76,0
6116,76.54,11,1604,0,0,20.33,0
6117,2907.91,12,295,1,1,14.75,0
6118,6740.06,16,2977,5,0,16.06,0
6119,9275.69,9,1157,4,0,58.47,0
6120,7740.53,22,800,2,0,13.43,0
6121,4348.9,22,2245,0,1,5.45,0
6122,521.66,12,399,2,1,48.41,0
6123,1179.07,4,1325,3,2,42.68,0
6124,4514.83,18,222,3,0,34.44,0
6125,9234.29,22,1246,1,0,3.42,0
6126,1763.07,14,2682,2,0,16.89,0
6127,5030.83,5,2365,1,0,31.99,0
6128,4176.26,4,1810,6,0,18.78,0
6129,3976.57,22,1977,0,1,33.06,0
6130,2318.24,9,594,3,0,14.54,0
6131,5696.34,6,894,5,0,23.36,0
6132,576.36,23,802,0,2,17.39,0
6133,4618.69,23,2668,1,0,19.38,0
6134,4317.54,0,1484,1,1,1.31,0
6135,194.21,23,2358,0,1,20.81,0
6136,1072.64,3,2779,3,0,10.22,0
6137,1045.03,4,1543,4,0,16.63,0
6138,643.13,13,2784,0,1,1.44,0
6139,4362.49,5,231,2,1,11.68,0
6140,17649.19,3,1457,1,0,14.94,0
6141,4354.24,15,736,3,0,41.1,0
6142,6237.8,1,481,4,1,11.02,0
6143,5079.42,16,2663,2,0,6.6,0
6144,3300.57,10,2431,6,1,0.89,0
6145,5589.35,13,609,1,0,20.1,0
6146,5292.17,20,2960,2,0,34.14,0
6147,1043.98,12,1004,3,1,16.07,0
6148,1370.94,1,487,2,0,35.11,0
6149,2580.52,7,1625,1,0,39.42,0
6150,3385.7,15,1240,3,0,22.01,0
6151,4688.32,22,2442,7,0,38.17,0
6152,1228.28,5,2674,0,0,12.44,0
6153,269.0,23,1538,3,2,8.1,0
6154,4770.5,22,2748,1,0,24.57,0
6155,466.88,21,368,2,0,7.39,0
6156,1056.35,14,2664,8,1,1.76,0
6157,2139.84,12,1128,0,0,13.1,0
6158,1959.44,20,2676,6,1,15.98,0
6159,3227.33,14,1505,1,0,49.34,0
6160,381.51,0,492,1,2,4.33,0
6161,1703.37,3,339,3,0,1.82,0
6162,1676.27,3,2004,3,0,29.07,0
6163,2176.36,20,2740,3,2,17.12,0
6164,4289.48,16,922,1,2,27.03,0
6165,6752.46,0,2404,2,1,18.49,0
6166,1239.54,18,2346,2,0,1.65,0
6167,169.47,15,1122,3,0,0.31,0
6168,307.25,22,388,3,1,0.9,0
6169,1180.45,18,742,2,0,7.71,0
6170,2002.39,12,1984,0,0,34.15,0
6171,2735.38,20,2879,2,0,14.22,0
6172,3593.17,13,1223,3,0,28.71,0
6173,6022.77,18,513,3,0,10.93,0
6174,923.89,3,1333,3,2,2.6,0
6175,831.89,2,2924,1,0,1.83,0
6176,1019.65,17,758,3,0,30.66,0
6177,2575.2,12,2871,0,0,9.91,0
6178,1595.96,0,1613,2,0,2.12,0
6179,3067.4,17,2198,2,1,37.57,0
6180,1339.61,16,2002,1,0,9.78,0
6181,9309.94,2,2126,1,1,32.42,0
6182,454.0,18,2208,1,0,41.34,0
6183,7124.31,22,2670,3,1,17.5,0
6184,5168.18,3,850,2,1,12.38,0
6185,1611.55,21,481,0,0,1.99,0
6186,3577.57,5,2454,1,1,24.32,0
6187,1678.11,22,738,3,0,15.93,0
6188,7837.25,0,2273,2,1,29.83,0
6189,262.15,14,1288,2,1,12.97,0
6190,9000.54,3,161,3,0,5.1,0
6191,8356.59,4,2356,2,1,55.07,0
6192,8404.72,6,2674,3,0,30.24,0
6193,84.26,5,360,3,0,34.05,0
6194,2305.41,17,1052,1,2,1.84,0
6195,3648.19,1,347,2,0,2.06,0
6196,460.61,3,2074,1,0,25.07,0
6197,377.89,9,1490,2,0,58.88,0
6198,246.1,17,703,2,1,8.88,0
6199,575.25,13,2696,2,1,8.47,0
6200,2192.25,0,1018,0,0,5.46,1
6201,890.17,9,190,3,0,40.74,0
6202,2370.33,16,1202,1,1,19.34,0
6203,2787.53,21,2188,3,0,16.07,0
6204,4222.95,14,573,2,1,10.22,0
6205,1958.01,18,2009,3,1,2.29,0
6206,1043.02,22,1282,3,1,27.37,0
6207,1044.48,16,1443,1,1,26.16,0
6208,1361.86,19,2205,0,1,18.92,0
6209,2264.72,16,860,1,2,9.7,0
6210,4923.61,22,406,1,1,3.05,0
6211,3303.24,21,184,0,0,7.36,0
6212,2840.05,7,151,0,0,21.1,0
6213,620.31,6,581,2,1,8.51,0
6214,4645.47,9,882,1,0,30.13,0
6215,1036.11,4,2467,3,0,6.85,0
6216,141.7,17,885,2,0,32.18,0
6217,795.41,18,1471,1,0,28.38,0
6218,2534.15,8,527,0,0,31.29,0
6219,1729.24,23,2549,3,0,24.17,0
6220,214.68,13,305,1,0,16.61,0
6221,2037.9,17,1045,2,0,11.22,0
6222,1125.44,8,1564,2,0,12.73,0
6223,6152.32,20,669,0,0,8.83,0
6224,2575.05,12,1869,2,0,23.97,0
6225,977.95,2,1042,3,1,19.19,0
6226,1250.62,21,1743,3,0,9.32,0
6227,42.16,22,587,2,1,2.3,0
6228,2520.71,17,835,0,0,27.67,0
6229,757.41,2,2579,2,0,7.43,0
6230,8035.35,23,1104,1,1,22.25,0
6231,1983.62,20,2855,2,0,18.06,0
6232,13165.13,20,790,3,0,63.36,0
6233,3727.73,22,1525,2,1,23.0,0
6234,4072.8,18,2693,2,0,36.18,1
6235,3719.68,20,2095,1,0,2.71,0
6236,59.46,19,672,3,0,10.24,0
6237,2651.93,13,629,7,2,51.99,0
6238,5255.73,10,1777,1,0,3.55,0
6239,5856.3,12,107,2,1,0.39,0
6240,1299.29,19,1014,2,0,13.02,0
6241,564.13,2,1107,4,1,2.19,0
6242,1805.41,3,2177,1,1,31.22,0
6243,458.12,3,2802,0,0,27.33,0
6244,208.38,17,1667,0,0,18.84,0
6245,4796.06,2,1350,3,0,11.4,0
6246,1234.28,20,365,2,1,29.23,0
6247,5961.55,11,1367,2,1,8.05,0
6248,528.3,8,600,1,0,22.45,0
6249,947.07,7,1121,1,0,2.17,0
6250,463.87,0,402,6,0,20.6,0
6251,145.55,12,911,1,1,20.53,0
6252,2352.97,12,431,0,0,13.17,0
6253,4302.49,3,720,1,1,40.92,0
6254,2755.33,16,2984,2,0,28.0,0
6255,1326.92,9,2412,0,0,10.85,0
6256,1281.07,15,392,5,0,11.44,0
6257,523.36,16,1430,2,0,19.19,0
6258,299.36,22,2344,1,1,24.5,0
6259,7264.67,9,2260,0,1,16.39,0
6260,4784.06,8,2489,1,3,15.32,0
6261,7273.69,3,197,2,0,37.75,0
6262,172.39,5,1303,4,3,28.57,0
6263,6924.83,12,741,1,0,39.49,0
6264,2246.79,11,2777,0,0,3.55,0
6265,1818.53,17,2260,4,0,14.42,0
6266,3128.96,19,1650,1,0,18.76,0
6267,668.22,15,2427,5,1,21.74,0
6268,511.02,4,1062,1,2,3.69,0
6269,1940.76,0,2813,0,1,45.73,0
6270,1998.05,16,2922,2,0,1.9,0
6271,2316.86,4,2694,3,0,5.86,0
6272,5298.12,4,585,1,0,19.16,0
6273,3129.16,12,2325,3,1,6.5,0
6274,5609.2,23,1096,1,2,38.88,0
6275,352.97,1,2972,1,2,28.57,0
6276,746.64,20,1517,1,0,29.59,0
6277,4276.67,22,1021,0,0,1.8,0
6278,2071.72,21,2494,4,0,33.69,0
6279,2229.03,13,2895,0,1,50.38,0
6280,12793.32,14,750,1,0,4.34,0
6281,2385.49,14,1450,3,0,16.02,0
6282,22.76,14,2058,2,1,9.66,0
6283,6893.9,9,1130,3,0,39.77,0
6284,1436.78,13,2133,2,0,2.73,0
6285,46.27,22,938,5,0,26.4,0
6286,4100.49,9,2604,2,0,7.59,0
6287,859.22,2,1252,1,1,20.59,0
6288,3180.39,13,1281,2,0,48.94,0
6289,1267.05,2,2600,2,0,24.42,0
6290,1661.57,2,315,3,0,23.38,0
6291,2289.01,23,984,2,0,13.41,0
6292,809.28,2,677,3,0,4.98,0
6293,48.05,18,236,0,1,21.96,0
6294,1248.79,2,1171,1,0,9.96,0
6295,1273.91,17,2019,1,0,15.78,0
6296,1506.92,0,1737,2,1,11.24,0
6297,3337.46,21,2084,0,2,17.86,0
6298,3439.29,23,559,3,1,47.89,0
6299,9444.33,15,2040,3,0,3.42,0
6300,908.46,16,2807,2,0,0.55,0
6301,4457.64,21,2181,0,0,16.04,0
6302,3093.42,22,511,4,0,45.69,0
6303,7656.29,12,57,1,0,14.78,0
6304,2528.24,19,779,3,0,20.34,0
6305,2263.68,23,30,1,1,13.94,0
6306,3616.15,22,1741,1,0,28.41,0
6307,5306.72,22,2189,1,0,32.11,0
6308,194.82,23,1414,1,0,20.94,0
6309,601.57,7,2709,5,1,13.93,0
6310,5675.95,16,2802,1,0,18.73,0
6311,6342.52,19,174,3,0,27.91,0
6312,2482.34,19,1838,5,0,1.38,0
6313,6754.99,5,2763,4,1,8.33,1
6314,2963.29,16,922,0,1,14.37,0
6315,3711.59,5,308,3,0,17.03,0
6316,270.87,11,547,2,1,13.78,0
6317,1663.6,16,1448,4,0,9.51,0
6318,1683.64,1,1732,0,0,38.75,0
6319,1525.56,15,1553,1,0,33.33,0
6320,2050.72,5,1529,2,0,31.44,0
6321,5374.9,3,1385,3,1,19.91,0
6322,1911.45,21,1024,1,0,52.07,0
6323,4155.21,17,483,3,0,30.08,0
6324,2183.43,9,1226,5,0,25.69,0
6325,278.96,15,1203,2,0,13.9,0
6326,402.84,8,873,1,0,8.87,0
6327,2760.67,0,2586,1,1,16.63,0
6328,1953.17,18,1613,7,0,8.63,0
6329,1691.83,6,1249,5,0,34.67,0
6330,3527.13,20,2112,2,0,8.78,0
6331,2385.31,1,1897,2,2,28.24,1
6332,889.31,19,2000,1,0,4.67,0
6333,1565.14,1,1458,1,0,2.24,0
6334,3135.71,0,2522,2,1,8.91,0
6335,1848.27,14,1346,1,0,30.04,0
6336,1304.37,9,1450,0,0,30.0,0
6337,1042.94,3,22,5,1,36.97,1
6338,3201.57,11,2960,0,2,13.98,0
6339,4443.42,5,1647,4,0,10.91,0
6340,2016.57,11,37,2,1,36.09,0
6341,3483.45,3,1765,2,0,19.56,0
6342,3849.33,15,810,4,0,16.68,0
6343,420.42,2,2168,3,1,9.19,0
6344,1266.72,16,630,3,1,25.42,0
6345,373.35,13,508,0,0,40.55,0
6346,694.97,15,29,1,0,5.83,0
6347,1301.74,4,2690,0,1,3.5,0
6348,700.77,8,927,2,1,7.01,0
6349,2242.21,15,1620,1,0,53.18,0
6350,217.84,11,1226,4,1,21.14,0
6351,1638.72,11,1755,5,0,26.06,0
6352,117.17,5,2198,1,0,19.61,0
6353,2449.52,8,446,2,0,36.99,0
6354,4057.08,14,2689,3,1,1.22,0
6355,3013.55,14,663,0,0,27.26,1
6356,1975.39,4,1449,2,1,18.87,0
6357,3544.14,23,1778,2,0,24.47,0
6358,19631.7,0,1472,0,1,15.77,0
6359,1107.84,22,813,0,2,24.23,0
6360,7378.74,3,777,5,1,11.41,0
6361,2427.94,9,165,2,0,13.46,0
6362,969.49,4,1617,1,0,7.61,0
6363,2539.33,13,1357,2,1,14.91,0
6364,635.52,1,657,2,0,3.3,0
6365,4119.73,21,816,2,0,12.01,0
6366,1116.12,15,2725,4,1,29.0,0
6367,5502.13,8,487,0,1,26.61,0
6368,4374.28,13,2004,0,0,8.26,0
6369,3506.6,17,2030,2,1,4.5,0
6370,4687.69,21,2926,2,1,3.04,0
6371,608.1,4,1331,2,1,10.07,0
6372,2683.64,12,2056,3,0,19.9,0
6373,3575.48,23,1593,5,0,27.81,0
6374,2967.42,4,450,2,1,10.55,0
6375,1943.85,3,87,2,0,20.92,0
6376,1359.78,4,638,2,1,12.34,0
6377,3638.42,11,2049,1,0,41.28,0
6378,1.49,0,2804,1,1,25.79,0
6379,505.7,7,214,2,1,2.4,1
6380,821.21,21,1402,3,0,8.54,0
6381,1966.8,13,2446,1,0,19.76,0
6382,3779.28,23,33,1,0,12.77,0
6383,6942.71,13,1967,0,1,18.81,0
6384,9869.56,9,1156,0,0,42.46,0
6385,1920.14,15,339,1,0,13.2,0
6386,1342.79,13,1015,3,0,46.82,0
6387,5425.31,19,625,2,0,1.09,0
6388,1583.32,23,2095,1,0,36.49,0
6389,1307.1,5,1022,0,1,24.82,0
6390,388.22,8,472,3,0,59.36,0
6391,2942.43,8,2872,0,1,3.72,0
6392,8430.76,7,2730,3,0,0.84,0
6393,3301.3,13,813,1,1,53.28,0
6394,4177.53,15,2894,4,0,19.15,0
6395,7190.08,3,2872,2,1,13.59,0
6396,5134.07,23,2058,3,0,0.69,0
6397,1425.06,19,743,1,0,9.99,0
6398,4658.27,6,2422,2,2,32.32,1
6399,607.91,20,2599,5,1,0.76,0
6400,4373.06,4,940,1,0,0.0,0
6401,1012.59,3,542,1,1,30.97,0
6402,1609.55,12,158,2,1,23.88,0
6403,3533.85,8,788,1,1,11.43,0
6404,734.71,4,1747,1,0,2.64,0
6405,4389.57,0,2526,0,0,8.13,0
6406,1153.19,6,373,1,1,5.84,0
6407,963.59,1,1558,3,1,22.28,0
6408,2118.5,13,2151,2,1,14.52,0
6409,5746.44,9,2868,1,1,15.0,0
6410,2050.7,20,948,5,0,68.13,0
6411,4030.34,7,1377,1,2,3.5,0
6412,1571.49,13,1963,3,0,17.5,0
6413,16.14,1,2089,4,0,2.64,0
6414,592.69,13,2638,1,0,17.78,0
6415,602.11,1,1247,1,1,35.36,1
6416,1122.05,3,1103,3,1,41.28,0
6417,2062.63,11,1150,2,0,44.24,0
6418,645.27,11,2915,2,1,34.54,0
6419,2715.18,13,1012,1,1,15.94,0
6420,1534.0,10,195,1,1,23.49,0
6421,2372.63,5,168,3,0,25.3,0
6422,120.65,0,214,3,1,14.61,1
6423,238.0,21,1318,0,0,2.74,0
6424,1729.46,6,1169,2,1,8.48,0
6425,120.97,15,1148,4,1,25.76,1
6426,1117.14,19,413,2,0,4.03,0
6427,1328.62,13,758,3,0,0.14,0
6428,2062.74,8,2013,2,0,26.77,0
6429,2204.46,11,1370,3,0,40.56,0
6430,1893.53,9,457,2,0,32.57,0
6431,851.89,3,2741,3,0,5.96,0
6432,768.97,0,2798,3,0,1.05,0
6433,5482.76,17,534,3,0,19.74,0
6434,1806.2,10,1477,0,0,25.89,0
6435,2395.9,23,1481,3,0,35.29,0
6436,1754.4,23,2413,2,1,20.67,0
6437,2460.48,16,2477,1,1,17.8,0
6438,5636.59,11,976,1,1,48.2,0
6439,340.4,20,1131,2,1,36.18,0
6440,4134.12,6,2394,3,0,44.52,0
6441,2395.92,12,358,1,1,2.68,0
6442,3139.77,3,535,4,0,20.5,0
6443,1242.88,20,2466,3,1,20.89,0
6444,3717.51,3,169,3,1,25.07,0
6445,1945.41,18,2681,1,0,7.06,0
6446,270.93,6,791,4,2,2.18,0
6447,130.33,22,1826,1,0,33.82,0
6448,8588.43,3,307,6,2,15.72,0
6449,481.12,17,2536,1,1,14.2,0
6450,1142.69,10,1235,3,0,2.82,0
6451,1626.3,23,1943,1,0,28.17,0
6452,3360.4,6,2186,1,0,6.95,0
6453,5520.51,23,630,3,1,4.78,0
6454,7911.64,1,524,3,0,5.74,0
6455,769.02,6,1713,2,0,16.96,0
6456,73.05,17,2915,1,1,20.57,1
6457,3241.4,8,2296,1,0,40.89,0
6458,9824.7,11,1500,1,0,34.49,0
6459,2547.39,14,2580,2,1,34.17,0
6460,196.56,22,481,0,1,56.56,0
6461,1303.01,13,278,1,1,38.5,0
6462,103.38,15,1717,2,0,27.12,0
6463,283.36,16,2064,1,0,5.43,0
6464,2741.63,0,684,1,0,32.28,0
6465,5180.13,19,1123,1,1,26.03,0
6466,4664.54,22,529,1,1,5.95,0
6467,1622.55,9,187,0,0,6.84,0
6468,567.27,18,250,2,0,31.54,0
6469,2722.93,22,780,5,0,25.05,0
6470,3239.98,23,1629,1,1,15.89,0
6471,1973.97,15,2805,2,0,18.84,0
6472,9271.65,17,2104,2,0,2.53,0
6473,817.12,2,678,4,0,19.23,0
6474,1960.26,14,2087,1,3,14.9,0
6475,3418.04,12,2304,3,0,13.07,0
6476,959.02,12,1642,3,0,13.56,0
6477,1391.32,19,1113,0,1,7.04,0
6478,507.45,6,754,2,1,4.67,0
6479,2613.36,0,656,0,0,25.42,0
6480,4345.16,18,893,0,0,17.06,0
6481,2034.59,18,2854,4,0,3.88,0
6482,289.91,0,2101,2,1,13.4,0
6483,1189.43,14,2064,1,0,29.92,0
6484,4652.2,22,2952,2,1,72.04,0
6485,1302.5,16,1061,4,0,13.91,0
6486,2798.7,9,903,2,0,16.0,0
6487,371.52,9,2902,1,0,19.16,0
6488,2722.1,8,2262,2,0,28.69,0
6489,815.2,3,701,3,0,26.97,0
6490,200.55,7,187,3,0,44.03,0
6491,1537.06,17,976,2,0,66.97,0
6492,6402.12,9,161,1,0,13.75,0
6493,1343.79,20,607,4,0,10.36,0
6494,14378.05,8,545,3,0,13.1,0
6495,1426.31,8,212,2,0,46.89,0
6496,476.53,20,1020,1,1,40.75,0
6497,3268.86,6,2190,2,1,23.63,0
6498,22252.79,3,6,3,0,25.85,0
6499,2543.19,20,1424,2,0,10.96,0
6500,3092.54,20,2479,1,1,5.37,0
6501,5244.84,11,1330,1,0,25.82,0
6502,553.53,2,2890,0,0,40.03,0
6503,7679.54,17,1082,7,0,41.31,0
6504,3601.7,23,548,0,0,52.99,0
6505,2675.05,13,2505,2,0,27.94,0
6506,1849.81,9,1330,6,0,7.2,0
6507,4841.39,1,2564,0,0,9.7,0
6508,5310.47,0,1457,5,0,16.02,0
6509,594.29,7,2993,3,1,26.94,0
6510,12905.99,8,724,1,0,0.72,0
6511,6659.29,8,65,4,0,20.55,0
6512,330.29,17,2693,2,0,26.91,0
6513,3192.68,18,436,1,0,68.2,0
6514,2263.9,23,2819,1,1,10.31,0
6515,3320.33,12,2679,1,1,19.49,1
6516,1351.39,8,2566,0,0,18.68,0
6517,6065.23,20,2476,2,0,3.46,0
6518,719.78,17,845,1,0,33.33,0
6519,2823.12,14,904,2,0,0.73,0
6520,5736.95,10,1101,2,0,4.03,0
6521,1187.72,6,2383,0,2,0.05,0
6522,3625.75,20,1620,6,0,12.79,0
6523,700.4,4,1828,3,1,1.67,0
6524,361.85,7,2990,3,0,25.97,0
6525,3150.35,23,1778,0,0,10.2,0
6526,3022.31,11,608,1,1,19.36,0
6527,3624.15,15,384,0,3,35.0,0
6528,84.28,15,744,3,1,21.89,0
6529,2468.81,14,758,5,0,26.38,0
6530,405.31,5,774,1,0,24.57,0
6531,4907.82,18,2010,1,0,48.66,0
6532,10292.98,23,739,3,0,27.57,0
6533,828.47,20,1156,0,1,5.73,0
6534,5086.56,0,1271,7,1,49.6,0
6535,354.51,5,728,3,0,9.06,0
6536,4499.89,12,2816,3,0,27.13,0
6537,1189.76,19,770,4,0,7.28,0
6538,13209.29,2,588,1,0,2.3,0
6539,2143.0,2,1747,2,0,7.43,0
6540,2.23,7,1864,1,0,2.98,0
6541,651.22,20,1649,6,1,3.18,0
6542,5447.99,3,2967,3,0,1.48,0
6543,4358.89,16,563,2,0,34.64,0
6544,2003.67,23,49,0,1,17.35,0
6545,59.97,19,409,2,1,10.41,0
6546,4020.29,12,1573,3,1,44.63,0
6547,7023.27,0,451,1,1,12.56,0
6548,3657.27,0,2640,2,1,0.45,0
6549,610.41,1,542,1,1,2.03,0
6550,517.34,7,343,0,0,0.78,0
6551,1521.02,8,585,1,0,24.84,0
6552,17465.63,20,2457,4,0,8.82,0
6553,188.07,0,39,3,0,20.3,0
6554,6262.97,3,2222,3,0,27.33,0
6555,960.99,23,1387,0,0,10.25,0
6556,2915.32,22,349,5,0,15.41,0
6557,1652.68,6,571,3,0,30.12,0
6558,570.8,15,2306,2,0,23.33,0
6559,1799.06,14,669,3,0,0.98,0
6560,135.62,9,1359,1,0,0.86,0
6561,10319.67,15,633,2,0,15.43,0
6562,3616.19,7,229,2,1,50.73,0
6563,1872.84,17,2835,4,2,36.12,0
6564,3561.26,8,2571,3,0,2.2,0
6565,330.13,17,505,4,1,14.88,0
6566,1708.81,0,183,3,0,14.16,0
6567,2584.67,3,2231,3,0,5.99,0
6568,4008.2,9,421,0,3,28.02,0
6569,398.66,16,1702,1,0,2.61,0
6570,1377.84,4,5,0,1,38.92,1
6571,8184.36,7,99,3,0,15.4,0
6572,1005.25,7,1750,0,1,32.33,0
6573,4459.88,12,604,4,2,7.63,0
6574,840.45,11,2685,2,0,16.41,0
6575,2014.8,9,926,2,0,28.46,0
6576,233.38,21,1576,5,1,22.68,0
6577,1002.55,21,2929,2,0,52.13,0
6578,2102.4,3,2015,3,0,7.78,1
6579,7467.68,5,452,0,0,22.96,0
6580,1857.53,7,417,1,0,4.01,0
6581,5611.35,9,1464,0,1,33.36,0
6582,3690.88,2,2522,2,0,9.36,1
6583,1219.04,10,485,3,0,27.9,0
6584,2295.85,11,348,0,3,4.68,0
6585,2906.92,1,2477,0,1,24.61,0
6586,3055.24,4,730,0,1,48.83,0
6587,1259.7,13,2173,6,2,54.17,0
6588,630.98,10,2457,2,3,25.35,0
6589,1550.5,5,2783,2,0,27.22,0
6590,3572.9,13,616,0,1,13.98,0
6591,1768.94,21,2815,2,0,12.99,0
6592,838.0,9,2560,2,0,0.44,0
6593,1358.64,9,1427,2,2,33.81,0
6594,1489.05,3,1111,1,0,14.38,0
6595,6511.89,15,2711,1,0,13.42,0
6596,829.91,11,1088,4,1,5.0,0
6597,240.63,22,313,0,0,8.7,0
6598,4401.56,0,609,2,0,2.13,0
6599,5347.71,20,601,3,0,12.98,0
6600,371.44,10,606,2,0,9.37,0
6601,852.2,12,1830,1,0,17.56,0
6602,11902.64,23,1960,1,3,22.36,0
6603,6639.23,2,464,4,0,60.77,1
6604,853.34,18,1751,2,0,14.43,0
6605,902.07,23,1141,0,2,25.4,0
6606,969.77,4,371,2,0,26.58,0
6607,2727.3,10,523,1,1,37.72,0
6608,3560.67,5,1578,0,0,4.82,0
6609,12087.7,11,1308,2,0,6.13,0
6610,667.33,15,1737,1,1,0.14,0
6611,581.3,15,2841,0,1,18.93,0
6612,3021.59,13,2465,1,1,28.81,0
6613,1101.84,20,1366,4,1,5.49,0
6614,416.2,4,2679,1,0,47.47,0
6615,5595.77,7,1570,2,0,25.13,0
6616,1008.05,13,2251,0,1,30.41,0
6617,331.63,15,2207,2,3,3.46,0
6618,479.73,17,2018,2,0,16.33,0
6619,8406.21,17,2197,2,1,32.03,0
6620,7560.24,7,1576,2,0,27.0,0
6621,5912.69,2,2380,2,1,39.98,0
6622,2509.5,22,1728,2,1,6.45,0
6623,582.42,16,2367,2,1,3.05,0
6624,3343.61,22,899,0,1,21.33,0
6625,5229.61,22,358,4,1,23.55,0
6626,1163.55,7,1482,2,2,13.77,0
6627,748.61,0,833,2,2,57.65,0
6628,4657.37,0,1485,6,1,0.97,0
6629,3625.24,17,1942,2,0,11.07,0
6630,8057.52,4,452,2,0,36.32,0
6631,3417.83,1,1431,0,0,41.09,0
6632,4479.81,11,571,2,0,7.84,0
6633,3822.9,9,1886,1,0,51.95,0
6634,876.11,4,2259,0,2,22.66,0
6635,11392.13,13,994,2,1,5.05,0
6636,10.81,6,920,2,0,12.61,0
6637,4588.82,1,565,1,3,24.0,0
6638,3743.77,3,2850,1,1,23.46,1
6639,1057.42,22,587,4,0,8.28,0
6640,830.23,12,108,0,0,24.48,0
6641,5562.87,22,1740,1,1,2.7,0
6642,5606.91,11,222,1,1,16.84,0
6643,8959.64,22,435,2,1,13.06,0
6644,345.4,21,2383,0,0,16.09,0
6645,1809.76,2,1954,2,0,11.39,1
6646,4927.19,19,648,2,0,5.94,0
6647,203.61,0,602,2,0,5.33,1
6648,977.57,11,579,3,0,2.19,0
6649,951.28,2,1004,2,1,35.03,0
6650,3987.06,2,52,3,0,22.4,0
6651,758.59,18,1706,2,0,8.8,0
6652,2174.63,4,748,4,0,21.07,0
6653,3968.89,15,574,3,0,4.97,0
6654,6924.49,23,2161,7,0,14.78,0
6655,5927.84,22,1227,2,0,13.07,0
6656,7089.06,15,1686,4,1,26.17,0
6657,18692.63,23,1382,3,0,47.75,1
6658,1501.51,14,2642,1,0,9.35,0
6659,3046.76,22,55,2,0,21.02,0
6660,352.8,9,456,4,1,2.28,0
6661,3160.49,4,246,2,1,3.82,0
6662,9489.16,20,132,4,1,44.47,0
6663,289.6,19,711,1,0,2.96,1
6664,1382.7,16,657,0,2,48.1,0
6665,98.4,0,1624,1,1,52.34,0
6666,7715.32,13,2785,1,0,26.89,0
6667,3481.7,14,2270,1,0,33.08,0
6668,411.2,22,1057,2,1,4.85,0
6669,720.55,18,2056,3,3,12.4,0
6670,934.92,9,2906,2,0,23.74,0
6671,3885.37,7,1736,4,2,19.74,0
6672,156.51,5,1114,5,0,24.31,0
6673,26.15,2,2137,1,1,5.94,0
6674,424.65,12,513,1,0,35.75,0
6675,888.5,23,868,1,1,9.28,0
6676,1982.29,12,2536,3,0,15.49,0
6677,1981.08,1,897,1,1,12.11,0
6678,11964.93,12,753,0,0,3.72,0
6679,3629.61,23,2291,2,0,30.17,0
6680,1452.54,19,317,3,0,3.9,0
6681,608.77,22,1919,1,1,44.73,0
6682,5835.04,15,1283,1,1,14.75,0
6683,6721.9,20,2630,4,1,34.54,0
6684,9141.78,12,1559,1,1,13.2,0
6685,3951.13,5,224,3,1,15.57,0
6686,3780.77,11,2649,3,0,6.24,0
6687,5946.52,13,798,1,0,14.94,0
6688,2367.66,8,445,2,0,11.22,1
6689,5306.12,3,319,2,1,25.66,0
6690,1968.05,11,2471,3,0,9.79,0
6691,938.9,10,115,4,0,5.14,0
6692,2938.19,7,1156,2,1,17.18,0
6693,5031.04,5,2219,1,2,58.87,0
6694,294.63,3,268,1,0,25.87,0
6695,517.37,6,2446,2,0,12.75,0
6696,2279.87,0,1267,3,3,15.29,0
6697,2348.45,6,2260,2,0,13.5,0
6698,9307.69,6,2615,4,1,7.05,0
6699,1157.63,1,985,2,1,23.54,0
6700,4013.44,8,349,2,2,18.78,0
6701,965.32,18,2314,2,0,26.48,0
6702,4019.61,1,2310,4,1,43.29,0
6703,6171.21,15,188,1,0,1.66,0
6704,3800.29,1,1289,0,0,36.31,0
6705,5772.51,2,1265,4,0,0.42,0
6706,139.98,0,1461,2,0,36.82,0
6707,4434.65,9,1631,0,1,6.64,0
6708,1234.51,16,799,1,1,52.04,0
6709,5700.41,10,1601,2,1,38.16,0
6710,543.38,23,1458,5,0,16.11,0
6711,36.21,4,2879,1,0,8.38,1
6712,861.97,21,399,3,0,23.45,0
6713,1229.36,10,1669,2,1,6.93,0
6714,588.04,23,2063,1,0,1.48,0
6715,126.71,3,2057,3,0,29.94,1
6716,5577.32,4,98,1,1,35.9,0
6717,1226.54,18,1566,2,0,42.0,0
6718,4276.06,15,2402,2,1,3.14,0
6719,8117.41,1,1189,3,0,0.84,0
6720,1048.89,5,621,1,0,7.98,0
6721,4351.67,21,1897,4,1,5.01,0
6722,4216.93,2,2564,2,0,49.31,0
6723,1676.13,2,2943,1,0,25.42,1
6724,149.23,7,884,2,0,50.99,0
6725,13.37,21,2680,2,1,49.74,0
6726,3526.35,4,2944,2,0,15.38,0
6727,2390.89,5,2055,2,1,23.41,0
6728,459.8,16,2985,5,0,32.01,0
6729,5313.15,19,2669,2,0,6.13,0
6730,274.48,16,1399,3,0,17.1,0
6731,2304.39,14,538,1,0,30.11,0
6732,4195.25,10,1192,1,1,4.11,0
6733,1104.47,11,2554,1,1,16.84,0
6734,336.65,13,164,3,2,16.78,0
6735,1788.08,22,2798,0,0,25.13,0
6736,946.05,12,980,1,0,20.06,0
6737,5446.18,6,2501,5,1,27.42,0
6738,3904.89,19,308,1,1,28.4,0
6739,602.7,4,2323,4,2,8.54,0
6740,575.56,20,2038,1,1,23.55,0
6741,8302.64,3,62,0,0,31.73,1
6742,4634.53,4,1268,0,0,14.96,0
6743,2447.44,17,358,3,1,18.08,0
6744,1272.97,15,386,0,2,5.91,0
6745,8874.57,14,1285,3,0,32.49,0
6746,5015.97,5,1211,0,1,14.19,0
6747,3947.77,5,280,2,2,2.69,0
6748,184.47,8,2362,2,0,23.13,0
6749,3320.55,11,1448,1,0,9.95,0
6750,10557.01,2,292,3,3,7.55,0
6751,2637.85,5,2911,1,1,6.96,0
6752,4883.05,14,1057,1,1,11.63,0
6753,2911.89,15,1049,2,2,14.92,0
6754,5173.29,14,2664,1,1,1.48,0
6755,1525.52,4,508,0,1,47.0,0
6756,7423.06,18,2000,2,0,51.22,0
6757,766.72,1,1489,0,0,39.73,0
6758,1885.2,9,1643,3,0,44.76,0
6759,333.97,13,2539,3,0,0.99,0
6760,5866.65,21,529,0,0,8.69,0
6761,2893.56,14,1503,3,1,4.38,0
6762,2473.63,16,2559,2,2,20.39,0
6763,5505.64,10,1531,1,1,2.7,0
6764,3412.26,2,2795,1,1,7.43,0
6765,212.1,13,2073,0,0,20.11,0
6766,880.74,14,1077,0,1,16.42,0
6767,835.65,21,175,1,1,21.78,0
6768,9341.5,19,2638,1,0,20.66,0
6769,1601.4,1,1003,2,3,8.91,0
6770,2937.72,22,2298,3,1,12.84,0
6771,601.35,0,634,1,0,19.45,0
6772,856.14,3,1191,4,0,13.64,0
6773,4184.79,12,649,1,1,50.81,0
6774,4760.77,18,1636,1,3,21.02,0
6775,5976.03,2,914,0,1,3.7,1
6776,3059.65,12,1894,2,0,17.16,0
6777,2319.9,21,383,1,0,13.09,0
6778,890.11,11,1909,4,0,17.18,0
6779,4723.4,14,2632,1,2,30.99,0
6780,5039.91,17,1905,4,0,29.55,0
6781,1234.58,3,352,2,0,1.02,0
6782,3344.4,5,2998,3,0,31.4,0
6783,7589.65,3,1626,3,0,6.47,0
6784,12205.6,13,818,2,1,18.08,0
6785,1260.97,12,1347,5,1,22.21,0
6786,817.97,2,1300,1,1,20.18,0
6787,1878.07,10,2476,1,1,43.61,0
6788,300.53,15,871,3,0,30.88,0
6789,1484.8,22,1951,3,0,14.31,0
6790,1478.84,3,1141,3,0,0.04,0
6791,2156.98,14,157,1,0,20.13,0
6792,1031.04,17,638,2,1,9.46,0
6793,2946.26,15,597,2,0,11.96,0
6794,1631.6,20,875,0,0,2.53,0
6795,4762.47,10,2328,2,0,29.45,0
6796,4285.72,1,2463,4,0,10.5,0
6797,2981.25,12,256,0,0,4.75,0
6798,604.71,11,1762,4,0,23.3,0
6799,5569.56,15,875,2,0,3.34,0
6800,693.03,1,867,3,0,14.77,0
6801,2499.66,0,2801,0,0,6.46,0
6802,3611.35,13,1106,2,0,8.73,0
6803,3904.24,8,2604,1,0,57.32,0
6804,1951.83,5,343,3,0,24.12,0
6805,4392.07,4,284,1,0,1.9,0
6806,1628.66,8,1660,2,0,0.14,0
6807,892.69,2,1222,3,0,42.2,0
6808,4084.5,22,1850,6,0,5.32,0
6809,10991.95,13,2150,3,0,31.84,0
6810,71.14,6,2743,4,0,3.93,0
6811,1598.68,8,754,1,2,38.05,0
6812,5900.81,1,379,2,0,61.32,0
6813,37.74,13,1401,0,0,43.6,0
6814,879.41,9,674,1,0,14.37,0
6815,2490.06,6,1431,2,0,30.98,0
6816,2049.24,13,1973,0,0,11.91,0
6817,2149.3,15,2194,3,1,58.28,0
6818,3309.7,22,659,3,0,3.31,0
6819,4106.46,22,1790,3,0,53.04,0
6820,211.37,11,2839,0,1,35.22,0
6821,613.59,18,1594,1,0,20.24,0
6822,768.44,0,2298,2,0,33.47,1
6823,157.71,19,814,2,0,14.08,0
6824,344.98,2,2961,3,0,4.94,0
6825,2089.3,21,2370,2,0,10.74,0
6826,5263.86,19,593,1,0,58.22,0
6827,3544.8,10,2721,2,1,34.9,0
6828,4509.92,23,1297,1,0,32.64,0
6829,3117.47,0,617,1,0,28.98,1
6830,7795.7,14,605,1,0,24.06,0
6831,2420.38,15,1297,2,0,28.46,0
6832,5310.76,3,2761,3,0,1.34,0
6833,2333.53,13,1077,1,1,19.87,0
6834,2257.53,16,2959,1,0,14.44,0
6835,943.58,0,1846,2,0,44.33,0
6836,4293.44,4,2599,5,0,38.58,0
6837,1341.36,14,2618,2,0,11.49,0
6838,1277.87,18,400,4,1,30.53,0
6839,994.25,1,896,3,1,24.44,0
6840,3295.91,23,769,1,0,9.6,0
6841,6805.32,13,2853,3,0,40.99,0
6842,2526.67,17,681,3,0,20.81,0
6843,2884.79,19,1547,3,0,34.22,0
6844,3966.1,6,1426,3,1,6.41,0
6845,310.02,6,783,3,0,9.17,0
6846,2769.18,21,2363,4,0,21.94,0
6847,1009.75,0,1517,3,1,8.98,0
6848,3566.66,11,67,1,1,0.8,0
6849,4351.66,9,1258,0,1,14.88,0
6850,1265.07,16,511,2,1,17.19,0
6851,479.56,22,2045,2,0,16.78,0
6852,4497.88,20,1868,0,0,33.5,0
6853,583.85,13,1681,0,1,15.82,0
6854,2041.62,11,1443,3,0,16.84,0
6855,11559.01,17,1745,2,0,5.99,0
6856,1269.93,16,1376,4,0,8.38,0
6857,413.41,3,721,2,1,13.17,0
6858,1256.95,14,1755,1,0,18.25,0
6859,1230.44,11,725,2,0,10.64,0
6860,13609.98,17,2437,1,0,0.72,0
6861,3199.48,5,2224,1,1,1.25,0
6862,1884.31,13,1563,3,0,35.3,0
6863,7087.48,9,2702,1,0,25.02,0
6864,1084.57,22,2787,2,0,0.53,0
6865,6974.55,13,2598,4,0,26.19,0
6866,4732.32,9,2876,1,0,9.31,0
6867,912.58,19,407,3,2,50.68,0
6868,68.32,2,426,2,0,42.42,0
6869,1524.07,2,2661,0,0,0.04,0
6870,2565.26,0,2525,3,0,4.36,1
6871,4786.51,13,425,1,0,39.05,0
6872,4671.96,15,2556,1,1,2.83,0
6873,4971.07,17,409,1,1,34.89,0
6874,1551.99,20,1820,4,1,12.33,0
6875,1300.46,16,2381,3,0,5.47,0
6876,8146.01,1,2735,2,1,42.15,0
6877,4951.56,9,1723,5,0,13.14,0
6878,2706.53,6,913,2,2,19.82,0
6879,185.57,14,2260,0,0,5.75,0
6880,30.03,12,469,4,0,32.36,0
6881,1223.75,6,1924,1,1,37.41,0
6882,12362.47,3,1437,3,0,12.88,0
6883,1637.36,14,1692,5,0,13.03,0
6884,3886.95,20,2883,2,3,4.91,1
6885,8111.89,23,1622,2,0,1.7,0
6886,3340.15,0,1535,3,2,22.08,0
6887,2061.94,7,2079,4,0,26.31,0
6888,3133.73,9,1097,2,1,10.54,0
6889,1164.71,21,1084,0,0,31.5,0
6890,282.29,9,1699,1,0,11.3,0
6891,3763.99,21,990,5,0,3.4,0
6892,172.9,0,1699,3,0,12.45,0
6893,2751.52,1,64,1,0,15.79,0
6894,5478.04,0,629,2,1,1.35,0
6895,7110.99,11,2126,3,1,2.03,1
6896,883.75,23,2458,1,0,12.8,0
6897,327.83,10,1373,0,0,7.46,0
6898,1167.0,5,2344,1,0,11.68,0
6899,3556.78,13,991,2,0,36.65,0
6900,45.08,17,1604,1,0,27.72,0
6901,698.15,6,2525,3,0,5.09,0
6902,5238.51,20,1612,1,1,40.94,0
6903,8920.98,1,2367,0,1,7.64,0
6904,3124.28,13,528,3,0,29.5,0
6905,2881.92,20,1600,3,0,1.78,0
6906,3098.94,23,712,0,0,21.34,0
6907,1729.85,12,1304,4,1,0.19,0
6908,2484.3,16,649,2,0,16.97,0
6909,53.35,13,947,1,0,1.62,0
6910,7753.81,3,2909,4,0,15.79,0
6911,6201.95,4,2066,1,1,9.9,0
6912,5395.74,3,2587,2,0,7.72,0
6913,311.86,18,1606,1,2,6.64,0
6914,4269.29,20,1066,4,0,14.98,0
6915,3343.9,17,652,0,1,41.93,0
6916,661.51,10,835,2,0,62.82,0
6917,4991.57,2,383,2,0,31.59,0
6918,2502.22,0,1792,1,0,17.63,0
6919,2471.89,0,2576,2,0,10.38,0
6920,3432.51,18,627,0,1,8.16,0
6921,13751.92,0,2532,3,0,44.89,0
6922,4646.36,22,2227,3,0,7.81,0
6923,3391.11,2,2343,1,0,15.6,0
6924,89.68,12,104,3,1,28.61,0
6925,1280.75,23,535,1,0,41.87,0
6926,868.88,14,2599,0,0,17.95,0
6927,5391.65,20,1467,2,2,3.45,0
6928,2126.32,5,982,2,1,26.87,0
6929,2131.07,20,909,1,0,9.94,0
6930,225.44,9,794,2,0,13.66,0
6931,519.19,17,1005,2,1,7.13,0
6932,1040.63,23,1549,3,1,6.73,0
6933,1829.21,8,2701,5,1,11.76,0
6934,455.94,1,1127,3,0,17.38,0
6935,770.93,2,589,1,0,31.46,1
6936,5374.07,20,95,1,0,6.73,0
6937,5518.96,20,2374,3,0,26.73,0
6938,1875.67,3,455,3,0,5.21,0
6939,128.88,14,2441,2,2,15.75,0
6940,1969.52,3,439,1,0,25.4,0
6941,1768.0,4,1157,1,0,40.89,0
6942,868.91,8,740,2,1,28.09,0
6943,374.36,2,317,0,0,28.14,0
6944,282.62,15,1481,1,0,4.6,0
6945,3893.38,6,1601,4,0,17.57,0
6946,4219.8,3,2012,1,1,9.4,0
6947,12203.98,0,1695,2,1,9.62,0
6948,3074.64,2,1993,3,2,24.39,0
6949,677.5,20,313,2,0,1.24,0
6950,15.33,6,2816,3,1,15.9,0
6951,7341.45,13,1538,1,1,15.86,0
6952,3412.78,10,2596,2,0,1.73,0
6953,7234.58,14,660,0,2,25.66,0
6954,499.35,5,1224,3,0,50.72,0
6955,1883.41,0,732,2,0,50.69,0
6956,2904.41,21,2324,3,1,27.55,0
6957,1825.9,20,2485,2,1,31.92,0
6958,3144.56,1,481,2,0,16.9,1
6959,1099.62,10,1421,0,1,33.02,0
6960,397.84,15,2515,2,1,23.65,0
6961,9279.07,19,2239,1,2,22.0,0
6962,2311.11,0,649,3,3,11.41,0
6963,1521.47,16,1043,4,1,4.67,0
6964,2875.71,3,790,3,1,34.42,0
6965,1724.88,19,122,3,2,31.6,0
6966,182.92,17,95,2,1,21.35,0
6967,3798.46,16,2097,1,2,8.79,0
6968,3276.82,4,886,2,0,18.08,0
6969,1554.41,11,471,3,0,67.78,0
6970,2787.09,6,121,3,0,26.26,0
6971,144.42,10,568,0,0,5.2,0
6972,372.8,7,342,1,0,8.79,0
6973,928.39,23,2833,1,0,48.98,0
6974,1013.08,4,1097,0,1,12.34,0
6975,4899.01,8,1973,0,0,2.87,1
6976,8184.99,6,377,3,0,2.88,0
6977,2010.75,11,2901,1,1,21.13,0
6978,621.73,17,2671,2,1,27.8,0
6979,4387.16,9,1914,3,0,45.52,0
6980,2961.45,23,2031,1,1,2.25,0
6981,5413.23,13,2100,6,0,44.45,0
6982,1533.93,12,791,5,0,28.68,0
6983,3173.69,8,709,3,1,36.58,0
6984,3180.47,6,2815,4,0,53.87,0
6985,5404.2,22,1152,1,0,3.49,0
6986,896.43,12,422,1,1,13.07,0
6987,2446.47,18,2407,2,2,5.03,0
6988,912.17,9,679,3,2,4.57,0
6989,274.86,6,2958,2,0,5.44,0
6990,642.09,15,1776,2,0,36.83,0
6991,294.06,14,1736,1,0,14.31,0
6992,6680.94,19,1113,2,1,12.8,0
6993,5252.57,10,2552,2,0,36.35,0
6994,857.9,3,2488,3,0,65.28,0
6995,5915.1,12,1759,0,2,13.9,0
6996,918.37,6,2324,1,3,41.36,1
6997,2034.56,11,1532,4,1,14.13,0
6998,4911.17,20,264,5,0,36.12,0
6999,1324.21,14,686,1,1,9.44,0
7000,10570.73,1,2095,3,0,22.69,0
7001,296.02,8,2404,2,1,1.76,0
7002,652.04,13,1203,0,2,21.86,0
7003,2013.69,19,2643,5,0,20.3,0
7004,6773.87,16,1443,2,0,37.24,0
7005,485.39,12,123,2,1,30.76,0
7006,1032.6,3,737,2,1,35.94,0
7007,4671.87,10,1759,2,0,26.27,0
7008,892.92,5,1466,2,2,26.72,0
7009,1271.32,7,298,2,0,19.68,0
7010,4542.35,6,2691,1,0,20.05,0
7011,4010.33,11,1524,2,0,25.4,0
7012,2640.48,4,1288,2,0,23.46,0
7013,2135.89,3,40,2,0,39.62,0
7014,2818.48,10,2820,0,1,21.3,0
7015,2762.99,0,2937,0,0,26.0,0
7016,7342.94,10,876,0,0,8.39,0
7017,3861.16,14,2325,3,0,24.72,0
7018,2698.83,10,953,2,0,5.49,0
7019,1955.11,17,272,1,3,25.29,0
7020,5617.05,12,1162,2,1,33.91,0
7021,583.52,19,870,4,1,37.57,0
7022,3024.58,16,891,0,0,12.67,0
7023,152.67,3,2298,1,0,0.93,0
7024,412.09,8,2934,2,0,27.21,0
7025,576.46,19,2750,1,0,8.72,0
7026,1453.25,2,2351,2,2,13.34,0
7027,8211.88,20,1728,1,0,8.81,0
7028,1694.61,21,1783,2,1,19.46,0
7029,1711.74,10,1312,2,0,41.05,0
7030,3024.54,6,808,1,0,16.29,0
7031,3152.62,1,2024,0,0,4.27,0
7032,36.79,15,192,3,1,19.29,0
7033,3705.33,8,1726,0,1,39.55,0
7034,2744.83,3,509,1,1,7.39,1
7035,6878.06,14,701,1,0,12.93,0
7036,2736.77,19,1339,0,0,22.89,0
7037,13765.92,18,1569,3,0,42.79,0
7038,6195.49,7,2361,0,1,30.95,0
7039,2970.35,0,1168,2,0,28.06,0
7040,1285.6,0,2637,2,2,3.11,0
7041,854.81,18,20,0,0,13.88,1
7042,882.09,14,1165,3,0,36.23,0
7043,264.81,4,1650,1,0,19.34,0
7044,2404.52,1,2186,2,0,21.45,0
7045,817.94,16,161,2,1,1.6,0
7046,2641.35,10,2642,1,0,10.25,0
7047,218.77,0,285,0,0,37.81,0
7048,3326.22,15,390,0,1,2.91,0
7049,674.66,13,2963,2,0,18.76,0
7050,74.42,9,1126,2,0,26.85,0
7051,3471.51,10,1417,2,0,22.39,0
7052,5295.65,12,327,3,0,2.87,0
7053,10172.92,17,1283,2,0,16.54,0
7054,1122.08,15,2509,2,1,9.76,0
7055,5462.85,1,1612,4,2,14.48,0
7056,4819.72,9,2853,4,0,38.0,0
7057,5719.9,14,2021,1,1,17.11,0
7058,5799.94,20,498,2,0,11.68,0
7059,421.97,11,2532,3,0,22.63,0
7060,4889.56,3,120,3,0,10.45,0
7061,2014.74,7,196,2,0,14.62,0
7062,180.38,0,569,3,0,4.42,1
7063,2275.75,3,1323,0,1,34.19,0
7064,8941.75,22,2967,1,0,2.56,0
7065,4184.25,13,928,3,2,32.28,0
7066,993.99,5,361,2,0,57.22,0
7067,4146.32,6,2966,3,0,24.04,0
7068,764.42,11,2202,0,1,10.98,0
7069,1213.57,0,2820,2,0,10.89,0
7070,1018.74,1,1064,2,1,57.63,0
7071,548.71,1,454,2,0,21.19,0
7072,6299.01,1,1247,4,1,20.91,0
7073,4577.26,2,1081,1,1,0.22,0
7074,6392.97,10,2818,6,0,23.25,0
7075,2013.19,19,1555,0,0,45.08,0
7076,2406.66,8,2862,1,0,4.51,0
7077,8978.28,5,565,0,0,14.12,0
7078,545.63,18,1888,0,0,54.65,0
7079,881.13,3,518,2,0,17.47,0
7080,1340.03,10,607,5,0,24.94,0
7081,910.23,18,1693,4,1,30.91,0
7082,1198.77,20,1831,5,0,15.57,0
7083,2555.21,21,502,0,0,29.08,0
7084,2584.79,16,2162,4,1,7.44,0
7085,1729.93,7,2368,1,0,35.43,0
7086,17225.11,15,2709,2,0,9.63,0
7087,4151.67,15,1150,1,0,12.68,0
7088,496.02,10,2994,1,0,32.91,0
7089,1108.23,15,926,5,0,31.97,0
7090,1387.17,2,1081,1,0,3.81,0
7091,3997.34,9,2914,2,0,34.83,0
7092,5231.41,2,1446,3,2,19.78,0
7093,2649.62,17,993,3,2,22.91,0
7094,1075.25,21,2651,2,0,19.15,0
7095,1031.99,23,844,2,0,24.45,0
7096,547.72,22,320,2,0,9.92,0
7097,1613.39,2,2026,1,1,21.17,1
7098,3578.68,1,871,3,0,14.47,0
7099,10083.59,0,2747,3,1,26.53,0
7100,1920.84,6,1918,5,0,28.99,0
7101,181.76,12,770,4,1,3.48,0
7102,2397.14,15,429,3,2,34.67,0
7103,2002.94,10,855,2,0,27.22,0
7104,255.28,18,2162,1,0,15.46,0
7105,1911.92,16,1284,0,0,15.89,0
7106,1140.82,9,2903,0,2,11.06,0
7107,256.45,14,2685,2,0,15.76,0
7108,1371.29,4,2067,2,0,16.52,0
7109,834.8,3,533,4,0,32.32,0
7110,4838.08,7,1490,4,0,17.89,0
7111,5160.82,12,1854,1,1,6.97,0
7112,12056.72,19,2104,3,3,51.28,0
7113,3287.92,6,1640,2,0,19.58,0
7114,1581.23,6,282,1,0,4.57,0
7115,1763.8,8,1733,3,0,48.43,0
7116,1000.24,5,2811,1,0,28.29,0
7117,524.92,9,2365,2,1,13.67,0
7118,9501.12,20,419,2,0,16.38,0
7119,781.85,4,1889,1,1,64.22,0
7120,426.28,3,452,3,1,17.68,0
7121,6280.7,7,68,1,2,8.45,0
7122,1654.61,14,767,1,0,11.16,0
7123,144.69,8,118,4,0,31.06,0
7124,5154.7,15,2712,1,0,25.81,0
7125,1916.16,16,1855,1,1,51.34,0
7126,2229.03,11,1088,1,2,47.19,0
7127,1190.74,3,2255,4,1,26.19,0
7128,1149.97,2,1452,5,1,34.77,0
7129,8998.44,13,869,4,0,10.51,0
7130,1885.76,4,1626,3,0,20.9,1
7131,214.67,16,1765,2,0,44.3,0
7132,12264.01,16,1367,4,1,19.43,0
7133,150.72,1,1808,3,0,31.6,0
7134,1712.55,8,1515,4,1,46.85,0
7135,1592.77,3,202,2,0,15.85,0
7136,3120.0,20,1567,3,0,28.01,0
7137,182.82,23,1731,2,1,24.57,0
7138,1889.61,6,1205,1,1,10.38,0
7139,13869.35,6,1650,2,0,24.21,0
7140,146.87,5,2434,3,0,7.5,0
7141,2294.04,8,2170,2,0,17.18,0
7142,2272.61,19,2022,2,0,14.35,0
7143,6376.06,16,1776,2,0,40.77,1
7144,6364.99,3,2791,2,2,10.8,0
7145,2805.0,1,2648,2,0,5.14,0
7146,3149.29,7,455,1,1,16.02,0
7147,225.87,7,472,3,0,4.54,0
7148,256.72,1,147,2,1,14.84,0
7149,3549.37,18,1091,3,0,29.56,0
7150,200.73,7,270,2,2,30.64,0
7151,3829.14,17,414,1,1,30.77,0
7152,7011.22,8,928,6,0,34.43,0
7153,469.31,19,2866,0,0,41.44,0
7154,1145.38,22,1658,1,4,13.2,0
7155,3904.44,12,1610,2,0,30.92,0
7156,1875.38,3,901,1,0,10.3,0
7157,4760.53,23,2834,2,0,14.67,0
7158,362.06,8,2029,0,1,9.26,0
7159,781.55,6,701,4,0,20.54,0
7160,62.23,6,1424,1,2,56.38,0
7161,146.56,20,1180,1,1,3.75,0
7162,1169.31,22,2443,4,0,13.96,0
7163,2985.31,9,13,2,0,20.2,0
7164,1690.81,3,759,2,0,30.83,1
7165,2135.85,16,2870,2,1,42.49,0
7166,5525.8,19,1953,3,1,17.55,0
7167,1090.93,23,1251,0,0,11.1,0
7168,945.17,22,978,1,0,13.04,0
7169,5387.99,5,1291,3,0,10.26,0
7170,3340.07,21,285,2,2,52.93,0
7171,5885.24,5,768,3,0,40.66,1
7172,3243.96,10,1865,1,1,3.82,0
7173,695.97,4,53,4,1,33.98,1
7174,552.89,21,1944,3,0,30.2,0
7175,1171.69,13,1369,1,1,22.37,1
7176,388.73,0,728,0,0,37.45,0
7177,9375.25,8,316,0,0,23.41,0
7178,14799.57,5,2783,3,0,31.09,0
7179,2136.77,0,2434,0,0,13.85,1
7180,4421.67,11,1941,3,0,2.69,0
7181,2076.42,18,5,4,0,10.83,1
7182,2511.58,15,1014,1,1,7.78,0
7183,7464.58,15,449,0,0,0.96,0
7184,326.69,1,72,2,1,3.31,0
7185,1392.67,18,2786,0,1,34.09,0
7186,1513.26,9,936,1,1,3.29,0
7187,117.93,16,2061,1,1,20.76,0
7188,2825.27,5,601,1,1,33.52,1
7189,1114.56,3,410,1,0,30.92,0
7190,1280.34,9,1375,1,0,7.18,0
7191,5508.58,14,2010,0,0,2.34,0
7192,749.19,23,1437,2,0,2.82,0
7193,802.03,17,1055,2,2,13.11,0
7194,2480.83,21,1993,4,2,2.09,0
7195,3295.45,8,1493,2,1,16.38,0
7196,2997.65,14,56,0,1,12.68,0
7197,5975.69,11,1234,2,1,25.23,0
7198,3779.72,22,1367,1,0,29.69,0
7199,3755.01,16,2720,4,0,28.25,0
7200,256.42,19,1984,3,1,10.8,0
7201,2571.89,3,1106,0,2,21.45,0
7202,1313.81,21,2128,0,0,13.23,0
7203,8942.0,23,2621,2,0,1.92,0
7204,569.09,0,606,2,0,31.8,0
7205,4318.74,13,903,1,1,10.39,0
7206,540.61,21,581,2,0,36.16,0
7207,3500.83,11,2040,3,0,34.93,0
7208,1909.74,0,1001,6,0,31.22,0
7209,1224.88,18,2851,2,0,44.93,0
7210,1968.49,13,1473,4,0,9.72,0
7211,4627.52,6,366,1,2,33.89,0
7212,2742.6,6,1548,3,0,18.76,0
7213,5987.58,20,443,3,1,6.35,0
7214,7317.03,8,2568,1,0,21.72,0
7215,11268.35,21,2232,3,1,12.78,0
7216,4399.76,14,2159,3,1,16.35,0
7217,61.96,5,1087,1,0,0.18,0
7218,6902.49,21,1429,2,0,30.06,0
7219,3703.37,10,1602,5,1,9.89,0
7220,2928.3,18,1710,1,0,9.77,0
7221,344.27,8,1267,3,1,1.12,0
7222,11888.25,6,169,1,1,7.55,0
7223,910.45,18,2131,5,1,1.4,0
7224,242.7,22,1407,1,1,39.84,0
7225,845.71,19,504,3,1,13.11,0
7226,638.15,13,1864,2,0,47.81,0
7227,2347.95,18,1422,0,1,34.3,0
7228,1255.82,9,452,1,0,36.19,0
7229,3803.38,0,2044,3,1,1.52,0
7230,3657.41,21,603,3,0,35.14,0
7231,339.82,14,2790,5,0,12.17,0
7232,3175.61,4,2143,2,1,10.73,0
7233,6380.98,9,2556,0,1,6.92,1
7234,6512.21,17,2722,2,1,12.37,0
7235,375.54,5,1244,2,0,3.13,0
7236,632.87,15,1181,1,0,16.5,0
7237,3935.17,2,1208,3,1,0.61,0
7238,3989.89,0,1860,0,1,27.96,0
7239,1071.02,1,891,0,2,6.83,0
7240,241.25,9,2430,3,0,15.36,0
7241,900.41,3,218,1,0,36.49,0
7242,4519.66,15,1253,3,0,15.97,0
7243,6478.13,0,1763,0,0,13.94,1
7244,323.42,11,2705,7,1,38.12,0
7245,10525.06,0,205,2,1,0.94,0
7246,10083.04,8,565,0,0,7.56,0
7247,1654.93,11,1161,0,1,26.32,0
7248,7043.04,16,2726,1,1,28.01,0
7249,2813.31,17,636,1,1,21.46,0
7250,7264.58,2,2922,0,0,4.82,0
7251,594.52,8,585,3,0,6.13,0
7252,7388.14,23,806,2,0,4.68,0
7253,4501.82,13,2398,4,0,29.52,0
7254,92.55,2,1192,1,1,15.73,0
7255,962.91,7,132,2,1,51.29,0
7256,8323.16,15,1453,0,0,9.94,0
7257,497.29,7,2780,2,0,27.61,0
7258,1201.46,20,1583,1,2,3.49,0
7259,1303.4,13,1635,0,0,44.35,0
7260,8758.05,3,1071,2,0,4.82,0
7261,5281.42,9,2446,2,2,25.76,1
7262,4885.83,9,710,2,2,10.54,0
7263,6206.31,18,1786,4,0,6.17,0
7264,907.72,21,1321,1,0,1.01,0
7265,3951.53,18,571,3,2,15.39,0
7266,135.13,21,818,3,0,42.98,0
7267,1643.99,8,556,1,1,0.8,0
7268,224.27,13,2271,3,0,13.0,0
7269,9973.55,6,1234,4,0,22.95,0
7270,622.97,9,351,2,1,5.3,0
7271,3569.27,9,2322,3,1,13.65,0
7272,2992.07,20,1889,2,0,55.82,0
7273,4110.79,17,752,3,0,3.74,0
7274,978.52,12,1790,3,0,15.66,0
7275,838.51,3,568,3,1,13.41,0
7276,1588.12,16,1811,4,1,40.09,0
7277,1685.41,22,1284,2,1,27.77,0
7278,3915.01,16,2807,1,1,0.07,0
7279,155.46,22,1465,3,1,43.28,0
7280,1740.98,14,1451,2,2,11.38,1
7281,1785.51,13,1911,2,0,10.89,0
7282,4188.11,13,1681,4,1,6.65,0
7283,128.7,14,114,0,0,28.95,0
7284,3740.68,17,109,2,0,17.36,0
7285,3772.25,13,363,3,0,30.77,0
7286,1910.35,4,2520,0,0,14.67,0
7287,2499.06,9,994,1,0,38.95,0
7288,1973.09,18,2098,2,1,32.13,0
7289,1054.08,11,522,0,0,17.03,0
7290,3097.78,19,2226,4,1,14.15,0
7291,2625.66,18,1202,0,3,3.9,1
7292,1022.3,1,1609,1,0,47.62,0
7293,630.91,4,1651,1,0,7.84,0
7294,3326.93,21,25,1,0,10.77,0
7295,10403.38,14,2122,2,1,15.87,0
7296,3833.15,14,223,2,0,13.39,0
7297,2460.45,2,225,3,2,58.36,0
7298,1462.15,8,2662,3,3,36.43,1
7299,2292.96,3,1366,0,1,55.73,0
7300,807.81,19,399,4,0,3.05,0
7301,4882.68,9,2317,2,1,38.71,0
7302,3573.33,15,2829,2,0,24.64,0
7303,8724.34,10,250,5,0,11.3,0
7304,1772.71,3,2395,4,0,0.51,0
7305,4044.49,21,2093,1,1,45.58,0
7306,15171.55,23,2937,2,0,26.27,0
7307,8807.59,1,2874,4,0,12.92,0
7308,6531.87,6,2115,2,1,0.74,0
7309,3216.67,4,2303,3,0,20.3,0
7310,2471.74,23,2029,1,0,9.56,0
7311,5229.78,4,916,3,0,36.04,0
7312,127.85,21,2621,2,0,22.94,0
7313,2578.37,4,1233,3,0,34.77,0
7314,1010.82,20,1274,9,0,31.93,0
7315,6369.79,23,27,1,0,31.81,1
7316,10143.87,15,2555,3,0,50.97,0
7317,10266.24,22,823,0,1,20.74,1
7318,888.98,3,276,1,1,20.97,0
7319,6483.09,0,627,4,0,47.11,0
7320,360.86,19,496,1,2,19.5,0
7321,6588.76,16,397,0,1,46.38,0
7322,318.33,7,837,5,0,19.6,0
7323,191.32,3,1941,1,0,4.29,0
7324,217.52,0,2072,5,1,11.53,0
7325,3199.37,14,1601,1,0,39.62,0
7326,4358.92,1,499,0,0,9.25,0
7327,5975.35,9,1658,4,0,17.55,0
7328,1780.99,15,754,1,1,40.11,0
7329,2939.58,7,2240,1,1,10.21,0
7330,272.46,8,2510,4,0,23.35,0
7331,1651.66,21,1799,6,1,12.45,0
7332,1907.99,21,2528,1,0,31.41,0
7333,156.44,3,1771,2,0,27.05,0
7334,2967.79,4,2606,0,0,4.16,0
7335,7822.97,0,757,3,1,12.6,0
7336,2944.38,4,2693,2,0,11.17,0
7337,5230.06,7,700,2,0,34.54,0
7338,1800.99,16,2866,2,0,0.55,0
7339,1560.74,17,821,3,0,27.17,0
7340,1746.04,15,1968,1,2,24.45,0
7341,4542.03,9,1186,2,0,8.31,1
7342,988.08,21,410,1,0,9.22,0
7343,2201.65,18,2020,2,0,4.48,0
7344,7539.74,11,2735,4,0,35.89,0
7345,1279.17,8,1603,1,0,31.26,0
7346,1915.58,12,2858,3,1,57.15,0
7347,1308.3,3,1901,2,1,27.43,1
7348,3704.11,13,1741,5,0,50.1,0
7349,11484.73,4,115,2,0,13.49,0
7350,754.99,9,1873,2,0,32.21,0
7351,5692.69,3,2312,2,0,28.34,0
7352,2885.01,12,46,2,1,10.1,0
7353,4967.13,18,1241,4,1,3.86,0
7354,6468.89,1,2643,3,0,16.82,0
7355,3064.7,20,2692,1,1,16.57,0
7356,7255.78,19,1821,3,2,1.47,0
7357,53.61,1,1453,1,0,5.83,0
7358,11376.98,4,1917,1,1,21.87,0
7359,4971.96,23,1878,2,0,50.48,0
7360,5758.97,8,38,1,0,18.23,0
7361,2230.53,5,1466,0,0,4.99,0
7362,3068.34,16,2062,1,0,30.94,0
7363,7465.67,6,1429,2,0,10.67,0
7364,3674.22,22,2151,2,0,1.95,1
7365,7778.5,12,2102,1,0,15.83,0
7366,1922.28,2,715,2,3,2.74,0
7367,1729.35,20,621,2,0,1.48,0
7368,1132.12,11,2687,4,0,17.89,0
7369,3504.26,23,2307,0,1,13.93,0
7370,9518.67,10,1883,2,0,0.08,0
7371,756.75,22,574,1,0,27.06,0
7372,694.74,8,2697,3,0,24.95,0
7373,347.58,9,1614,1,1,26.63,0
7374,468.99,2,2643,3,1,20.69,0
7375,2512.58,15,1543,2,0,22.89,0
7376,2155.65,15,2482,2,0,3.35,0
7377,4859.52,21,739,3,1,22.75,0
7378,3453.77,18,2903,5,0,3.94,0
7379,7294.06,16,2699,2,0,0.66,0
7380,4451.09,16,1062,1,0,50.4,0
7381,3614.08,4,2859,2,0,4.46,0
7382,23193.59,10,2412,4,1,13.37,0
7383,2281.12,18,1426,1,0,18.64,0
7384,3257.36,18,2530,2,0,19.08,0
7385,5457.38,12,277,1,1,3.37,0
7386,1143.66,1,121,3,1,10.49,0
7387,647.73,23,652,3,1,14.87,0
7388,3122.78,7,396,1,2,0.4,0
7389,1528.7,21,436,1,0,6.17,0
7390,607.09,15,2783,6,0,3.26,0
7391,4656.77,15,1326,2,0,7.39,0
7392,7701.62,7,970,0,2,49.79,0
7393,55.83,3,713,4,0,24.93,0
7394,5499.27,23,1574,3,1,11.95,0
7395,1209.8,13,264,5,0,12.41,0
7396,3011.97,1,2507,2,0,10.97,0
7397,578.31,8,469,2,0,14.29,0
7398,1297.85,1,299,1,1,5.02,0
7399,2526.63,14,1534,1,0,5.8,0
7400,2586.09,19,2586,2,1,25.88,0
7401,19.49,0,713,1,0,19.42,0
7402,329.26,10,441,0,1,48.92,0
7403,8327.22,22,1842,2,0,60.24,0
7404,2562.91,12,546,0,0,17.95,0
7405,880.7,20,2351,2,1,2.86,0
7406,6527.22,17,819,4,2,3.98,0
7407,2499.37,6,1035,1,1,6.4,0
7408,4074.09,15,1793,1,0,13.41,0
7409,5925.93,21,1172,1,0,20.81,0
7410,115.92,7,825,1,0,31.64,0
7411,2040.16,23,664,0,0,3.54,0
7412,803.31,13,2165,1,0,48.66,0
7413,5000.36,6,353,3,1,35.03,0
7414,1868.92,18,100,1,2,2.66,0
7415,3803.93,20,2739,1,3,52.0,0
7416,3718.2,3,834,1,0,22.42,0
7417,1196.66,1,576,1,0,15.08,0
7418,1032.83,0,1473,1,1,26.87,0
7419,2073.21,13,2328,5,0,7.65,0
7420,314.82,17,295,6,1,30.15,0
7421,2352.19,10,760,4,0,68.29,0
7422,3439.77,21,2990,3,2,17.0,0
7423,1232.4,23,2631,0,0,15.32,0
7424,1436.27,16,2033,1,1,1.63,0
7425,1704.02,6,850,1,1,4.54,0
7426,5281.02,18,1941,1,1,7.77,0
7427,7633.79,16,1443,2,0,36.54,0
7428,1284.73,11,2534,1,0,0.59,0
7429,834.29,17,565,0,0,40.06,0
7430,3901.68,2,1798,1,0,10.38,0
7431,2370.96,13,2562,0,1,0.17,0
7432,4944.09,12,291,1,0,40.93,0
7433,5720.78,18,321,0,1,24.64,0
7434,201.08,4,2119,2,1,13.71,0
7435,3472.5,9,414,2,0,30.08,0
7436,7320.88,3,2043,3,1,24.38,0
7437,7209.98,7,211,0,0,15.4,0
7438,2927.02,19,2215,3,0,6.74,0
7439,3186.55,10,93,2,2,2.14,0
7440,1908.11,7,1188,5,0,75.52,0
7441,5544.82,8,1600,2,0,17.5,0
7442,1627.22,22,1466,1,0,26.36,0
7443,6081.81,2,647,2,1,20.65,0
7444,1640.11,9,307,3,3,10.47,0
7445,1126.36,17,2357,0,1,37.13,0
7446,3566.06,7,2121,2,0,52.84,0
7447,483.09,19,2049,2,0,0.05,0
7448,1958.77,9,1636,0,0,10.52,0
7449,6689.75,19,233,1,1,0.25,0
7450,255.21,17,2858,0,2,1.45,0
7451,8823.6,3,2388,1,1,18.01,0
7452,960.42,15,1078,1,1,7.27,0
7453,3396.86,20,123,1,0,9.01,0
7454,1194.14,1,1385,0,1,54.17,0
7455,789.2,13,1069,3,1,7.5,0
7456,587.16,6,1371,1,1,9.12,0
7457,129.57,1,571,1,1,1.3,0
7458,1522.32,6,2241,2,2,25.31,0
7459,99.23,23,1351,2,1,16.76,0
7460,68.09,21,256,2,0,11.25,0
7461,1517.39,7,2022,5,1,5.03,0
7462,6615.65,2,2310,2,1,9.39,0
7463,6924.01,19,2880,0,0,13.44,0
7464,868.58,1,1417,0,0,5.26,0
7465,1678.9,2,1705,2,2,18.0,0
7466,5577.45,19,2509,0,1,25.25,0
7467,1261.44,2,2259,2,0,45.99,1
7468,8805.97,15,531,4,0,3.58,0
7469,4026.27,8,2963,2,0,23.18,0
7470,2924.05,1,427,2,1,25.22,0
7471,1797.67,1,2035,0,0,11.81,1
7472,7788.66,16,923,0,2,7.17,0
7473,2717.43,20,1435,1,0,41.53,0
7474,5304.27,13,1957,0,0,1.54,0
7475,6371.52,9,933,4,0,33.32,0
7476,5305.58,0,227,0,1,12.39,0
7477,8637.38,0,804,2,2,7.66,0
7478,1465.37,17,2491,1,0,45.71,0
7479,1683.1,12,2794,1,1,39.85,0
7480,2465.99,21,75,1,1,8.89,0
7481,800.03,17,1975,2,0,62.8,0
7482,1706.74,1,1586,0,0,9.88,0
7483,3221.77,12,2849,2,0,24.15,0
7484,512.16,4,1761,3,0,56.49,0
7485,435.05,22,1749,3,1,20.25,0
7486,1254.98,17,565,3,1,10.12,0
7487,1020.18,3,1794,0,1,7.88,0
7488,1383.69,3,2522,1,0,15.3,0
7489,3115.97,11,1441,0,1,12.62,0
7490,128.13,6,1406,2,1,27.6,0
7491,6221.37,13,238,1,1,36.48,0
7492,2499.0,7,951,4,0,12.2,0
7493,3762.82,2,2411,4,0,28.43,0
7494,2406.11,0,931,0,2,8.11,1
7495,2410.26,13,2197,2,1,13.55,0
7496,1245.73,18,188,4,1,13.75,0
7497,6193.76,0,2949,0,0,6.17,1
7498,2296.73,7,233,3,0,22.88,0
7499,33.67,2,233,3,0,17.27,0
7500,7235.46,4,1797,1,1,43.31,0
7501,2745.4,5,1158,4,0,5.44,0
7502,3886.44,1,1287,3,2,7.53,0
7503,8386.92,11,2468,1,1,2.04,0
7504,9513.89,20,1001,2,1,57.59,0
7505,2959.4,9,532,0,0,9.98,0
7506,3196.94,19,1630,4,1,48.97,0
7507,3435.98,15,2694,0,0,0.73,0
7508,6795.19,3,2690,1,1,7.88,0
7509,2248.76,2,313,1,1,15.88,0
7510,11482.55,8,2227,2,0,12.51,0
7511,276.11,6,2028,5,2,33.89,0
7512,366.29,22,1463,2,2,36.85,0
7513,2512.58,7,1817,5,0,20.3,0
7514,1401.46,22,1240,0,1,29.97,0
7515,11908.2,11,2259,3,2,31.4,0
7516,4288.95,9,2678,1,0,22.2,0
7517,8627.14,7,2158,2,0,17.47,0
7518,5723.88,8,1307,3,0,0.62,0
7519,4780.99,22,2218,2,2,20.86,0
7520,0.14,16,428,1,0,59.95,0
7521,451.32,1,1420,2,0,6.45,0
7522,773.27,13,2890,2,1,0.88,0
7523,2003.57,19,1992,1,0,12.65,0
7524,8051.02,8,322,2,0,14.23,0
7525,1908.93,6,562,3,1,2.37,0
7526,89.16,16,945,2,0,14.44,0
7527,722.77,9,2265,3,0,14.83,0
7528,17.92,6,503,1,1,4.17,0
7529,5163.39,11,2970,0,0,14.47,0
7530,189.59,4,147,1,0,3.87,0
7531,3582.73,7,2861,2,0,6.69,0
7532,11322.3,14,2663,1,0,3.97,0
7533,3956.72,14,468,1,0,21.25,0
7534,858.04,0,2044,3,2,44.76,0
7535,6301.58,1,1108,1,0,60.63,0
7536,3664.91,8,2410,2,0,0.13,0
7537,2519.73,12,1231,1,0,48.14,0
7538,2440.14,2,245,2,0,16.51,0
7539,2753.55,8,2498,2,0,1.32,0
7540,7893.1,12,2029,1,1,16.95,0
7541,7400.55,0,1568,2,1,23.27,0
7542,4819.95,12,1819,2,1,9.03,0
7543,3089.32,1,920,5,0,6.59,1
7544,2006.87,6,1554,4,0,10.51,0
7545,302.32,5,2704,2,1,19.89,0
7546,1463.95,13,2182,3,0,43.12,0
7547,202.38,1,2706,0,0,18.81,0
7548,6808.46,9,129,4,0,45.61,0
7549,5395.85,17,1425,3,2,24.82,0
7550,1764.81,0,2494,1,0,42.18,0
7551,8482.49,10,1076,0,1,24.38,0
7552,1414.62,18,887,1,2,19.29,0
7553,479.12,0,1397,0,0,17.26,0
7554,1152.77,23,2546,2,0,39.3,0
7555,2205.4,13,1752,3,1,39.55,0
7556,1448.94,23,234,1,2,12.37,0
7557,2796.8,3,2267,2,0,3.96,1
7558,1229.37,12,2955,4,0,30.45,0
7559,1080.53,21,1178,1,0,25.25,0
7560,559.45,17,1899,1,0,11.82,1
7561,2448.03,13,2346,1,1,26.02,0
7562,2233.35,23,2328,7,0,60.56,0
7563,759.72,16,1066,2,0,42.77,0
7564,6458.5,5,1562,1,1,26.51,0
7565,1088.18,14,976,3,0,19.17,0
7566,2969.21,4,63,0,0,14.07,0
7567,9585.16,8,2796,0,1,46.66,0
7568,4484.95,8,351,2,1,15.93,0
7569,7592.4,7,2224,2,2,13.09,0
7570,5030.4,9,1383,1,1,23.1,0
7571,1635.53,18,1617,1,0,12.83,0
7572,4440.02,1,2522,2,0,22.02,0
7573,4575.13,8,1482,1,0,21.42,0
7574,10097.86,8,2701,2,0,28.14,0
7575,484.34,8,2675,4,1,25.77,0
7576,5361.86,19,51,0,0,21.94,0
7577,3398.82,3,1258,1,0,13.41,0
7578,19.13,18,2707,3,1,26.49,0
7579,1406.69,10,1084,4,1,16.76,0
7580,1684.14,5,1818,1,0,6.43,0
7581,166.25,14,71,0,1,31.46,0
7582,7232.39,14,37,2,0,10.01,0
7583,1195.79,14,152,2,1,38.42,0
7584,154.3,11,1967,4,0,14.77,0
7585,2230.6,20,2280,1,0,14.47,0
7586,1107.67,6,1674,3,1,29.12,0
7587,2785.74,1,2374,2,1,23.4,1
7588,1049.16,2,1133,3,0,23.02,0
7589,5302.38,19,2259,1,0,27.65,0
7590,59.8,10,263,3,1,17.52,0
7591,640.71,14,737,4,0,42.25,0
7592,29.03,8,1132,1,1,11.99,0
7593,1637.93,8,2028,3,0,24.79,0
7594,3851.22,4,932,0,0,1.9,0
7595,3748.39,20,715,2,0,18.26,0
7596,3485.07,4,2532,1,1,18.12,0
7597,10256.3,20,204,1,1,24.43,0
7598,829.08,7,469,2,0,20.58,0
7599,2508.22,20,158,3,1,7.79,0
7600,877.4,5,2804,0,0,38.46,0
7601,7.63,16,1804,5,1,12.1,0
7602,984.14,18,1300,2,1,12.45,0
7603,1150.46,1,2267,1,1,35.73,1
7604,3022.65,22,934,2,1,20.43,0
7605,3793.22,1,2927,4,0,4.33,0
7606,4670.25,8,1055,6,2,9.64,0
7607,2093.16,0,2779,0,0,22.18,0
7608,8967.03,11,2214,1,1,47.3,0
7609,2250.67,22,184,2,0,10.29,0
7610,1170.25,19,962,4,1,54.61,0
7611,813.7,11,448,3,0,37.2,0
7612,730.47,2,2077,2,0,18.9,0
7613,3423.25,14,464,4,2,42.5,0
7614,7674.33,16,318,2,1,25.94,0
7615,677.34,7,836,1,1,26.35,0
7616,9806.72,10,2337,3,0,26.96,0
7617,4322.27,11,2790,1,0,25.26,0
7618,3476.72,13,293,3,0,1.98,0
7619,8127.46,20,1747,1,0,22.58,0
7620,388.64,9,587,0,1,5.14,0
7621,1747.4,0,1338,1,0,24.96,0
7622,5642.18,19,1476,4,1,0.6,0
7623,18568.78,10,1672,0,1,32.82,1
7624,16508.96,20,1535,2,0,63.02,1
7625,2839.16,15,1205,2,1,51.81,0
7626,4037.67,19,128,4,0,23.07,0
7627,3343.09,5,1509,1,1,37.42,0
7628,3106.27,1,1192,3,2,7.81,0
7629,1899.8,4,2422,2,1,11.86,0
7630,3422.57,0,436,2,0,5.52,0
7631,5926.96,19,867,0,1,16.26,0
7632,12060.89,10,2093,0,0,51.44,0
7633,8680.79,22,2082,2,0,15.29,0
7634,707.76,18,2920,1,2,53.67,0
7635,1215.59,11,881,5,1,1.85,0
7636,414.72,12,2387,1,0,7.67,0
7637,1693.35,1,2692,2,0,1.91,0
7638,4664.66,23,615,1,0,35.46,0
7639,705.07,12,2660,2,0,6.16,0
7640,6889.91,2,317,0,1,8.46,0
7641,3157.31,7,2316,2,0,44.56,0
7642,4899.23,16,2353,1,0,18.4,0
7643,1605.32,20,2246,2,0,12.82,0
7644,451.88,23,1713,3,1,39.56,0
7645,5223.82,17,497,3,0,1.71,0
7646,2024.89,16,211,2,1,11.82,0
7647,336.11,19,1935,1,1,28.12,0
7648,11531.97,21,2149,1,1,34.36,0
7649,6276.37,16,1807,4,0,0.46,0
7650,2282.0,10,1103,3,0,26.94,0
7651,1151.41,6,2357,0,0,31.23,0
7652,4203.0,9,1000,2,0,4.31,0
7653,2891.83,10,996,1,0,12.27,0
7654,589.93,11,946,1,1,36.0,0
7655,213.29,14,1290,5,0,29.11,0
7656,2570.39,23,473,3,0,48.46,0
7657,1329.05,22,988,0,0,5.02,0
7658,1468.32,14,1680,3,1,25.38,0
7659,126.1,11,327,2,1,28.54,0
7660,2632.99,11,2296,0,1,6.24,0
7661,511.64,16,314,2,0,20.59,1
7662,2103.53,11,2677,3,0,13.96,0
7663,2901.61,15,2479,0,0,22.43,0
7664,12.1,7,1839,1,0,11.72,0
7665,4278.58,13,942,5,3,17.85,0
7666,4790.22,18,514,2,0,12.92,0
7667,2019.6,17,1004,2,0,13.27,0
7668,7506.17,13,2762,3,0,15.87,0
7669,14031.71,18,2728,1,3,12.75,0
7670,116.31,4,2481,1,1,2.78,0
7671,882.16,8,1176,4,1,36.78,0
7672,12231.96,10,1286,1,0,54.62,0
7673,6431.86,3,334,2,0,4.05,0
7674,349.36,13,1725,5,1,24.33,0
7675,10362.69,16,608,2,1,13.79,0
7676,968.22,18,2025,0,1,17.48,0
7677,1685.74,20,812,2,0,16.99,0
7678,3899.43,5,1860,2,1,8.52,0
7679,1042.65,0,684,2,0,8.8,0
7680,882.63,3,1715,0,0,35.72,0
7681,721.82,8,2272,5,0,22.95,0
7682,4065.05,22,1925,0,1,10.79,0
7683,4271.51,23,414,1,0,36.41,0
7684,2313.95,4,140,1,1,38.58,0
7685,3005.39,13,99,1,0,0.42,0
7686,4218.04,22,684,2,1,37.34,0
7687,8723.38,2,543,1,0,5.14,0
7688,3876.56,16,2169,3,0,22.78,0
7689,3530.45,12,1730,3,0,5.95,0
7690,724.24,11,523,0,0,10.39,0
7691,2897.42,12,2855,3,0,6.12,0
7692,3669.26,17,989,5,0,30.28,0
7693,1559.11,22,1202,0,1,12.95,0
7694,1519.27,3,1380,2,2,2.86,1
7695,6.24,10,2423,2,1,5.33,0
7696,3648.37,19,2526,0,0,13.07,0
7697,7699.61,3,2959,6,0,39.71,0
7698,6479.28,1,303,1,1,9.7,0
7699,5597.98,23,1454,3,1,7.64,0
7700,414.83,14,1675,2,0,18.32,0
7701,92.46,20,1843,1,1,12.04,0
7702,191.28,23,1785,2,0,1.6,0
7703,1312.33,9,1955,4,0,2.71,0
7704,1014.45,22,552,1,0,11.19,0
7705,4035.9,23,752,1,0,8.18,0
7706,3502.83,23,2415,3,0,13.09,0
7707,200.42,16,344,3,1,2.38,0
7708,10033.41,4,32,2,0,10.07,0
7709,950.66,18,2430,3,1,22.04,0
7710,623.14,11,2761,1,1,21.87,0
7711,8703.93,20,1858,3,0,27.71,0
7712,859.51,12,1313,5,0,29.42,0
7713,10719.62,14,724,1,0,29.7,0
7714,3972.74,16,2960,1,0,10.45,0
7715,1286.87,18,1145,2,0,6.65,0
7716,4888.57,3,952,1,1,19.15,0
7717,2348.17,9,2021,1,0,7.44,0
7718,816.41,10,198,2,1,5.38,0
7719,8611.1,18,2121,1,1,8.93,0
7720,666.41,16,2375,3,0,24.32,0
7721,3909.66,16,1748,3,1,0.7,0
7722,96.11,9,1323,1,0,32.1,0
7723,1334.22,12,1305,3,0,25.77,0
7724,5028.64,5,587,2,0,8.93,0
7725,1074.17,1,2995,4,0,48.86,0
7726,1866.28,6,1764,1,1,18.2,0
7727,679.85,16,1140,2,0,27.45,0
7728,3806.41,18,2521,0,0,54.17,0
7729,265.24,10,408,1,0,24.29,0
7730,983.94,11,1167,2,0,15.14,0
7731,2212.33,5,486,3,1,27.3,0
7732,935.41,9,1122,3,0,6.3,0
7733,1592.34,15,1798,2,2,26.84,0
7734,1368.69,7,694,2,0,23.4,0
7735,1527.74,9,1063,0,0,12.44,0
7736,2212.35,19,435,2,0,0.8,0
7737,2251.11,7,2730,0,1,22.26,0
7738,3862.76,8,578,2,0,7.95,0
7739,3424.86,3,848,3,3,15.67,0
7740,4169.21,17,2084,4,0,44.32,0
7741,7406.45,5,113,1,0,8.24,0
7742,400.82,19,163,1,0,10.81,0
7743,1152.21,17,2204,3,0,32.72,0
7744,2295.69,6,28,1,0,8.31,1
7745,1616.19,15,106,5,0,24.98,0
7746,9956.4,11,833,3,0,4.18,0
7747,6023.68,9,2340,3,0,34.09,0
7748,2644.64,13,2999,3,2,30.91,0
7749,480.41,14,2134,3,0,6.01,0
7750,2015.94,4,1859,2,0,27.58,0
7751,1204.52,9,449,3,0,19.2,0
7752,188.62,22,2894,3,0,5.18,1
7753,5069.66,3,1821,2,0,11.0,0
7754,313.02,13,2021,3,0,31.07,0
7755,192.05,8,356,4,1,6.09,0
7756,3735.71,4,1141,3,0,9.19,0
7757,304.87,23,2740,4,0,0.33,0
7758,3752.1,3,1449,2,0,34.83,0
7759,1129.73,2,912,1,0,8.86,0
7760,1308.24,23,305,1,0,8.17,0
7761,2517.89,10,642,2,1,6.09,0
7762,509.03,16,1374,2,0,21.85,0
7763,1431.07,8,1858,0,0,23.37,0
7764,7926.98,20,2101,3,1,31.92,0
7765,706.51,21,304,2,0,8.26,0
7766,5267.05,22,2818,3,0,40.01,0
7767,31.91,10,158,1,0,21.83,0
7768,1554.94,13,412,1,0,33.01,0
7769,619.56,22,2136,1,0,23.88,0
7770,1797.85,10,780,3,0,23.82,0
7771,1143.32,17,2708,3,0,7.87,0
7772,486.72,20,146,2,0,35.94,0
7773,1479.57,20,2570,1,1,50.02,0
7774,3037.67,0,1008,2,1,2.37,0
7775,3020.72,4,2402,2,1,13.41,0
7776,781.59,12,902,3,1,3.41,0
7777,1566.32,21,802,4,1,36.49,0
7778,333.47,8,1926,2,1,12.71,0
7779,16664.46,4,1985,1,0,14.77,0
7780,3518.03,5,2035,0,0,17.3,0
7781,6614.6,9,540,2,1,16.96,0
7782,2930.81,6,2601,4,0,65.66,0
7783,487.12,2,2115,1,0,11.61,0
7784,528.62,23,878,1,0,43.37,0
7785,4422.23,0,1779,2,1,20.18,0
7786,922.26,2,2010,0,0,3.22,1
7787,5604.47,17,2504,0,0,28.56,0
7788,262.01,6,2909,2,0,19.57,0
7789,2663.19,5,159,3,0,23.66,0
7790,3060.98,13,2818,3,0,17.82,0
7791,3143.93,8,2513,1,1,53.33,0
7792,390.67,12,2585,0,0,4.19,0
7793,4387.85,18,962,1,0,26.33,0
7794,24235.63,20,1429,1,1,21.16,0
7795,7151.36,15,2173,1,1,16.34,0
7796,6968.9,21,738,5,1,46.1,0
7797,3262.03,9,950,2,0,12.76,0
7798,6230.16,9,2737,2,0,7.66,0
7799,1389.78,15,2008,1,0,1.02,0
7800,4529.6,20,1607,0,0,0.83,0
7801,187.57,19,1463,2,0,32.36,0
7802,8235.94,17,1971,2,1,7.03,0
7803,1755.95,9,396,1,1,11.64,0
7804,471.31,7,461,1,2,8.15,0
7805,247.51,9,1719,4,0,58.74,1
7806,667.76,14,1333,3,0,37.42,0
7807,1057.02,7,2714,2,0,13.67,0
7808,4261.01,13,475,3,1,44.77,0
7809,633.62,5,1904,3,1,26.9,0
7810,2343.3,10,2706,2,0,10.22,0
7811,1961.0,3,1424,2,0,7.35,0
7812,2578.05,22,1631,1,1,28.15,0
7813,13123.15,22,525,5,0,4.66,0
7814,2138.66,15,2004,2,0,4.77,0
7815,1984.93,19,1688,3,1,8.13,0
7816,4226.71,21,962,1,1,34.93,0
7817,4226.74,0,1192,0,1,2.26,0
7818,4509.02,8,2079,2,0,16.95,1
7819,1576.67,6,1676,2,0,4.36,0
7820,1051.78,1,2304,1,1,5.05,0
7821,397.73,10,1072,0,1,22.26,0
7822,2588.09,21,1301,1,0,9.19,0
7823,6789.24,13,1604,0,1,39.97,0
7824,1170.84,14,1742,3,1,40.17,0
7825,4444.7,12,1068,2,0,16.92,0
7826,4792.54,1,1100,2,0,9.06,0
7827,4996.25,15,2983,3,1,19.7,0
7828,3677.2,7,1392,0,0,34.78,0
7829,2885.95,20,187,1,0,28.04,0
7830,629.43,9,1834,3,0,19.53,0
7831,990.78,13,907,3,0,1.46,0
7832,8438.3,18,683,4,0,33.01,0
7833,430.02,17,845,3,0,44.0,0
7834,3110.65,20,452,3,0,9.19,0
7835,1840.59,19,2502,4,1,7.62,0
7836,7810.51,10,530,4,1,33.06,0
7837,2889.0,19,2211,1,0,5.03,0
7838,9081.81,0,2959,1,0,43.09,0
7839,13457.27,0,1554,4,0,20.33,0
7840,3631.43,2,2887,1,0,9.37,0
7841,1890.89,10,1445,3,0,9.34,0
7842,598.79,17,260,1,1,45.43,0
7843,540.82,20,202,2,0,4.57,0
7844,2316.97,16,863,1,2,34.26,0
7845,2652.09,11,2194,0,0,13.71,0
7846,484.02,6,644,1,0,11.56,0
7847,2822.6,17,1621,0,0,11.3,0
7848,211.3,22,940,3,0,33.21,0
7849,9004.25,9,662,1,0,14.7,0
7850,1271.75,11,1358,1,1,9.24,1
7851,1364.92,13,884,2,0,29.01,0
7852,1561.8,17,1019,3,0,39.64,0
7853,383.22,0,148,0,0,10.55,0
7854,463.89,0,2157,2,1,11.42,0
7855,15639.1,3,2055,1,1,7.72,0
7856,2561.66,12,1987,2,1,22.88,0
7857,1263.48,1,643,2,0,28.49,0
7858,975.1,9,1235,1,0,24.18,0
7859,2972.16,0,943,1,0,54.56,0
7860,3281.61,20,2819,0,1,6.04,0
7861,9962.09,7,139,3,0,52.64,0
7862,2210.1,8,507,3,1,5.39,0
7863,3223.03,12,2685,0,0,5.06,0
7864,2735.7,12,538,0,0,4.92,0
7865,869.06,23,1106,0,0,33.1,0
7866,2081.86,2,314,2,0,13.26,1
7867,244.32,2,2067,1,0,20.79,0
7868,184.58,23,2882,4,0,3.7,0
7869,1198.45,23,1702,0,1,12.2,0
7870,1351.46,0,61,3,1,19.51,0
7871,17853.78,23,2219,8,1,5.67,0
7872,2225.45,19,622,3,1,34.16,0
7873,3175.1,3,2410,2,0,18.63,0
7874,7459.28,12,796,1,0,13.58,0
7875,3825.38,19,1279,2,0,11.19,0
7876,3899.93,10,1742,2,1,11.3,0
7877,2652.53,16,96,5,2,7.57,0
7878,3272.24,9,1123,4,1,22.39,0
7879,3821.1,14,831,2,0,36.23,0
7880,4050.6,3,1083,1,2,33.35,0
7881,2147.23,20,2361,0,0,5.65,0
7882,769.06,15,1543,2,1,6.53,0
7883,400.11,9,1760,3,0,24.3,0
7884,675.26,2,911,2,0,51.06,0
7885,283.05,13,2298,6,0,16.7,0
7886,7660.01,8,1980,3,0,0.89,0
7887,7364.57,9,2879,1,0,31.13,0
7888,15254.67,17,2076,3,1,37.16,0
7889,1421.91,7,1567,3,0,23.75,0
7890,6731.84,0,2036,1,0,1.74,0
7891,3175.9,23,1613,1,0,33.7,0
7892,2854.91,11,2239,2,1,15.97,0
7893,390.09,22,444,1,1,26.89,0
7894,1861.9,14,918,3,0,1.48,0
7895,720.28,18,102,1,3,6.42,0
7896,2269.87,12,951,2,1,29.76,0
7897,1918.64,14,1515,2,0,4.82,0
7898,590.21,15,2307,2,2,45.07,0
7899,1179.04,3,2633,0,2,19.31,0
7900,590.45,9,1362,0,0,11.45,0
7901,3786.54,4,2581,2,0,3.27,0
7902,994.37,2,391,3,0,23.41,0
7903,602.83,17,694,1,0,3.34,1
7904,4756.36,6,2007,2,0,28.0,0
7905,8087.04,18,1024,3,0,2.38,0
7906,2691.37,2,579,2,0,46.39,0
7907,2053.92,12,2526,5,0,15.89,0
7908,3156.21,15,2144,1,1,36.91,0
7909,1029.56,23,2321,5,0,5.19,0
7910,1367.85,7,242,1,0,15.55,0
7911,233.24,15,1033,2,0,17.17,0
7912,410.34,13,1276,2,0,27.38,0
7913,1355.62,23,1384,2,0,20.43,0
7914,17244.33,4,150,2,1,0.52,1
7915,2350.9,10,2823,5,0,13.72,0
7916,1675.16,18,2453,1,1,29.5,0
7917,2842.76,13,23,1,1,13.76,1
7918,5405.45,8,2828,2,0,9.8,0
7919,3936.78,6,2304,1,1,4.87,0
7920,4043.44,15,2235,1,1,10.18,0
7921,289.65,15,1283,2,0,13.65,0
7922,1867.64,20,966,0,0,48.75,0
7923,612.94,10,1890,2,1,10.46,0
7924,2116.35,22,1979,1,0,17.2,0
7925,370.1,16,2273,0,0,35.26,0
7926,6555.76,23,334,2,0,27.85,0
7927,7275.83,3,1744,2,2,4.33,0
7928,4695.71,22,318,3,0,26.7,0
7929,853.42,12,522,3,0,3.03,0
7930,2008.14,0,664,2,1,25.38,0
7931,1021.4,16,498,1,1,19.03,0
7932,769.01,5,809,0,0,49.86,0
7933,2609.45,14,466,4,2,39.97,0
7934,4816.35,1,1738,0,0,8.57,1
7935,1816.5,15,700,3,0,22.92,0
7936,1696.72,20,2149,2,0,44.83,0
7937,2224.14,15,573,1,2,28.4,0
7938,2438.25,23,2241,0,0,7.75,0
7939,3202.54,13,1636,2,1,14.26,0
7940,3670.74,0,1216,2,0,12.36,0
7941,1174.21,3,1784,1,1,0.02,0
7942,4339.14,9,2949,2,2,14.36,0
7943,3642.0,21,1111,1,0,37.67,0
7944,1381.83,16,1321,5,0,10.28,0
7945,2510.97,19,1523,3,0,1.74,0
7946,14553.75,18,2664,2,2,16.57,0
7947,4140.24,5,580,0,1,22.03,0
7948,4488.2,9,2144,6,2,14.38,0
7949,2577.5,21,838,2,1,30.68,0
7950,3529.67,19,2927,1,1,37.19,0
7951,9242.35,11,2128,1,0,1.12,0
7952,1141.12,19,1030,0,1,6.85,0
7953,5375.78,15,1896,1,0,25.98,0
7954,3049.17,6,1353,2,1,0.96,0
7955,1008.26,23,2950,2,0,9.4,0
7956,3674.71,4,673,2,3,22.75,0
7957,20124.27,16,2929,2,0,64.32,0
7958,313.18,15,41,4,0,15.27,0
7959,1166.2,10,1706,2,0,32.7,0
7960,2144.66,5,616,2,4,34.25,0
7961,279.1,15,275,1,1,13.51,0
7962,1540.47,0,1278,3,0,31.79,0
7963,1180.32,22,769,6,0,24.68,0
7964,2570.34,6,2843,1,0,17.0,0
7965,162.41,3,2203,4,0,18.05,0
7966,2456.8,14,1356,0,0,2.37,0
7967,1691.47,3,251,1,0,2.37,0
7968,272.74,19,1920,2,0,8.91,0
7969,3532.4,19,641,1,0,20.52,0
7970,3658.59,2,1436,3,0,0.28,0
7971,3695.9,20,2291,2,0,14.75,0
7972,10.48,7,1413,2,0,1.53,0
7973,2751.36,20,58,2,1,2.69,0
7974,2211.43,6,1125,3,1,24.89,0
7975,1071.81,9,1746,1,1,41.05,0
7976,2406.04,18,2988,0,2,34.88,0
7977,2292.69,9,1505,2,0,14.0,0
7978,4156.1,19,1652,1,1,35.25,0
7979,1064.49,8,2299,2,0,24.46,0
7980,766.13,17,2628,4,0,24.13,0
7981,1979.33,21,830,3,0,18.33,0
7982,648.82,2,2428,2,1,31.09,0
7983,6168.47,4,422,2,0,11.49,0
7984,99.26,23,887,1,1,30.21,0
7985,2841.97,8,731,3,0,1.65,0
7986,7976.22,8,2309,3,1,15.58,0
7987,1101.09,3,519,1,0,19.41,1
7988,482.39,16,2406,2,0,18.01,0
7989,1950.68,20,1569,3,1,35.29,0
7990,1898.57,10,2358,3,1,20.39,0
7991,5886.0,18,2478,0,1,21.43,0
7992,301.28,8,2523,3,0,21.03,0
7993,2053.03,21,1940,2,1,44.42,0
7994,911.81,6,689,1,2,23.26,0
7995,7540.09,0,950,3,1,27.87,0
7996,1742.93,6,375,2,0,19.94,1
7997,343.42,19,601,1,0,29.11,0
7998,4585.38,4,676,1,0,13.37,0
7999,178.88,15,2,3,0,26.0,0
8000,2858.99,10,319,2,1,1.11,0
8001,1157.41,1,562,2,1,24.21,0
8002,1044.88,16,1801,3,0,22.3,0
8003,2617.89,13,2724,1,0,14.57,0
8004,408.59,15,1340,2,0,46.79,0
8005,904.24,9,2050,4,1,0.15,0
8006,327.96,3,987,6,1,5.68,0
8007,4520.68,17,1611,0,1,51.25,0
8008,7865.34,12,1580,2,0,11.91,0
8009,3324.47,22,1944,2,0,19.3,0
8010,1791.14,11,1277,2,0,16.82,0
8011,2724.02,16,1299,0,0,1.01,0
8012,950.88,16,321,2,0,1.37,0
8013,10286.42,19,877,3,1,8.05,0
8014,340.57,5,2596,1,0,12.26,0
8015,7008.33,8,2914,0,1,1.08,0
8016,1372.53,4,1791,1,0,15.52,0
8017,6439.85,17,1809,1,1,0.9,0
8018,1201.7,15,2848,4,0,27.89,0
8019,3773.27,8,2808,3,2,41.43,0
8020,2758.3,3,2286,1,0,19.98,0
8021,1486.1,13,2671,3,0,26.55,0
8022,987.68,11,730,0,1,43.67,0
8023,1048.4,0,1498,2,0,38.81,0
8024,4946.74,14,2745,3,0,22.5,0
8025,1237.36,11,2984,4,0,4.56,0
8026,205.07,13,876,2,0,9.89,0
8027,305.75,19,2293,1,1,45.08,0
8028,435.59,6,1567,3,1,19.28,0
8029,4498.45,11,734,1,0,26.13,0
8030,3319.15,23,44,3,1,27.18,0
8031,2409.4,6,1811,4,1,3.08,0
8032,1211.24,11,2155,2,0,23.76,0
8033,4858.17,6,23,3,0,55.46,0
8034,2745.36,18,1272,3,0,13.88,0
8035,2761.21,10,386,1,0,16.94,0
8036,1433.37,11,1040,3,0,4.07,0
8037,1890.82,16,54,2,1,8.18,0
8038,698.77,19,1119,2,1,38.47,0
8039,2695.34,1,2652,5,3,34.77,0
8040,1558.35,8,2629,2,0,31.4,0
8041,2704.27,15,1632,0,0,19.19,0
8042,1707.66,1,2849,2,0,11.34,0
8043,3904.05,22,1037,1,1,20.15,0
8044,1421.83,8,2562,1,0,25.24,0
8045,678.12,1,2344,2,2,61.38,0
8046,4246.24,0,2942,4,0,18.37,0
8047,334.39,15,2489,3,1,20.99,0
8048,6715.59,20,1862,5,1,18.31,0
8049,7671.15,15,712,1,1,38.77,0
8050,582.93,15,2653,2,0,13.87,0
8051,1962.07,17,426,3,0,20.93,0
8052,1688.48,1,1514,3,0,12.85,0
8053,1381.08,0,2511,3,1,41.21,0
8054,803.79,22,628,0,0,0.48,0
8055,7404.23,22,725,4,1,20.01,0
8056,3842.07,4,340,2,1,20.68,0
8057,1420.39,13,490,3,0,9.1,1
8058,6545.14,1,1817,7,1,21.25,0
8059,58.04,20,2911,1,2,6.8,0
8060,971.58,1,1288,3,0,32.82,0
8061,1055.22,3,2229,1,0,14.81,0
8062,5068.16,8,796,2,0,37.73,0
8063,1572.47,20,2515,3,1,22.57,0
8064,8428.9,23,69,2,2,13.53,0
8065,672.19,10,2753,2,0,13.11,0
8066,1283.43,10,2906,0,0,31.65,0
8067,9173.76,5,2404,0,1,4.9,0
8068,2840.4,23,1501,2,2,35.64,0
8069,6634.27,16,59,2,1,1.01,0
8070,2732.22,21,1652,3,2,16.73,0
8071,680.21,13,2735,1,1,37.93,0
8072,1232.02,21,252,2,0,36.43,0
8073,480.53,2,791,0,0,14.15,0
8074,185.76,16,605,6,0,36.22,0
8075,1035.18,23,1093,3,0,9.2,0
8076,124.12,2,707,4,1,7.27,0
8077,2885.23,14,183,5,1,2.06,0
8078,8363.06,8,2493,1,0,22.81,0
8079,765.36,6,2821,3,1,22.42,0
8080,755.83,16,1677,2,0,12.26,0
8081,2475.88,5,2603,1,0,12.27,0
8082,3695.45,23,14,6,0,24.92,0
8083,2207.05,9,1122,3,0,5.29,0
8084,6606.23,17,1437,3,3,19.43,0
8085,4163.93,3,1399,4,0,0.72,0
8086,5477.06,14,2328,2,0,31.83,0
8087,1094.08,22,353,1,0,29.34,0
8088,7926.57,18,1897,1,0,42.45,0
8089,1057.73,2,477,3,1,13.78,0
8090,33.13,2,748,3,0,18.58,0
8091,3437.82,23,354,2,1,5.71,0
8092,3226.35,5,1301,4,1,0.97,0
8093,4725.32,18,2567,1,0,10.94,0
8094,2494.34,0,694,1,0,22.46,0
8095,1773.79,0,891,1,0,1.31,1
8096,2029.19,20,1535,2,2,16.02,0
8097,5321.64,14,333,3,0,6.97,0
8098,340.28,23,1011,2,1,54.0,0
8099,7145.44,9,2789,1,1,37.15,0
8100,1807.97,20,783,0,0,9.2,0
8101,745.52,23,544,0,0,24.0,0
8102,14508.32,9,219,1,1,0.75,0
8103,9060.89,12,2892,2,1,12.53,0
8104,9525.43,9,730,1,0,18.24,0
8105,3527.32,8,576,0,1,64.78,0
8106,3948.39,18,1293,0,0,42.78,0
8107,1950.0,13,926,1,1,39.15,0
8108,1715.76,6,1118,1,0,20.12,0
8109,2247.53,6,726,4,0,38.28,0
8110,2008.82,9,1063,1,1,4.74,0
8111,180.36,22,1801,0,0,17.66,0
8112,3994.93,8,379,1,1,41.64,0
8113,5535.14,15,1455,4,0,43.34,0
8114,2654.49,18,1490,1,0,19.04,0
8115,4716.34,11,2629,0,0,30.39,0
8116,665.66,16,1842,3,1,10.63,0
8117,3245.3,20,2815,1,1,19.49,0
8118,4212.08,5,151,0,2,21.5,0
8119,4032.66,18,1580,2,2,22.93,0
8120,4331.59,4,2204,1,1,13.24,0
8121,483.69,18,863,2,1,5.25,0
8122,154.7,22,1778,2,0,36.45,0
8123,4955.02,11,2647,5,0,23.73,0
8124,1912.96,21,1183,2,0,23.69,0
8125,5347.52,6,1402,2,2,14.59,0
8126,3360.37,22,2064,2,0,1.05,0
8127,2448.65,17,1102,2,0,31.88,0
8128,6705.28,2,2103,3,1,22.39,0
8129,43.87,6,1058,2,0,1.21,0
8130,2476.97,6,1916,0,0,39.39,0
8131,1241.53,8,129,1,0,22.82,0
8132,3651.27,3,2118,4,0,1.55,0
8133,3019.17,21,2586,0,0,11.29,0
8134,31.02,5,1947,4,0,8.48,0
8135,636.88,4,1914,2,0,21.04,0
8136,3528.45,18,1323,2,0,3.25,0
8137,2192.77,11,2310,1,1,27.3,0
8138,575.75,12,2697,4,0,0.61,0
8139,10765.08,18,139,2,0,15.69,0
8140,7659.43,10,2873,1,1,17.43,0
8141,170.99,3,2579,1,1,25.2,0
8142,1816.68,11,33,2,0,17.92,0
8143,371.37,5,1727,1,0,34.12,0
8144,487.31,15,1371,1,0,16.5,0
8145,4691.05,10,2654,4,0,74.95,0
8146,1282.76,3,767,0,0,32.65,0
8147,10475.97,11,1255,0,1,34.09,0
8148,7541.14,5,1913,4,0,37.48,0
8149,2523.34,17,763,2,2,14.43,0
8150,4740.86,0,1799,3,0,8.34,0
8151,1582.6,19,1870,1,0,12.8,0
8152,5439.0,18,2360,3,0,2.89,0
8153,4693.43,22,1782,1,0,18.08,0
8154,1726.3,23,1636,4,0,5.42,0
8155,1517.05,15,998,2,0,30.25,0
8156,1880.28,8,2963,1,0,24.37,1
8157,542.86,11,2462,1,0,4.76,0
8158,3543.93,10,1977,4,2,10.49,0
8159,2573.91,21,1644,3,1,15.8,0
8160,1310.85,9,165,4,2,40.44,0
8161,1382.6,7,2077,1,1,20.53,0
8162,844.43,3,1725,3,0,12.86,0
8163,2742.36,13,1104,0,0,9.04,0
8164,1180.46,18,1642,3,0,14.96,0
8165,1644.54,18,117,0,1,35.05,0
8166,1412.63,5,2098,1,0,8.99,0
8167,4609.24,5,1232,4,0,20.45,0
8168,4982.59,19,2858,3,0,7.47,0
8169,798.37,16,813,4,1,3.96,0
8170,5855.26,18,572,5,0,33.18,0
8171,1578.73,4,2718,1,1,44.09,0
8172,5303.59,10,221,0,1,24.41,0
8173,6352.04,2,1267,3,1,3.47,0
8174,593.35,4,1418,2,0,24.47,0
8175,313.73,14,1622,2,2,33.18,0
8176,223.11,5,1887,1,1,2.99,0
8177,1309.43,0,2698,1,0,15.03,0
8178,2619.95,4,821,5,0,1.65,0
8179,1212.74,5,1235,2,0,15.81,0
8180,6955.79,9,330,5,0,23.67,0
8181,4380.16,5,968,2,1,20.3,1
8182,1446.34,6,1789,2,0,45.32,1
8183,6090.21,2,2967,0,0,16.96,0
8184,2878.23,7,632,3,0,13.72,0
8185,2501.77,21,2275,0,0,36.73,0
8186,12.27,11,21,3,0,40.56,1
8187,1531.85,15,653,1,0,0.28,0
8188,1727.21,11,410,0,0,6.93,0
8189,318.43,15,2253,2,0,17.27,0
8190,4933.28,21,1615,3,0,0.3,0
8191,1417.31,22,871,0,0,49.5,0
8192,25.12,15,2738,0,0,60.24,0
8193,1481.66,12,1899,1,0,1.71,0
8194,3381.21,22,995,1,0,11.11,0
8195,523.36,3,1588,1,2,2.87,0
8196,179.25,4,1304,4,0,30.29,0
8197,916.31,4,1638,2,2,13.04,0
8198,1892.14,10,1160,3,0,20.85,0
8199,7873.08,21,2992,3,0,22.37,0
8200,2426.85,13,2446,2,0,30.38,0
8201,2814.79,12,2188,1,2,6.67,0
8202,938.28,2,1421,1,0,29.83,0
8203,1849.95,15,2744,2,0,37.18,0
8204,41.41,23,2403,2,0,7.46,0
8205,4482.08,0,909,2,0,18.15,0
8206,1238.15,19,730,0,1,1.95,0
8207,1169.88,7,1512,4,0,13.86,0
8208,4463.26,11,1393,2,1,1.92,0
8209,3440.71,16,7,2,0,10.69,0
8210,2695.62,19,2455,3,0,12.31,0
8211,671.39,12,317,3,2,5.82,0
8212,2136.2,20,943,1,0,13.08,0
8213,4089.74,4,2048,1,1,0.29,0
8214,8543.9,6,182,0,0,3.46,0
8215,3329.85,6,1237,4,0,8.57,0
8216,2245.32,13,381,1,1,18.24,0
8217,523.17,10,1574,0,1,10.59,0
8218,8590.71,20,737,2,0,73.14,0
8219,1675.57,13,618,3,1,9.02,0
8220,11775.57,9,1275,2,0,20.3,0
8221,612.7,12,2766,0,0,29.64,0
8222,2908.65,15,143,0,0,19.89,0
8223,4346.2,8,1728,2,0,3.55,0
8224,3349.35,5,670,2,0,11.33,0
8225,2288.61,12,2795,3,1,41.09,0
8226,4528.47,16,436,2,0,26.03,0
8227,8510.31,14,339,1,1,22.62,0
8228,1087.85,11,2811,2,1,4.66,0
8229,4864.72,23,416,0,0,16.32,0
8230,207.46,20,1657,1,1,45.4,0
8231,717.94,0,659,3,1,28.47,0
8232,1055.84,10,528,1,0,12.72,0
8233,1324.15,18,2077,0,0,12.57,0
8234,3122.47,12,2812,4,1,33.33,0
8235,2102.34,14,48,3,1,0.23,0
8236,1165.9,15,2679,1,0,21.74,0
8237,3285.15,21,1646,1,0,22.47,0
8238,8809.17,13,224,3,1,33.3,0
8239,2137.71,9,1741,1,0,17.01,0
8240,8352.21,8,2598,2,0,12.44,0
8241,7864.1,3,2473,2,1,52.41,0
8242,3575.03,14,2057,2,1,29.07,0
8243,73.75,11,1940,0,0,1.25,0
8244,8209.26,22,1373,0,1,7.16,0
8245,334.53,17,1495,2,0,29.41,0
8246,4143.39,3,733,2,1,45.8,0
8247,4234.96,13,2178,3,0,17.57,0
8248,9359.72,12,2764,2,0,31.74,0
8249,2157.87,2,616,1,0,1.86,0
8250,3611.87,0,1381,6,0,2.48,0
8251,3780.05,22,2418,0,2,24.83,0
8252,5755.41,8,810,1,0,28.12,0
8253,1255.41,16,2518,1,0,8.04,0
8254,5228.71,23,1864,2,1,31.39,0
8255,1709.32,13,199,0,0,47.07,0
8256,1014.83,14,1154,0,1,5.09,0
8257,4047.61,1,498,1,0,8.43,0
8258,4511.73,15,1886,0,1,15.18,0
8259,170.87,11,206,2,1,26.86,0
8260,381.0,19,2812,2,0,45.68,0
8261,3546.15,11,1034,2,0,2.52,0
8262,2482.91,13,1383,5,3,2.22,0
8263,1358.55,21,1214,1,1,8.06,0
8264,5938.4,0,2224,5,0,33.41,0
8265,2600.57,8,733,4,0,3.61,0
8266,157.05,9,1462,0,0,5.42,0
8267,832.07,13,72,1,0,7.2,0
8268,5095.99,14,1330,2,0,22.82,0
8269,10819.99,9,2605,1,0,0.01,0
8270,585.51,1,2441,2,0,20.12,0
8271,1110.0,3,1464,2,0,19.01,0
8272,718.72,23,150,1,2,40.52,0
8273,1273.23,17,1623,1,2,46.97,0
8274,1608.62,7,718,3,0,6.37,0
8275,1023.64,2,2192,3,0,32.92,0
8276,5837.29,3,517,3,1,34.87,0
8277,5101.36,23,593,2,0,13.1,0
8278,3678.75,20,2022,3,0,12.54,0
8279,2334.01,13,1126,3,1,20.34,0
8280,5745.38,11,1877,6,0,24.74,0
8281,394.88,22,2529,2,2,18.59,0
8282,976.42,7,2145,0,0,4.42,0
8283,3908.39,18,1878,3,0,12.44,0
8284,820.61,1,314,1,1,34.2,0
8285,1209.77,10,1527,2,0,20.04,0
8286,1888.48,1,602,1,1,6.25,0
8287,1844.92,19,2965,1,1,45.52,0
8288,639.06,20,415,4,1,34.65,0
8289,143.64,12,2100,3,0,14.65,0
8290,114.28,23,323,1,0,38.38,0
8291,705.3,10,2609,1,0,16.56,0
8292,250.86,23,1237,2,0,15.31,0
8293,9403.5,13,1642,1,0,13.59,0
8294,1890.2,0,754,1,0,7.16,0
8295,1238.64,23,1053,2,0,26.22,0
8296,527.74,23,2675,1,1,20.94,0
8297,2746.86,23,325,1,1,9.41,0
8298,7208.21,13,477,2,0,18.81,0
8299,1465.27,6,2339,2,0,34.01,0
8300,646.41,8,1242,2,0,22.77,0
8301,2885.13,19,2106,1,1,2.05,0
8302,946.55,17,999,2,1,24.31,0
8303,787.39,22,201,1,1,6.3,0
8304,5032.75,11,2349,4,0,14.48,0
8305,1782.54,15,882,5,0,19.19,0
8306,4369.22,13,1126,3,0,49.24,0
8307,2878.73,23,2822,1,0,23.55,0
8308,778.69,5,1134,3,0,36.5,0
8309,3454.7,16,2751,1,0,5.34,0
8310,3873.21,1,2477,6,1,0.55,0
8311,4964.52,12,743,5,1,25.2,0
8312,747.14,21,1168,1,1,0.48,0
8313,1735.56,8,21,2,0,32.46,0
8314,1370.6,13,849,2,0,7.82,0
8315,9436.94,0,1698,0,0,21.59,0
8316,7413.12,21,532,1,1,39.88,0
8317,2528.03,8,1094,2,0,32.61,0
8318,6139.98,14,2454,2,2,9.7,0
8319,1090.6,20,1304,4,2,11.56,0
8320,8068.71,3,907,2,0,51.92,0
8321,5661.77,7,75,2,0,7.32,0
8322,1794.28,22,1330,3,0,11.15,0
8323,3141.99,7,262,2,0,0.63,0
8324,376.23,19,1179,1,0,16.85,0
8325,140.29,23,2917,1,0,14.02,0
8326,1330.54,19,1887,0,1,24.26,0
8327,449.37,18,1724,5,2,27.05,0
8328,4264.91,20,2439,2,1,26.89,0
8329,5270.14,10,2218,1,2,19.4,0
8330,3222.47,12,1949,1,1,51.98,0
8331,4805.45,17,52,1,0,11.68,0
8332,878.33,10,1396,1,0,52.77,0
8333,231.14,10,1419,0,0,2.67,0
8334,296.66,14,622,4,1,1.45,0
8335,188.38,14,2044,2,0,10.84,0
8336,5098.55,6,2181,1,3,16.55,0
8337,2684.41,22,697,2,2,20.78,0
8338,4057.31,21,1598,1,1,4.65,0
8339,3507.39,8,1651,3,1,22.8,0
8340,1574.55,1,2707,2,1,63.51,0
8341,3749.16,18,322,3,0,20.96,0
8342,1159.46,20,1993,5,1,1.49,0
8343,14332.57,17,1415,2,0,26.46,0
8344,852.53,2,851,0,0,17.5,0
8345,194.82,23,2170,1,0,3.32,0
8346,1542.68,11,1246,2,0,9.47,0
8347,1540.74,9,1292,3,1,11.93,0
8348,7193.49,14,2763,3,1,14.82,0
8349,9986.74,14,122,4,0,47.35,0
8350,408.5,4,2560,1,1,25.72,0
8351,101.11,18,683,2,0,9.78,0
8352,3996.75,19,1441,2,1,4.16,0
8353,6566.36,18,1768,1,0,23.33,0
8354,1130.48,13,96,3,1,8.63,0
8355,1945.61,9,2280,1,0,31.38,0
8356,4241.83,23,2011,0,0,25.53,0
8357,228.95,7,1538,6,1,20.65,0
8358,234.86,17,540,3,2,6.97,0
8359,12017.92,12,2487,2,1,5.37,0
8360,498.73,3,398,2,0,3.83,0
8361,4149.01,12,895,2,0,13.66,0
8362,12099.7,6,454,0,0,5.19,0
8363,2843.56,18,1186,2,1,10.24,0
8364,789.88,5,652,0,0,2.64,0
8365,436.03,23,1643,1,0,47.57,0
8366,1933.44,17,1674,4,0,7.54,0
8367,1845.49,11,892,4,0,38.27,0
8368,1888.15,13,2455,2,1,54.34,0
8369,1216.39,8,1309,5,0,25.46,0
8370,2754.19,11,2582,2,0,39.19,0
8371,1668.3,3,2721,3,0,21.77,0
8372,86.67,21,2594,3,0,44.6,0
8373,4789.08,20,1302,3,0,0.96,0
8374,5898.54,16,2194,2,0,9.83,0
8375,2517.91,17,1607,1,0,45.42,0
8376,949.71,7,1655,3,1,23.02,0
8377,1000.69,15,1901,0,1,66.2,0
8378,3327.51,9,1841,0,1,7.24,0
8379,409.7,5,728,1,0,13.44,0
8380,4151.77,12,1182,0,0,19.46,0
8381,206.36,0,2182,0,0,9.27,0
8382,3475.32,10,1901,1,1,45.79,0
8383,5935.15,20,706,0,1,15.8,0
8384,7825.88,21,403,3,0,17.23,0
8385,5772.95,12,2377,0,0,13.04,0
8386,1142.62,20,1713,4,0,14.05,0
8387,257.05,13,1681,6,1,11.45,0
8388,746.14,6,2607,0,0,5.93,0
8389,1910.34,0,2535,0,0,29.91,0
8390,9593.53,7,568,3,0,7.44,0
8391,556.14,19,2540,1,0,0.23,0
8392,4157.31,16,330,3,0,14.42,0
8393,8530.82,19,2338,2,1,8.63,0
8394,2614.91,23,1675,4,1,29.39,0
8395,3147.25,0,1332,1,1,13.99,0
8396,9070.25,19,1024,3,0,16.14,0
8397,7227.46,5,2332,0,1,2.67,0
8398,627.69,20,1933,3,0,6.72,0
8399,1259.23,21,373,3,0,4.73,0
8400,123.1,11,94,1,1,10.0,0
8401,506.62,23,2464,0,1,2.87,0
8402,1246.41,20,1595,4,0,45.22,0
8403,4489.71,17,2095,0,1,17.26,0
8404,4194.89,6,662,1,0,39.2,0
8405,7066.77,14,1512,2,0,36.8,0
8406,341.09,23,981,1,0,5.56,0
8407,2547.67,5,1935,1,0,31.29,0
8408,4680.16,22,819,2,1,24.41,0
8409,2052.05,10,544,0,0,41.1,0
8410,284.57,9,266,0,1,11.58,0
8411,11845.54,0,848,1,1,54.15,0
8412,1569.47,18,1889,0,0,15.48,0
8413,1515.17,14,1004,1,0,20.16,0
8414,3000.81,21,2471,1,1,3.03,0
8415,327.77,14,991,4,0,51.63,0
8416,833.75,5,1890,1,1,11.25,0
8417,1995.82,16,2628,2,0,1.23,0
8418,1492.26,3,2475,4,0,19.33,0
8419,2710.45,10,653,4,0,49.43,0
8420,383.77,7,1894,2,0,3.86,0
8421,5137.8,23,287,3,0,13.72,0
8422,8956.94,0,133,3,2,7.51,1
8423,3604.04,21,2773,0,0,10.13,0
8424,3686.66,13,2129,0,1,1.04,0
8425,760.14,15,1579,2,0,33.91,0
8426,2552.11,2,1709,0,0,1.87,0
8427,8374.41,8,2933,5,3,45.25,0
8428,1162.44,17,496,2,0,19.08,0
8429,2679.06,22,2487,4,0,22.08,0
8430,1822.64,20,2188,1,0,8.45,0
8431,858.63,22,98,3,1,0.77,0
8432,319.15,14,1970,2,3,28.29,0
8433,9352.54,23,245,0,0,9.02,0
8434,432.15,9,1632,2,0,14.0,0
8435,13442.89,23,164,5,2,23.15,0
8436,71.63,11,1637,4,0,24.83,0
8437,2346.03,22,2096,1,1,10.41,0
8438,1837.73,20,2661,2,0,8.42,0
8439,2046.06,14,1756,1,0,4.07,0
8440,2141.46,3,425,4,0,11.21,0
8441,2456.27,4,1076,2,1,7.55,0
8442,2269.14,18,458,5,0,26.44,0
8443,1743.57,23,693,1,1,9.88,0
8444,446.75,11,1692,4,1,9.17,0
8445,4257.93,21,1392,3,0,9.1,0
8446,2843.8,4,996,0,0,34.57,0
8447,6202.41,15,861,1,0,27.1,0
8448,1282.63,8,398,0,2,51.63,0
8449,2503.99,10,2630,3,1,22.84,0
8450,4051.54,22,304,1,0,5.27,0
8451,2973.71,14,2905,3,2,37.76,0
8452,1526.14,15,1003,1,1,13.89,0
8453,1605.83,8,1403,1,0,6.15,0
8454,4797.95,9,2823,0,2,30.35,0
8455,8986.18,14,1355,3,0,24.12,0
8456,1070.93,14,2866,2,0,2.0,0
8457,99.39,8,2328,1,0,34.55,0
8458,8160.33,8,2435,1,0,30.48,0
8459,1308.66,1,574,0,1,22.66,1
8460,1709.45,4,2138,3,1,6.46,0
8461,2289.19,9,107,2,0,58.47,0
8462,135.7,7,1520,2,0,50.23,0
8463,1401.99,18,1486,2,0,51.9,0
8464,3080.03,22,1193,0,0,19.08,0
8465,4043.23,9,2933,3,1,1.74,0
8466,1188.5,5,2326,2,0,20.57,0
8467,4347.0,20,1249,1,0,35.62,0
8468,3548.95,15,2921,1,1,26.05,0
8469,2282.44,14,2758,1,1,1.69,0
8470,311.37,9,633,1,1,0.8,0
8471,1864.44,23,2848,4,0,17.04,0
8472,1888.59,4,601,1,0,17.95,0
8473,1582.85,19,1198,4,1,48.46,0
8474,2114.03,12,1054,5,0,2.82,0
8475,1515.67,20,934,1,2,3.28,0
8476,348.35,0,867,2,0,10.26,0
8477,4184.03,18,1241,3,0,4.12,0
8478,4198.69,4,2394,4,0,9.54,1
8479,4829.91,0,1063,1,3,3.23,1
8480,4051.27,11,2954,2,0,49.46,0
8481,4654.72,16,2117,2,0,24.13,0
8482,3801.34,12,1954,5,0,20.72,0
8483,490.82,19,698,3,0,7.64,0
8484,4521.3,11,2638,1,1,5.91,0
8485,2236.46,4,2405,4,0,15.5,0
8486,459.02,16,1288,5,0,33.09,0
8487,3867.8,16,1534,3,0,9.29,0
8488,1736.96,12,1988,1,0,0.76,0
8489,6478.29,20,693,4,0,6.74,0
8490,11150.84,16,1975,1,0,45.5,0
8491,3523.1,5,1983,4,0,7.68,0
8492,27.15,12,59,2,0,9.46,0
8493,3196.07,21,266,1,1,28.97,0
8494,3984.55,10,921,2,2,14.07,0
8495,7690.67,9,846,0,1,12.23,0
8496,1566.92,7,615,0,0,33.73,0
8497,2950.06,8,2493,2,0,32.17,0
8498,2252.69,23,490,2,0,2.58,0
8499,1259.09,20,807,2,1,46.98,0
8500,1697.88,11,2044,4,0,9.88,0
8501,6190.17,14,2333,2,0,33.62,0
8502,192.38,20,50,2,0,5.81,0
8503,2159.6,23,2147,0,0,12.71,0
8504,5367.79,7,830,3,0,5.55,0
8505,980.4,11,2721,3,0,56.95,0
8506,4788.3,1,1633,4,0,14.16,0
8507,1493.61,20,405,2,0,0.53,0
8508,591.3,10,2079,2,1,18.56,0
8509,5266.18,2,1112,1,1,13.81,0
8510,1804.26,17,2191,2,1,24.59,0
8511,1834.4,23,2203,2,1,14.94,0
8512,1395.11,2,230,0,1,40.27,0
8513,645.82,14,2322,2,0,20.09,0
8514,3462.88,16,1016,0,0,7.32,0
8515,6042.8,7,1049,1,1,10.92,0
8516,1815.92,23,749,7,0,36.98,1
8517,5851.59,22,2666,2,0,2.93,0
8518,2347.52,7,936,2,1,31.7,0
8519,5380.53,22,2939,5,0,10.31,0
8520,1768.65,14,727,4,1,19.92,0
8521,1986.59,1,2496,1,1,12.14,0
8522,6134.02,8,2261,1,0,22.64,0
8523,2206.21,8,375,1,1,32.42,0
8524,2885.67,23,779,2,0,49.88,0
8525,6395.0,23,261,3,2,4.97,0
8526,7024.08,4,2141,0,0,50.54,0
8527,5141.97,9,250,1,1,24.79,0
8528,2907.7,6,933,1,0,3.1,0
8529,221.95,7,2399,1,0,9.69,0
8530,8403.91,18,1955,1,1,1.83,0
8531,3669.01,14,403,0,0,43.09,0
8532,3875.14,17,210,1,0,1.9,0
8533,57.89,10,2597,1,0,39.27,0
8534,2965.62,2,805,2,1,5.77,0
8535,751.25,15,477,5,0,15.84,0
8536,9236.03,14,342,3,2,23.34,0
8537,2795.92,15,809,1,1,3.59,0
8538,3620.28,3,2222,0,0,49.12,0
8539,3750.93,18,881,2,0,28.88,0
8540,1318.29,19,1996,6,1,3.61,0
8541,1071.07,9,2332,0,0,29.89,0
8542,5608.43,0,2383,5,0,21.7,0
8543,2540.23,13,457,2,0,0.11,0
8544,1631.3,23,1814,2,0,21.68,0
8545,7518.8,20,798,3,3,3.04,0
8546,886.2,18,2601,0,0,17.33,0
8547,285.38,19,1869,1,0,24.23,0
8548,4106.54,0,1032,2,0,24.5,0
8549,221.8,13,2464,3,0,27.73,0
8550,4080.44,8,2018,1,0,16.67,0
8551,5263.7,20,724,2,0,7.04,0
8552,3816.07,10,2078,1,1,20.58,0
8553,5356.16,15,2107,1,1,4.75,0
8554,1879.68,9,2644,1,1,46.78,0
8555,2373.24,9,1083,7,0,3.7,0
8556,2346.11,17,1020,2,1,50.17,0
8557,3290.45,10,1128,2,1,16.89,0
8558,4192.03,21,2299,4,0,5.2,0
8559,3463.39,16,1265,3,1,3.23,0
8560,1988.11,20,1803,2,1,9.08,1
8561,1153.54,3,747,3,1,12.04,0
8562,23617.31,15,27,1,1,4.58,0
8563,11150.62,10,2088,2,0,40.45,0
8564,1065.74,15,2031,1,2,5.52,0
8565,7403.3,5,733,3,0,34.3,0
8566,2439.19,2,1770,1,2,10.03,1
8567,1006.04,21,1248,3,1,0.48,0
8568,1700.25,3,1816,2,0,16.39,0
8569,3622.16,10,2613,3,2,8.13,0
8570,2449.96,21,2207,3,2,8.77,0
8571,1064.39,5,793,3,1,19.1,0
8572,213.73,3,950,2,0,23.29,0
8573,2403.75,6,1259,7,0,2.08,0
8574,8253.93,16,1251,2,1,25.29,0
8575,462.93,10,2173,3,1,31.08,0
8576,1577.11,15,422,5,1,28.17,0
8577,1671.58,21,1230,1,0,10.86,0
8578,10048.06,19,862,4,0,15.93,0
8579,455.34,18,2753,3,0,7.85,0
8580,5004.35,4,1327,0,0,1.15,0
8581,1227.21,5,787,3,1,19.67,0
8582,4713.29,12,704,2,0,8.46,0
8583,210.42,5,2500,4,1,1.48,0
8584,2253.02,21,644,1,2,16.0,0
8585,596.63,10,2116,3,0,0.83,0
8586,304.83,15,2677,2,0,12.17,0
8587,3562.85,19,1708,2,0,37.59,0
8588,6334.71,23,1104,0,0,10.47,0
8589,530.13,7,1077,2,2,41.82,0
8590,2602.62,15,1244,2,0,3.52,0
8591,5780.62,11,594,1,1,2.67,0
8592,1007.78,9,1367,1,0,12.32,0
8593,1848.03,23,1450,0,0,3.7,1
8594,139.75,23,1292,3,0,9.0,0
8595,81.52,14,1262,2,0,10.14,0
8596,1235.35,13,2308,2,0,0.55,0
8597,1413.15,12,1709,1,1,26.87,0
8598,1806.44,0,1656,2,1,21.93,0
8599,1703.55,1,1675,1,1,39.16,0
8600,2298.4,11,2646,2,0,15.64,0
8601,3528.25,4,1872,3,2,33.51,0
8602,8396.08,8,80,3,0,42.8,0
8603,1308.45,22,829,2,1,59.77,0
8604,1179.49,6,2712,2,0,15.1,0
8605,1591.59,22,1049,0,1,47.03,0
8606,422.13,9,1530,0,2,30.7,0
8607,3137.7,0,1319,1,0,21.37,0
8608,196.51,13,1567,0,0,19.66,0
8609,228.89,10,2286,1,0,32.16,0
8610,1079.82,17,817,1,1,52.37,0
8611,479.04,6,2530,3,1,26.93,0
8612,7349.73,16,1803,4,0,23.26,0
8613,1169.54,8,438,2,0,9.64,0
8614,3400.9,2,996,3,0,19.34,0
8615,6151.59,5,1334,1,0,17.3,0
8616,801.17,23,1965,1,0,10.86,0
8617,8005.49,23,2429,2,1,13.44,0
8618,1707.49,15,189,0,1,12.88,0
8619,737.85,21,1598,1,0,35.33,0
8620,6236.91,22,2894,0,1,11.81,0
8621,2105.86,15,1024,6,0,33.1,0
8622,1706.22,8,2486,2,0,24.76,0
8623,503.96,18,1537,3,1,11.86,0
8624,3098.67,1,416,2,1,47.8,0
8625,1035.44,1,2620,2,1,2.63,0
8626,1038.2,10,1131,3,0,0.19,0
8627,696.09,17,1514,3,0,19.94,0
8628,1740.63,14,1165,1,1,13.6,0
8629,140.46,3,1933,0,0,22.83,0
8630,450.23,4,304,2,0,38.06,1
8631,1624.58,10,1695,2,0,50.92,0
8632,147.44,4,617,3,1,11.96,0
8633,4455.72,18,1225,2,1,8.14,0
8634,5055.79,18,820,2,2,27.3,0
8635,1572.32,17,361,3,0,3.17,0
8636,3433.15,14,1005,2,1,19.98,0
8637,1592.51,10,2346,2,1,24.81,0
8638,3378.01,17,2707,1,0,6.77,0
8639,2364.27,8,2281,2,1,16.86,0
8640,7222.81,16,1194,0,0,9.69,0
8641,1824.81,22,90,5,0,10.46,0
8642,2825.31,4,279,2,0,21.02,0
8643,1327.26,22,2914,0,0,44.46,0
8644,1422.35,23,1286,3,0,29.78,0
8645,1364.69,11,1827,3,0,20.47,0
8646,782.39,23,880,2,0,1.41,0
8647,4294.14,5,1316,3,2,28.47,0
8648,6269.78,14,933,0,1,3.23,0
8649,2518.41,14,1484,3,0,19.72,0
8650,226.49,10,816,4,0,14.66,0
8651,1878.05,21,2884,2,0,10.69,0
8652,173.75,8,1046,1,0,15.4,0
8653,1681.84,19,95,4,0,0.91,0
8654,397.45,4,489,3,1,10.72,0
8655,3621.17,20,1683,1,0,29.07,0
8656,1177.08,13,1624,0,0,1.48,0
8657,6307.7,15,197,1,0,1.62,0
8658,342.39,16,247,1,0,6.51,0
8659,5967.44,16,1530,2,0,3.69,0
8660,3308.84,0,2318,2,2,8.82,0
8661,3176.39,13,132,2,0,29.24,0
8662,1335.05,16,1340,3,1,19.76,0
8663,4317.04,17,2016,2,0,24.08,0
8664,1895.95,9,2355,1,0,4.62,0
8665,2.22,10,2599,1,1,37.05,0
8666,4510.31,2,310,0,1,19.84,0
8667,208.76,18,378,3,0,0.96,0
8668,2377.09,17,461,2,0,52.06,0
8669,1875.77,17,649,1,2,19.72,0
8670,2014.89,16,360,6,0,21.51,0
8671,937.92,18,1919,2,2,14.97,0
8672,4571.86,19,2664,1,0,2.76,0
8673,10066.89,6,300,2,0,32.79,0
8674,5214.21,21,1766,1,0,9.77,0
8675,6153.54,8,1908,1,1,3.2,0
8676,4906.83,14,624,1,0,18.22,0
8677,2223.58,20,1354,0,2,36.84,0
8678,498.16,2,745,0,1,36.66,0
8679,6027.1,20,2357,3,1,14.55,0
8680,608.55,10,1860,0,0,24.57,0
8681,3972.28,16,2837,2,1,22.26,0
8682,1809.5,23,1772,5,0,13.12,0
8683,172.01,0,1645,4,0,1.26,0
8684,2539.54,18,1204,5,1,3.96,0
8685,5216.42,0,2555,0,1,14.28,1
8686,1040.75,12,78,2,0,23.27,0
8687,5435.81,0,923,2,1,7.09,0
8688,1166.9,10,1750,1,0,54.75,0
8689,4013.67,4,1061,2,0,42.72,0
8690,2707.44,7,2394,3,0,8.21,0
8691,642.38,21,1338,2,0,19.69,0
8692,2930.86,17,1875,4,2,11.14,0
8693,393.69,20,2726,2,1,18.31,0
8694,4053.69,6,2353,2,1,15.03,0
8695,1285.37,11,2929,2,2,23.95,0
8696,2854.84,18,626,3,0,39.39,0
8697,2458.08,6,608,1,0,13.83,0
8698,2516.66,6,1264,3,1,8.58,0
8699,494.93,5,414,1,0,12.73,0
8700,1124.94,0,2185,0,1,1.25,0
8701,22.15,19,162,3,0,21.11,0
8702,4436.09,4,2213,1,0,50.55,0
8703,2988.99,11,284,2,0,0.35,0
8704,104.03,10,1292,2,0,20.86,0
8705,521.64,7,2696,3,0,19.75,0
8706,1350.25,6,827,2,2,13.13,0
8707,3227.72,9,669,5,1,44.92,0
8708,108.32,13,1111,1,0,49.36,0
8709,8439.38,7,890,0,0,39.06,0
8710,938.34,11,112,6,1,9.3,0
8711,884.99,4,1801,3,1,16.92,0
8712,1252.48,3,1537,4,0,7.91,0
8713,1275.79,0,1819,2,0,28.43,0
8714,2664.74,23,855,2,0,3.49,0
8715,2946.72,12,202,3,1,29.01,0
8716,1255.93,14,1797,3,0,16.79,0
8717,1419.0,12,814,1,0,32.93,0
8718,4136.6,6,1559,1,1,19.33,0
8719,8494.15,18,511,1,0,46.59,0
8720,1278.08,2,718,0,1,12.45,0
8721,2318.32,16,2369,2,2,18.38,0
8722,3386.32,23,2116,4,0,22.04,0
8723,192.7,3,668,2,0,27.66,0
8724,89.41,6,493,2,0,2.9,0
8725,2468.41,15,2478,3,0,11.99,0
8726,14791.75,11,1298,2,1,0.53,0
8727,7311.0,13,783,2,1,11.79,0
8728,2992.78,6,372,0,0,9.0,1
8729,741.26,16,1474,2,1,12.61,0
8730,5825.55,15,1046,1,1,55.12,0
8731,6.32,16,459,2,0,1.8,0
8732,451.31,14,67,2,0,26.12,0
8733,100.67,0,1557,2,0,0.36,1
8734,3830.94,13,1640,5,0,34.33,0
8735,2761.74,3,1453,5,0,9.55,0
8736,51.41,11,1270,1,1,23.56,0
8737,3766.53,2,1779,1,0,6.59,0
8738,461.34,20,1232,3,0,25.75,0
8739,44.6,7,2873,0,1,24.11,0
8740,9467.06,2,2665,3,1,44.55,1
8741,2947.82,20,1597,2,0,25.68,0
8742,175.05,15,65,4,0,32.58,0
8743,8334.17,8,2989,0,0,26.81,0
8744,5922.38,20,1325,1,1,27.14,0
8745,459.8,1,577,3,0,27.71,0
8746,8718.86,7,727,4,0,11.12,1
8747,2456.67,18,38,4,0,1.74,0
8748,1309.36,4,2125,0,0,22.8,0
8749,60.46,4,575,4,3,10.32,0
8750,37.59,22,1925,3,1,1.35,0
8751,1894.33,1,251,3,0,56.66,0
8752,1398.12,19,860,1,1,26.69,0
8753,17.82,23,2708,0,1,26.26,0
8754,1780.53,9,1523,8,0,19.13,0
8755,600.69,19,1700,1,0,10.57,0
8756,2267.61,5,1718,3,0,37.69,0
8757,365.86,5,716,2,0,4.74,0
8758,365.51,16,621,2,1,38.77,0
8759,4985.48,23,2739,1,0,11.94,0
8760,2917.96,5,1496,2,0,12.29,0
8761,1787.99,3,666,1,1,37.31,0
8762,843.28,0,2038,2,0,3.22,0
8763,1895.76,6,1254,0,0,39.8,0
8764,7378.65,12,2562,1,0,8.76,1
8765,697.01,11,1087,1,0,32.85,0
8766,7476.09,19,1316,3,0,21.04,0
8767,2343.86,0,106,3,1,24.77,0
8768,4522.69,10,117,2,0,34.79,0
8769,9763.52,15,141,0,0,22.82,0
8770,1821.7,23,592,1,0,6.47,0
8771,443.67,13,191,1,0,2.26,0
8772,619.81,17,1545,1,1,39.58,0
8773,8132.18,19,2960,3,1,20.95,0
8774,1192.15,16,696,3,1,24.79,0
8775,6279.67,5,411,1,0,45.73,0
8776,1767.49,0,1429,1,0,9.13,0
8777,2522.32,7,378,2,0,7.66,0
8778,303.03,13,272,1,1,42.38,0
8779,3111.93,3,1949,1,1,1.98,1
8780,2071.38,14,1701,2,0,2.33,0
8781,5064.44,17,1804,1,1,32.71,0
8782,6953.33,4,2471,2,0,38.17,0
8783,2830.8,20,3,2,0,22.82,0
8784,1143.38,9,1951,1,0,5.31,0
8785,1488.41,15,1053,1,0,50.88,0
8786,108.28,4,1323,3,0,16.41,0
8787,3102.25,21,2212,2,0,3.73,0
8788,5667.96,11,2514,2,0,49.88,0
8789,2007.84,21,2935,1,0,0.13,0
8790,1653.28,3,1958,2,0,26.59,0
8791,1855.2,15,2340,3,0,45.27,0
8792,547.57,6,516,3,1,32.38,0
8793,1512.47,7,2109,3,0,58.37,0
8794,3087.21,4,585,1,0,21.34,0
8795,3544.17,7,2701,1,1,1.55,0
8796,4063.68,2,389,3,0,26.66,0
8797,747.84,22,1655,2,0,35.46,0
8798,1446.36,9,2520,1,1,20.42,0
8799,7487.69,3,1024,2,0,30.42,0
8800,8233.92,7,1027,1,2,18.33,0
8801,129.75,5,2991,0,0,10.51,0
8802,1837.98,21,1234,3,0,16.28,0
8803,1164.19,10,2911,1,3,11.23,0
8804,1094.92,14,2738,0,0,47.73,0
8805,3962.56,18,2130,5,0,8.29,0
8806,2637.11,16,2365,3,1,13.06,0
8807,5396.96,8,540,1,1,17.43,0
8808,1342.67,10,1729,1,3,20.29,0
8809,16533.25,11,2709,4,0,24.42,0
8810,1835.85,4,2374,3,0,18.08,0
8811,277.83,23,141,2,0,59.51,0
8812,459.23,23,1578,0,0,45.22,0
8813,2276.93,20,197,2,0,1.91,0
8814,8199.96,6,747,2,0,31.17,0
8815,549.01,0,586,0,2,16.95,0
8816,3154.37,20,140,2,0,0.85,0
8817,1902.04,7,664,4,0,13.34,0
8818,2139.95,12,1322,1,0,17.34,0
8819,6021.23,0,2344,5,0,25.42,0
8820,699.39,15,1982,5,0,19.52,0
8821,1021.58,11,770,4,0,18.08,0
8822,5144.79,20,2365,1,1,8.99,0
8823,1478.12,12,1852,0,0,7.33,0
8824,3869.13,6,1857,1,0,12.33,0
8825,1205.83,19,1077,1,0,17.43,0
8826,1984.39,17,1802,2,1,46.13,0
8827,2203.35,3,1145,2,1,38.03,0
8828,3313.4,20,2108,3,0,21.44,0
8829,3339.99,10,1382,1,0,44.52,0
8830,14479.83,5,1046,3,0,44.47,0
8831,4822.6,10,1997,2,3,51.37,1
8832,1275.16,17,1870,2,0,37.14,0
8833,3232.44,21,396,3,1,16.05,0
8834,4227.77,21,1403,1,0,14.09,0
8835,8454.81,16,1077,1,1,7.77,0
8836,3615.45,2,1497,1,1,14.1,0
8837,1453.0,13,2631,1,0,1.8,0
8838,2513.68,0,2226,1,0,27.98,0
8839,1078.07,4,388,5,1,25.56,0
8840,971.54,7,1874,1,0,43.82,0
8841,9392.05,3,493,0,2,31.36,1
8842,5506.87,17,2920,2,0,13.0,0
8843,600.0,9,518,6,0,4.84,0
8844,2274.48,11,1258,1,0,4.97,0
8845,6878.22,14,1787,2,0,3.21,0
8846,7399.36,17,340,3,2,23.74,0
8847,330.8,16,748,6,0,13.53,0
8848,8565.05,12,2093,3,0,31.08,0
8849,8760.38,6,581,3,1,38.51,0
8850,2379.55,21,909,3,0,20.22,0
8851,3612.13,0,814,2,2,54.12,0
8852,4388.08,23,1450,2,0,38.05,0
8853,948.76,16,2462,2,0,8.77,0
8854,119.16,4,2306,2,0,23.39,1
8855,3312.39,16,2151,2,1,26.91,0
8856,4053.23,1,2184,1,0,25.14,0
8857,1775.37,11,2210,4,1,2.08,0
8858,46.83,7,2842,3,1,26.07,0
8859,265.68,16,684,1,1,36.07,0
8860,1457.3,11,651,3,1,19.84,0
8861,2651.26,3,2787,2,1,20.86,0
8862,2315.91,5,2601,1,0,1.21,0
8863,2044.42,20,2533,1,2,68.41,0
8864,15140.88,7,2934,2,1,8.68,0
8865,4555.27,4,2216,3,0,4.63,0
8866,7490.95,19,1737,3,2,6.2,0
8867,8208.93,6,1141,2,1,25.29,0
8868,4319.93,1,1642,1,0,19.7,1
8869,3015.88,9,1597,2,1,19.33,0
8870,3322.48,16,1726,5,0,4.63,0
8871,475.69,15,1917,1,0,21.17,0
8872,3386.75,10,558,2,1,51.72,0
8873,2940.64,23,1229,1,1,2.29,1
8874,1209.07,0,307,0,1,9.24,0
8875,6674.77,8,2902,3,0,3.07,0
8876,262.17,17,2737,0,0,12.6,0
8877,2307.98,9,856,0,0,21.13,0
8878,372.29,23,2512,0,0,0.9,0
8879,906.11,19,274,1,2,8.29,0
8880,6447.38,1,1681,1,1,2.44,0
8881,2382.41,4,589,1,0,25.84,1
8882,1556.92,15,657,1,0,9.29,0
8883,2109.59,7,1603,2,1,25.86,0
8884,2580.57,5,2647,3,0,18.19,0
8885,2996.95,13,1602,2,0,30.87,0
8886,4699.31,18,793,0,0,18.14,0
8887,3589.29,7,1436,2,0,48.84,0
8888,1769.08,2,927,4,0,39.78,0
8889,2681.45,8,576,2,0,75.41,0
8890,2217.04,12,506,3,1,47.05,0
8891,206.35,23,2400,1,2,28.88,0
8892,6087.83,21,622,1,1,4.08,0
8893,1300.43,6,1817,2,0,31.19,0
8894,16221.41,4,2754,3,2,15.79,0
8895,5194.54,8,1342,5,0,35.31,0
8896,4174.57,0,2609,2,1,7.83,1
8897,4247.73,3,2133,1,0,11.35,0
8898,742.97,9,2148,1,0,4.62,0
8899,1568.19,3,2575,4,0,21.18,0
8900,3549.74,19,1930,3,2,53.89,0
8901,1958.32,7,2706,2,0,3.39,0
8902,341.92,14,1224,1,1,13.63,0
8903,494.34,3,2217,1,1,60.2,0
8904,2950.37,23,2499,2,1,32.3,0
8905,427.83,14,630,2,0,18.69,0
8906,2195.16,2,2950,1,3,42.29,0
8907,1856.68,10,1115,0,1,28.82,0
8908,3878.97,1,1563,4,0,5.91,0
8909,4256.82,8,463,1,1,9.78,0
8910,2263.49,20,1911,1,0,32.18,0
8911,2965.3,13,2397,2,0,31.89,0
8912,2700.61,5,2908,1,0,16.27,0
8913,1715.24,22,1996,1,1,11.7,0
8914,94.18,9,921,4,0,15.08,0
8915,2315.1,16,423,2,1,44.17,0
8916,2265.03,2,2998,3,0,25.74,0
8917,2647.23,19,2454,4,0,49.87,0
8918,5297.61,11,989,4,2,0.27,0
8919,1086.39,21,2026,2,0,11.46,0
8920,1601.59,22,1772,4,1,32.19,0
8921,13452.21,13,233,1,1,12.48,0
8922,108.03,20,431,2,2,56.36,0
8923,555.61,8,2966,6,0,37.72,0
8924,2926.88,23,1130,2,1,9.58,0
8925,1833.71,8,2623,3,1,13.46,0
8926,3619.25,16,1347,3,1,73.5,0
8927,600.2,13,2732,1,0,51.78,0
8928,3601.59,8,1461,2,2,26.46,0
8929,491.05,2,53,2,0,17.58,0
8930,8003.46,3,2921,3,2,30.94,0
8931,1277.29,15,995,1,2,24.49,0
8932,3598.58,18,2028,3,0,29.01,0
8933,933.81,7,2422,3,1,39.4,0
8934,1033.49,13,2727,1,0,6.95,0
8935,3905.98,8,426,1,0,9.19,0
8936,3685.11,22,1999,1,0,19.93,0
8937,8304.72,17,2485,0,2,40.95,0
8938,2097.07,18,1540,2,0,35.04,0
8939,281.42,19,2126,2,0,14.89,0
8940,2177.71,21,1568,1,1,7.89,0
8941,5330.3,1,2465,0,0,2.47,0
8942,2454.47,3,2419,1,0,23.22,0
8943,12323.33,20,404,1,0,13.46,0
8944,6191.03,18,389,1,2,71.16,0
8945,3330.96,3,978,4,1,6.03,0
8946,4778.23,11,2377,0,1,47.7,0
8947,1558.9,21,2906,4,1,22.92,0
8948,3796.01,19,1728,5,0,20.37,0
8949,225.45,12,2943,2,2,11.96,0
8950,478.2,23,164,1,0,38.45,0
8951,1549.53,11,2651,4,1,11.26,0
8952,572.43,14,1888,5,2,6.08,0
8953,6130.08,18,2142,4,0,3.1,0
8954,7660.37,1,1634,1,1,3.02,0
8955,1578.09,20,1769,0,1,29.2,0
8956,3598.61,21,106,0,0,37.2,0
8957,4319.87,6,2323,5,1,2.22,0
8958,364.68,5,99,1,3,13.36,0
8959,6647.13,20,1348,1,0,52.58,0
8960,4589.29,3,1198,2,1,55.82,0
8961,1916.19,13,117,2,0,1.38,0
8962,2075.49,23,1871,1,0,17.46,0
8963,60.41,8,1469,2,0,6.21,0
8964,1240.1,21,1410,2,1,8.15,0
8965,1583.55,11,1019,4,0,19.89,0
8966,867.4,8,1827,1,0,32.38,0
8967,916.08,1,1330,3,0,27.64,0
8968,538.17,14,2864,0,0,24.2,0
8969,559.98,20,1078,0,1,32.93,0
8970,3595.51,5,858,1,1,47.01,0
8971,3539.54,17,2242,4,1,32.07,0
8972,1657.18,20,1319,3,0,18.82,0
8973,309.84,23,1644,3,0,18.22,0
8974,1602.5,11,705,2,0,10.67,0
8975,9992.85,15,365,1,0,51.89,0
8976,2071.32,10,1441,1,1,58.76,0
8977,584.93,19,2205,3,0,32.49,0
8978,2654.45,23,933,4,1,31.82,0
8979,3750.65,10,1253,0,0,21.08,0
8980,1403.29,3,2958,0,0,34.65,0
8981,4141.87,2,2620,1,0,19.28,0
8982,3432.04,12,1282,5,2,29.21,0
8983,775.31,19,2037,3,0,14.91,0
8984,5311.11,20,763,5,2,21.92,0
8985,3911.58,12,829,4,0,8.41,0
8986,670.5,8,2898,2,0,8.44,0
8987,467.31,15,1437,1,0,27.98,0
8988,7997.36,10,1794,2,2,16.76,0
8989,2385.84,11,653,3,0,0.16,0
8990,4926.76,5,1323,1,0,21.32,0
8991,3128.51,0,457,2,0,27.19,0
8992,2544.24,6,2384,3,1,19.53,0
8993,1069.74,9,2074,0,0,9.42,0
8994,2745.27,22,2631,3,0,4.49,0
8995,6238.67,17,1214,3,0,14.42,0
8996,1319.03,17,2205,4,0,1.97,0
8997,3347.96,5,1631,1,0,9.29,0
8998,3957.19,19,2850,0,0,18.93,0
8999,782.1,2,814,3,0,17.25,0
9000,1436.81,2,371,3,1,23.09,0
9001,328.4,22,2450,1,1,31.85,0
9002,373.28,21,1658,1,0,29.2,0
9003,3292.88,8,598,5,1,5.22,0
9004,183.77,22,1394,1,0,46.61,0
9005,2782.65,17,1450,2,1,4.41,0
9006,769.5,12,545,6,0,28.88,0
9007,3487.28,12,425,2,0,8.06,0
9008,803.0,23,1204,0,0,41.21,0
9009,948.24,19,2336,1,0,0.52,0
9010,448.95,2,1327,3,2,27.42,0
9011,11.54,7,1813,1,0,13.66,0
9012,1392.22,1,1008,1,0,7.73,0
9013,2249.73,17,635,1,3,35.39,0
9014,832.33,21,1122,3,0,5.29,0
9015,3344.98,0,2026,3,0,50.91,0
9016,2860.65,7,2848,1,1,0.7,0
9017,12114.57,7,1005,1,0,18.56,0
9018,272.26,7,1804,2,0,36.03,0
9019,1840.42,20,885,2,0,11.76,0
9020,330.49,4,51,0,0,14.43,0
9021,583.73,9,999,2,1,13.77,0
9022,6.16,0,2508,1,0,15.27,0
9023,4102.02,15,1798,1,0,20.18,0
9024,1665.36,13,2279,0,1,15.54,0
9025,7244.47,17,2327,3,0,12.53,0
9026,1405.29,6,1689,2,3,45.38,0
9027,2197.9,5,2125,1,0,0.81,0
9028,1991.95,18,1637,4,0,27.31,0
9029,447.52,20,2358,4,1,33.44,0
9030,1614.33,12,1072,4,0,0.35,0
9031,1583.13,22,1491,1,1,3.72,0
9032,1364.02,8,1767,2,1,39.53,0
9033,3774.78,11,1494,1,0,11.07,0
9034,425.59,7,1312,0,0,18.44,0
9035,964.7,17,1463,4,0,33.66,0
9036,2968.59,2,2840,2,0,23.26,0
9037,3541.61,4,1318,1,0,6.63,0
9038,1252.84,22,1012,0,1,4.59,0
9039,5513.17,17,2372,1,0,25.86,0
9040,1179.7,4,396,1,0,12.82,0
9041,2381.76,16,2902,1,1,26.79,0
9042,52.66,15,2193,3,0,14.39,0
9043,243.85,10,430,3,0,79.27,0
9044,3876.24,19,934,3,0,3.03,0
9045,4378.12,23,1427,1,2,62.04,0
9046,2712.46,22,2876,2,0,19.9,0
9047,219.25,20,2270,3,2,22.46,0
9048,1062.12,7,1906,1,0,14.98,0
9049,778.25,8,2353,2,1,5.69,1
9050,143.44,1,1886,4,1,36.62,0
9051,2116.4,19,1794,0,0,52.37,0
9052,2242.18,15,2421,2,3,5.16,0
9053,1842.0,13,265,3,0,16.56,0
9054,864.31,5,91,0,0,22.23,0
9055,8489.58,17,1837,2,0,8.94,0
9056,2073.13,17,2664,3,0,22.46,0
9057,3396.24,1,1424,3,1,6.87,0
9058,462.13,15,2894,2,1,26.74,0
9059,4137.59,4,262,1,1,8.53,0
9060,5739.64,21,1452,4,0,32.62,0
9061,980.03,2,2945,0,0,12.84,0
9062,4835.9,8,2334,1,0,39.82,0
9063,1974.99,8,2981,2,1,14.43,0
9064,1345.72,0,2923,0,1,0.72,0
9065,1055.9,19,2011,2,0,26.17,0
9066,683.07,13,2885,3,1,0.85,0
9067,3718.52,4,1624,3,0,2.56,1
9068,55.19,6,2711,3,1,1.51,0
9069,792.65,14,1270,1,0,22.33,0
9070,2520.88,17,2856,6,0,3.47,0
9071,554.3,21,1248,2,0,14.72,0
9072,1475.08,10,953,1,0,13.97,0
9073,131.12,18,2081,1,0,9.76,0
9074,3097.51,13,591,2,0,33.63,0
9075,3107.12,17,2791,3,0,23.23,0
9076,386.86,18,1289,1,0,19.77,0
9077,911.11,0,2497,2,0,10.18,0
9078,4189.99,1,2917,2,0,3.4,0
9079,288.86,11,2407,1,0,3.16,0
9080,102.75,3,291,2,1,29.63,1
9081,2155.77,19,261,0,0,21.66,0
9082,995.52,16,1695,1,0,4.47,0
9083,9357.8,23,661,3,0,29.28,0
9084,3146.32,23,798,4,1,4.67,0
9085,19144.89,7,2464,3,1,31.23,1
9086,2821.16,5,743,5,0,10.36,0
9087,996.76,0,2660,4,3,12.98,0
9088,8508.54,15,2985,4,0,20.82,0
9089,4285.53,3,1360,0,1,3.62,0
9090,2642.05,2,386,2,0,18.06,0
9091,674.86,12,2352,3,0,20.98,0
9092,5185.96,22,2808,1,0,7.05,0
9093,2924.88,12,1670,2,1,35.01,0
9094,1103.94,12,2853,1,0,18.74,0
9095,3392.71,15,568,6,0,46.64,0
9096,3177.54,10,750,0,0,10.67,0
9097,4032.46,3,1275,1,0,20.66,0
9098,8504.26,11,727,5,0,8.68,0
9099,8298.39,22,1763,2,0,12.47,0
9100,4.66,8,2047,3,2,6.7,0
9101,1469.3,2,756,2,0,4.44,0
9102,1384.8,8,1645,1,4,34.11,0
9103,715.82,6,929,2,0,47.72,0
9104,5091.24,11,2652,3,0,5.65,0
9105,3662.09,20,335,1,0,0.08,0
9106,584.11,10,1851,1,0,0.82,0
9107,666.81,3,2146,2,1,10.24,0
9108,3025.37,8,84,2,0,6.03,0
9109,186.31,19,250,2,1,24.93,0
9110,2247.13,17,243,5,1,35.25,0
9111,1773.73,21,1529,2,0,9.46,0
9112,4253.02,3,691,0,1,24.0,0
9113,705.19,0,2168,0,0,18.96,0
9114,5290.69,0,20,1,0,49.09,0
9115,1279.66,10,1576,4,0,12.5,0
9116,1487.86,9,114,1,0,5.47,1
9117,6118.57,18,2308,4,1,13.36,0
9118,5175.09,11,285,0,0,8.86,0
9119,479.19,5,773,0,2,36.29,0
9120,3954.88,20,2544,2,0,8.92,0
9121,89.26,15,745,0,0,4.35,0
9122,2216.04,17,895,2,0,2.01,0
9123,991.21,11,398,2,0,14.85,0
9124,4317.95,21,634,0,1,38.22,0
9125,4188.3,19,1533,1,1,32.23,0
9126,3099.85,18,725,4,0,14.54,0
9127,2455.45,14,2894,0,0,41.41,0
9128,515.13,5,2079,6,0,15.54,0
9129,3161.15,4,1824,3,1,4.12,0
9130,4158.77,0,2549,2,0,39.54,0
9131,6044.96,1,2202,3,0,31.11,0
9132,1635.41,3,1277,2,1,32.09,0
9133,2176.59,9,442,1,0,63.28,0
9134,1156.92,11,2798,4,0,7.63,0
9135,2948.28,5,2418,0,0,13.26,0
9136,1020.98,16,686,0,0,34.17,0
9137,1657.46,3,2039,2,0,21.95,0
9138,3397.47,6,2472,3,1,15.69,0
9139,4680.89,4,2512,1,0,16.59,0
9140,195.64,10,1863,0,0,0.72,0
9141,7624.29,21,2245,1,0,13.43,0
9142,418.78,12,1835,3,0,13.1,0
9143,236.89,3,2740,2,0,23.58,0
9144,648.19,17,269,4,1,69.69,0
9145,1801.63,10,1009,4,0,29.78,0
9146,3741.22,11,580,2,0,5.52,0
9147,3007.53,7,2011,1,1,9.61,0
9148,1229.56,6,1656,0,1,34.44,0
9149,1083.31,1,1468,1,1,47.64,0
9150,5020.57,1,1968,3,2,14.66,0
9151,794.19,21,2899,2,2,26.43,0
9152,443.97,18,405,0,1,32.14,0
9153,7107.56,16,373,3,1,2.26,0
9154,322.62,21,2683,3,0,16.27,0
9155,1194.93,10,2160,2,0,8.73,0
9156,1095.96,18,2356,1,2,3.15,0
9157,745.61,22,2179,2,0,12.65,0
9158,4171.97,16,1615,1,0,18.88,0
9159,1851.04,17,2635,3,0,17.04,0
9160,1665.12,6,1158,3,0,42.89,0
9161,3730.09,10,555,2,0,17.61,0
9162,6106.45,14,812,1,0,16.55,0
9163,2065.09,9,2566,4,0,2.7,0
9164,1249.15,13,1656,3,0,58.73,0
9165,1878.54,13,1545,0,2,4.35,0
9166,1011.84,2,2009,3,1,16.03,0
9167,4220.98,0,2013,4,1,50.03,0
9168,1538.48,3,1317,1,0,4.98,0
9169,1187.11,17,1983,2,2,40.17,0
9170,3273.31,19,1593,0,0,8.79,0
9171,2164.57,9,2039,3,0,18.63,0
9172,3558.82,9,2802,1,0,37.71,0
9173,799.4,22,226,2,0,59.2,0
9174,1564.98,16,171,1,1,2.65,0
9175,1446.53,6,366,3,1,5.81,0
9176,3100.78,9,2407,3,1,10.4,0
9177,3966.68,23,2340,1,2,19.97,0
9178,1529.69,17,711,1,0,3.82,0
9179,220.68,20,1285,2,0,7.01,0
9180,3008.26,23,197,0,2,9.84,0
9181,6413.77,17,115,2,1,12.38,0
9182,7947.43,1,1241,1,0,40.3,0
9183,879.98,12,772,3,0,22.22,0
9184,2131.97,11,2203,1,1,8.07,0
9185,821.35,1,2803,2,0,7.11,0
9186,556.43,13,2083,3,0,7.64,0
9187,1340.87,16,731,2,0,7.46,0
9188,262.83,16,1519,1,1,11.79,0
9189,1560.2,21,2864,1,1,15.83,0
9190,1902.46,1,879,4,1,47.31,1
9191,966.65,3,1873,3,0,26.37,0
9192,3408.13,5,908,4,0,14.63,0
9193,4214.76,22,1312,7,3,29.16,1
9194,1614.42,2,2925,0,2,26.62,0
9195,5834.33,6,2029,3,0,12.64,0
9196,999.99,6,2340,1,0,11.51,0
9197,7088.56,20,2511,1,0,15.99,0
9198,6642.11,0,186,3,0,29.94,0
9199,11347.14,12,844,5,0,10.02,0
9200,1603.51,22,477,2,2,33.03,0
9201,8696.44,9,20,4,0,15.11,1
9202,4314.55,7,2702,1,0,33.17,0
9203,4739.73,10,726,2,0,60.82,0
9204,445.12,12,936,3,0,9.37,0
9205,838.95,11,1647,2,1,14.95,0
9206,738.86,1,639,1,2,14.27,0
9207,256.09,4,2453,3,1,4.03,1
9208,11284.03,7,2547,1,1,23.71,0
9209,3129.87,21,1058,5,0,52.45,0
9210,3809.69,13,2787,3,0,44.55,0
9211,10058.83,18,2909,3,0,21.17,1
9212,35.71,20,1269,3,1,34.34,0
9213,7279.45,6,2677,2,0,30.21,0
9214,3813.92,23,1117,2,0,33.88,0
9215,1042.96,13,2828,1,0,14.89,0
9216,4641.28,0,1704,0,0,0.17,0
9217,207.86,13,1545,0,1,8.5,0
9218,4803.97,8,777,2,0,33.98,0
9219,4941.49,15,1039,2,1,15.68,0
9220,4440.29,19,43,1,1,38.5,0
9221,7519.4,20,2837,1,0,7.21,0
9222,2197.49,12,172,1,0,32.77,0
9223,5369.69,22,1840,1,0,42.35,0
9224,1069.21,4,2716,3,1,11.33,0
9225,1828.53,22,914,1,1,6.79,0
9226,688.28,2,2612,2,2,3.46,0
9227,1623.52,3,473,3,0,5.22,0
9228,2644.87,5,2002,4,0,7.52,0
9229,871.15,2,752,1,0,13.16,0
9230,429.24,17,1341,1,1,22.61,0
9231,1062.93,5,1051,2,0,18.81,0
9232,4449.8,21,2929,3,1,2.5,0
9233,240.99,22,1632,1,1,24.36,0
9234,3387.77,9,2197,0,1,15.58,0
9235,6282.95,9,1167,2,0,1.74,0
9236,8829.1,18,1072,2,0,35.32,0
9237,679.13,3,490,3,1,19.75,0
9238,1743.25,12,828,1,0,10.35,0
9239,2214.15,2,2273,2,1,10.56,0
9240,647.65,15,823,1,1,19.76,0
9241,990.19,4,2123,3,0,36.18,0
9242,5959.89,1,1921,0,1,45.77,0
9243,1470.55,15,448,3,1,24.3,0
9244,3242.68,3,937,2,1,31.7,0
9245,1155.6,1,1590,0,1,1.4,0
9246,7345.23,5,343,5,0,7.93,0
9247,1281.88,22,277,0,0,53.74,0
9248,285.17,7,1786,2,1,39.18,0
9249,3202.04,19,1520,1,0,30.67,0
9250,399.71,14,585,0,0,23.49,0
9251,1993.31,14,2446,2,1,50.7,0
9252,1229.31,1,2716,5,0,14.13,0
9253,2335.36,16,775,2,1,29.67,0
9254,2117.63,6,2970,1,1,34.85,0
9255,2001.27,10,180,2,1,32.97,0
9256,4678.78,18,59,1,0,14.76,0
9257,2875.88,4,1399,2,1,1.44,0
9258,1764.26,8,719,2,0,22.37,0
9259,1174.86,11,1893,3,1,46.67,0
9260,5730.0,6,2639,4,1,1.69,0
9261,7192.29,1,1603,2,0,53.66,0
9262,902.3,12,628,1,1,19.78,0
9263,5908.6,9,2071,4,0,34.17,0
9264,2181.91,2,923,1,0,13.11,0
9265,920.46,5,2570,0,0,9.1,0
9266,721.57,6,1376,6,1,19.27,0
9267,4610.19,21,2954,2,0,22.07,0
9268,239.98,14,104,3,1,7.03,0
9269,4035.76,14,285,1,0,13.81,0
9270,377.32,7,2465,0,0,30.0,0
9271,111.71,16,1179,3,0,32.2,0
9272,109.39,17,660,5,1,33.13,0
9273,1857.15,4,2242,2,0,29.87,0
9274,3774.04,10,233,1,0,7.7,0
9275,7999.28,3,2805,2,1,22.15,0
9276,1536.93,2,1680,1,0,19.39,0
9277,2420.95,16,2189,1,0,27.47,1
9278,10860.61,0,2534,4,0,16.72,0
9279,702.19,23,696,4,0,48.26,0
9280,4820.65,23,1318,1,0,39.37,0
9281,947.13,11,158,2,0,16.84,0
9282,5401.58,4,426,0,0,15.59,0
9283,3805.42,21,958,1,1,9.35,0
9284,540.09,0,1562,1,0,25.24,0
9285,5762.69,0,2305,2,1,4.44,0
9286,2232.69,1,1588,4,1,47.02,0
9287,5762.46,18,491,3,1,10.78,0
9288,1100.71,7,2574,1,0,10.55,0
9289,836.51,1,2309,3,1,45.43,0
9290,99.56,17,303,2,0,22.36,0
9291,10866.24,0,2658,2,0,7.81,0
9292,4486.82,15,2341,2,0,29.12,0
9293,3168.69,20,1582,0,0,14.18,0
9294,1929.05,9,2809,2,0,25.93,0
9295,4029.61,19,1585,3,1,24.33,0
9296,3027.81,14,974,1,1,0.15,0
9297,965.44,21,2010,2,0,33.33,0
9298,2087.39,19,1025,1,0,37.58,0
9299,2433.38,11,2608,3,0,18.74,0
9300,163.79,14,1963,3,0,34.08,0
9301,5254.68,4,1861,3,0,18.82,0
9302,4254.58,17,1476,5,1,7.59,0
9303,9839.25,7,592,2,0,25.55,0
9304,1358.86,9,2610,3,1,10.78,0
9305,1897.07,23,715,1,0,11.35,0
9306,2020.15,12,1054,1,0,20.85,0
9307,1310.34,5,1508,2,0,0.19,0
9308,3571.07,23,86,1,0,2.72,0
9309,1045.21,13,1229,0,0,16.84,0
9310,2745.51,4,175,3,0,33.81,0
9311,127.24,14,1681,4,0,37.14,0
9312,119.03,22,2218,1,0,58.78,0
9313,4037.97,7,1648,1,0,61.39,0
9314,727.67,4,2567,6,1,20.74,0
9315,1962.82,11,853,2,0,1.43,0
9316,2.73,12,1725,1,0,25.02,0
9317,6704.25,13,1887,2,1,7.64,0
9318,1405.27,23,1853,3,0,46.18,0
9319,7498.56,14,1592,0,0,4.68,0
9320,5239.32,14,1490,0,0,6.84,0
9321,4808.04,10,1336,5,0,10.45,0
9322,1838.35,21,1634,4,0,14.55,0
9323,1003.83,4,2963,1,0,31.56,0
9324,5570.65,16,844,2,4,4.59,0
9325,6893.3,7,889,3,1,39.67,0
9326,5522.46,22,783,1,0,17.42,0
9327,1178.1,18,798,3,0,0.6,0
9328,1717.75,23,2701,3,3,19.5,0
9329,2568.28,19,1489,3,0,30.78,0
9330,5477.41,14,2246,1,0,19.77,0
9331,153.2,13,1536,1,1,2.84,0
9332,4249.89,20,1258,1,1,23.06,0
9333,180.98,6,1610,1,0,13.84,0
9334,2983.55,4,1927,3,0,26.39,0
9335,1584.76,3,2224,2,0,5.43,0
9336,19159.65,20,1853,3,0,57.89,0
9337,4168.77,9,2555,1,0,0.54,0
9338,2068.75,13,209,3,0,20.03,0
9339,5336.39,6,890,2,0,7.78,0
9340,457.82,10,2260,1,0,25.17,0
9341,1596.1,5,2702,1,0,14.98,0
9342,4007.72,12,2120,1,0,15.15,0
9343,2385.42,13,739,1,1,42.82,0
9344,7008.26,14,98,2,1,27.6,0
9345,1756.71,22,846,2,1,37.84,0
9346,488.5,12,2325,7,0,3.28,0
9347,1963.08,21,706,2,0,25.66,0
9348,2234.16,8,2788,3,0,5.72,0
9349,827.07,18,639,2,0,1.16,0
9350,12986.37,20,1647,2,2,7.35,0
9351,1811.09,18,811,2,0,14.99,0
9352,331.9,4,1685,2,2,5.43,0
9353,1167.43,10,1920,4,2,33.62,0
9354,983.03,7,535,0,0,8.38,0
9355,6931.26,15,1296,0,1,42.03,0
9356,440.99,19,2509,0,1,27.11,0
9357,1730.62,16,2573,5,0,21.94,0
9358,2797.6,1,2770,5,1,27.68,0
9359,1262.56,3,268,1,0,11.85,0
9360,3759.54,2,88,2,0,25.09,0
9361,358.1,0,217,1,1,32.54,0
9362,330.76,10,369,2,0,8.33,0
9363,93.62,10,1462,3,1,18.22,0
9364,1586.94,6,617,3,1,11.42,0
9365,676.36,6,1260,7,1,27.82,1
9366,1805.74,2,1487,0,0,2.49,0
9367,138.97,19,1293,3,0,2.2,0
9368,19862.89,18,1830,2,0,0.58,1
9369,2788.62,15,1387,1,0,10.23,0
9370,803.02,22,718,0,0,27.31,0
9371,1300.12,9,1243,1,0,9.69,0
9372,1402.88,3,2302,3,0,5.16,0
9373,4113.15,5,623,2,0,16.53,0
9374,768.95,5,1701,0,1,15.8,0
9375,2724.17,3,2181,1,0,10.97,0
9376,8987.05,19,1679,2,0,24.99,0
9377,5700.6,5,2301,1,0,7.31,0
9378,1480.99,17,2576,1,2,25.8,0
9379,2294.4,15,2867,0,2,7.37,0
9380,2981.15,8,2827,1,0,54.85,0
9381,77.81,7,465,3,2,4.18,0
9382,641.47,21,601,2,2,18.94,0
9383,6961.4,14,398,2,0,53.08,0
9384,7111.23,1,556,1,0,36.61,0
9385,2738.87,12,1937,2,0,10.31,0
9386,2245.3,12,1954,5,0,13.63,0
9387,335.87,5,82,1,2,34.4,0
9388,5487.08,18,2819,1,2,5.4,0
9389,3459.44,11,1807,3,0,34.38,0
9390,13709.79,18,2343,2,0,14.28,0
9391,54.24,5,1833,1,0,6.18,0
9392,538.23,0,2015,2,1,30.2,0
9393,4908.73,21,2322,1,0,30.89,0
9394,1771.09,11,1392,3,0,16.74,0
9395,1126.68,2,1516,1,1,5.35,0
9396,10618.93,2,726,2,1,30.48,0
9397,3957.37,4,2557,4,0,7.36,0
9398,2689.91,9,2775,3,0,18.74,0
9399,5480.46,12,613,2,0,26.62,0
9400,1823.94,3,2740,1,2,29.17,1
9401,7989.93,6,2598,1,0,25.21,0
9402,3505.07,10,1198,0,0,13.44,0
9403,4889.59,22,341,4,0,32.46,0
9404,778.93,11,2470,2,1,40.65,0
9405,5350.56,15,66,0,0,6.69,0
9406,751.29,19,2418,2,1,7.46,0
9407,1373.5,13,693,4,3,43.18,0
9408,13.16,11,1036,1,1,19.67,0
9409,16623.46,6,2103,2,6,27.43,0
9410,451.02,8,2132,4,0,22.52,0
9411,7191.26,0,2006,1,0,25.71,0
9412,495.99,10,684,2,0,22.48,0
9413,1186.8,1,2660,2,1,3.16,0
9414,1744.08,7,2870,6,0,30.38,0
9415,1769.18,9,1078,3,0,16.39,0
9416,1906.09,14,1774,6,1,25.18,0
9417,1110.39,10,166,0,2,47.84,0
9418,476.7,8,2690,2,0,19.49,0
9419,2092.54,14,2701,3,0,9.2,0
9420,5895.15,2,1364,2,1,20.94,0
9421,1031.82,17,129,0,1,19.69,0
9422,1755.58,4,2557,2,0,20.32,0
9423,172.5,0,2350,1,0,5.07,1
9424,2717.87,0,1240,8,0,9.06,1
9425,3998.39,12,818,0,1,7.36,0
9426,965.21,15,1557,1,1,10.46,0
9427,4217.97,12,148,1,0,72.19,1
9428,3347.34,22,2753,1,0,24.79,0
9429,1719.88,8,2855,4,2,29.45,0
9430,909.12,12,1375,4,0,12.58,0
9431,4614.08,11,2100,0,0,36.02,0
9432,25.18,13,1668,1,0,12.34,0
9433,156.61,22,1402,3,0,2.19,0
9434,4588.39,4,1419,3,0,21.64,0
9435,2318.72,23,1072,1,0,36.35,0
9436,736.04,17,791,4,1,17.67,0
9437,1508.67,15,1154,1,0,51.05,0
9438,315.2,8,342,4,1,4.91,0
9439,346.56,14,2752,4,0,12.08,0
9440,36.56,2,2729,2,1,21.74,0
9441,213.18,10,2085,2,0,19.04,0
9442,456.71,3,95,4,2,15.12,0
9443,1577.1,4,439,1,1,15.3,0
9444,4507.32,7,305,0,1,13.86,0
9445,2192.83,5,1530,4,0,0.39,0
9446,2116.48,2,631,2,0,13.75,0
9447,5911.17,18,971,4,1,35.35,0
9448,2127.52,2,309,2,0,61.02,0
9449,1628.76,0,2962,1,0,0.38,0
9450,12582.55,0,1398,4,0,17.18,0
9451,2507.11,19,289,0,0,5.17,0
9452,5352.46,4,2387,0,0,34.19,0
9453,3460.25,20,1888,2,0,23.2,0
9454,1562.94,20,1356,1,1,14.61,0
9455,1200.27,21,434,7,1,1.42,1
9456,8331.56,19,500,0,0,0.96,0
9457,2939.51,1,2885,5,0,4.72,0
9458,1358.99,4,818,1,1,28.49,0
9459,4056.91,23,333,3,0,14.74,0
9460,7.81,5,376,0,1,16.61,0
9461,7852.02,22,376,2,0,42.44,0
9462,4008.61,0,1774,4,2,34.45,1
9463,4269.03,21,955,4,0,21.5,0
9464,3076.99,6,205,0,0,19.64,0
9465,5206.98,22,326,0,1,4.06,0
9466,1712.31,12,1313,3,0,17.96,0
9467,6560.61,20,2169,2,1,48.35,0
9468,2733.38,6,1950,1,0,22.79,0
9469,2015.27,6,2901,4,1,33.6,0
9470,5215.87,15,2480,1,0,31.64,0
9471,792.32,22,763,1,1,2.33,0
9472,77.59,15,1180,0,0,20.17,0
9473,2218.26,23,2770,0,1,63.9,0
9474,297.64,18,251,3,0,24.53,0
9475,13496.26,14,758,3,0,1.34,0
9476,54.73,16,26,1,0,23.75,0
9477,1213.02,2,721,1,0,42.31,0
9478,993.48,6,1079,1,0,12.93,0
9479,2041.93,4,2221,0,0,13.84,0
9480,626.08,18,776,2,1,3.44,0
9481,2478.12,22,508,2,1,33.26,0
9482,3711.11,22,311,1,0,2.66,0
9483,3169.28,6,767,1,1,12.49,0
9484,7803.3,10,933,1,0,27.23,0
9485,770.58,5,1617,0,0,23.1,0
9486,1973.69,20,2427,1,1,13.09,0
9487,1514.12,9,2464,1,0,10.36,0
9488,1020.69,13,2076,3,0,4.78,0
9489,2163.83,20,1170,0,0,51.07,0
9490,3284.78,6,1748,1,0,5.86,0
9491,3323.74,8,1413,1,2,32.84,0
9492,6060.72,23,987,2,0,59.36,0
9493,2332.57,16,29,1,0,38.39,1
9494,1286.42,20,2800,1,1,14.08,0
9495,293.95,8,1153,5,4,23.5,1
9496,9193.04,5,265,1,0,0.27,0
9497,3649.7,1,258,2,0,16.67,0
9498,7373.06,15,1410,1,1,3.96,0
9499,5781.28,23,248,2,1,21.83,0
9500,139.62,19,1762,1,1,15.48,0
9501,849.89,2,2761,1,0,0.11,0
9502,2023.07,22,1827,1,1,25.38,0
9503,1143.27,0,2763,4,0,24.88,0
9504,121.72,2,1305,2,0,19.04,0
9505,9726.96,18,1481,2,1,35.77,0
9506,527.54,22,2790,2,1,28.42,0
9507,3750.97,19,2778,4,1,15.77,0
9508,1894.91,2,2332,2,0,18.26,0
9509,649.28,8,2979,2,1,30.32,0
9510,7314.22,10,1847,3,1,2.48,0
9511,9217.34,11,1968,2,0,1.81,0
9512,5004.62,11,2047,1,0,21.38,0
9513,1447.23,9,2004,4,1,8.21,0
9514,852.49,10,2237,3,0,8.42,0
9515,5649.82,23,780,1,0,50.66,0
9516,6820.28,7,2406,1,0,9.1,0
9517,4576.15,5,175,2,1,19.08,0
9518,476.13,22,1446,3,1,40.87,0
9519,166.91,13,1905,2,0,16.65,0
9520,3876.34,14,1329,3,2,26.58,0
9521,1609.38,12,1900,1,1,9.91,0
9522,262.48,14,1853,3,1,37.85,0
9523,1909.16,4,582,2,1,6.37,0
9524,2476.42,23,1580,0,0,23.65,0
9525,4096.43,13,101,1,0,46.66,1
9526,135.86,4,1298,4,0,8.25,0
9527,1446.33,12,2590,3,0,12.16,0
9528,2309.91,4,1637,2,0,1.88,0
9529,4398.29,11,58,0,0,10.26,0
9530,4248.35,13,2711,0,0,24.94,0
9531,9243.53,5,619,1,0,4.1,0
9532,224.97,18,754,2,1,6.47,0
9533,599.9,6,389,3,1,19.65,0
9534,34.08,0,1603,2,0,37.31,0
9535,5030.99,15,614,3,0,38.08,0
9536,1310.6,8,1382,2,0,30.11,0
9537,5756.21,6,89,1,2,33.97,0
9538,7483.55,15,1607,5,0,23.56,0
9539,2364.15,5,1244,4,1,36.39,0
9540,47.12,17,1138,3,1,27.06,0
9541,1013.5,7,779,2,2,15.68,0
9542,638.27,15,2486,0,0,13.03,0
9543,4766.34,23,2045,6,0,27.75,0
9544,1238.99,13,1783,1,1,29.8,0
9545,18.18,5,1997,4,0,40.2,0
9546,583.88,21,245,2,2,41.52,1
9547,459.31,11,435,1,0,7.15,0
9548,5808.4,2,1325,2,0,15.72,0
9549,1940.24,22,1953,5,0,37.61,0
9550,6088.06,19,1186,3,0,42.57,0
9551,1542.42,4,964,1,1,13.79,0
9552,2236.05,16,2025,4,1,23.21,0
9553,3243.53,6,1706,0,0,44.04,0
9554,2461.84,15,54,2,0,15.44,0
9555,146.68,9,2587,2,0,6.35,0
9556,7039.72,5,1387,4,0,10.13,0
9557,2347.61,20,1273,1,0,7.99,0
9558,550.04,21,2534,1,1,12.32,0
9559,1795.46,13,2506,3,1,31.15,0
9560,1744.46,3,2454,2,0,9.95,0
9561,776.56,4,2170,2,0,26.22,0
9562,826.39,9,1398,2,0,23.27,0
9563,2912.04,23,1530,1,1,54.93,0
9564,849.05,22,525,3,0,41.28,0
9565,4698.61,11,2316,4,0,10.96,0
9566,4272.92,15,259,0,0,9.06,0
9567,1733.5,0,1832,2,0,25.89,0
9568,6762.84,11,1709,4,1,12.0,0
9569,738.33,7,858,4,0,51.08,0
9570,3659.52,10,2820,1,1,35.15,0
9571,778.66,7,1281,2,0,25.41,0
9572,153.06,20,1951,1,0,0.8,0
9573,4645.06,8,2274,3,0,30.45,0
9574,3148.03,10,2365,1,2,64.34,0
9575,11665.1,10,2861,2,0,9.72,0
9576,1197.99,6,521,0,0,31.06,0
9577,1130.32,10,2592,3,0,3.67,0
9578,5957.13,18,938,3,1,12.19,0
9579,1867.86,22,2429,2,0,39.17,0
9580,3579.43,19,971,0,1,0.94,0
9581,1618.91,7,2002,2,0,28.0,0
9582,786.56,18,1925,0,1,21.85,0
9583,1893.9,0,1284,4,0,37.52,0
9584,6884.47,16,392,3,0,11.08,0
9585,4445.59,12,608,2,1,2.98,0
9586,311.83,19,1318,4,0,17.76,0
9587,3402.87,2,2168,1,0,21.69,0
9588,2418.65,15,1896,2,0,1.08,0
9589,4501.29,19,2982,0,0,12.37,0
9590,1624.31,8,275,2,0,10.43,0
9591,2962.78,14,1596,2,0,2.66,0
9592,4463.96,6,1132,1,0,31.66,0
9593,1606.93,22,587,3,1,18.65,0
9594,4740.08,11,242,1,0,7.45,0
9595,10374.11,15,1011,3,2,5.22,0
9596,1338.91,7,2594,1,1,10.62,0
9597,605.58,0,1341,3,0,38.87,0
9598,1001.39,11,2543,1,0,47.26,0
9599,469.24,15,2302,1,0,30.61,0
9600,1048.26,4,1118,1,0,15.61,0
9601,1965.45,10,1986,1,0,18.76,0
9602,2907.94,10,2478,2,1,17.88,0
9603,1339.19,17,820,1,0,13.33,0
9604,2219.56,20,771,3,1,32.06,0
9605,1141.16,19,2479,3,1,23.26,0
9606,1447.02,3,1211,2,1,13.41,0
9607,487.37,23,249,0,0,9.81,0
9608,5264.15,23,799,1,0,30.46,0
9609,4040.14,16,2065,3,0,14.65,0
9610,2261.32,9,1017,2,2,9.61,0
9611,3089.39,12,1733,1,1,27.28,0
9612,1208.79,22,45,4,1,58.79,0
9613,2527.21,9,1070,1,1,7.56,0
9614,4570.48,6,591,2,1,26.99,0
9615,5603.8,9,104,3,0,29.86,0
9616,5371.84,0,2670,2,0,14.89,0
9617,1889.6,20,1727,1,0,11.59,0
9618,25.54,2,1510,0,0,21.03,0
9619,766.99,14,605,2,3,23.92,1
9620,1808.38,14,2564,3,0,10.91,0
9621,6234.11,12,2275,1,0,7.46,0
9622,2177.49,5,2433,1,0,16.78,0
9623,671.09,14,1287,4,2,7.0,0
9624,1012.01,3,1121,2,0,20.8,0
9625,721.8,14,1131,1,1,8.38,0
9626,2578.56,6,2893,2,0,29.74,0
9627,7910.02,19,1857,2,1,4.32,0
9628,2833.64,9,668,1,0,6.11,0
9629,2852.54,18,527,3,0,2.06,0
9630,442.59,10,70,2,0,2.69,0
9631,299.94,3,215,2,1,17.04,0
9632,8370.39,10,2264,1,2,12.9,0
9633,9.21,15,1511,3,0,33.15,0
9634,613.72,4,1292,2,0,4.63,0
9635,2274.97,23,1537,1,1,5.79,0
9636,2384.62,17,105,4,0,28.83,0
9637,1370.54,20,1779,1,0,5.08,0
9638,1689.52,20,1327,7,0,1.93,0
9639,645.96,12,730,4,2,2.3,0
9640,4145.59,10,2512,2,1,6.06,0
9641,1992.98,1,2637,2,0,15.04,0
9642,657.94,9,1328,0,1,27.88,0
9643,2209.1,18,2329,2,0,12.78,0
9644,4441.98,1,2096,1,1,18.93,0
9645,6645.91,1,2961,3,1,43.44,0
9646,883.29,22,2924,3,0,50.79,0
9647,4476.97,4,2035,1,0,17.04,0
9648,5871.15,2,279,4,0,11.14,0
9649,2299.2,4,621,3,0,20.24,0
9650,2461.52,3,2142,1,0,29.39,0
9651,2492.99,5,2924,3,0,29.96,0
9652,6231.5,7,377,2,2,11.93,0
9653,712.9,11,1463,2,0,20.62,0
9654,10936.8,10,333,3,0,2.74,0
9655,10341.31,13,1408,2,2,0.67,0
9656,1559.79,2,2018,2,2,42.54,0
9657,3126.25,12,2233,1,0,6.84,0
9658,995.0,1,2150,2,0,6.05,0
9659,1301.55,13,2629,1,0,34.17,0
9660,698.96,12,2846,0,0,2.03,0
9661,876.29,4,2246,3,0,21.22,0
9662,8538.21,2,849,1,1,15.73,0
9663,3924.17,14,652,1,0,13.7,0
9664,3348.24,3,1069,2,0,35.32,0
9665,1531.63,7,981,1,1,19.46,0
9666,394.04,1,2641,1,1,17.32,0
9667,2807.92,21,2285,1,0,26.36,0
9668,10077.63,0,215,3,0,19.66,0
9669,2146.97,20,2857,5,0,6.3,0
9670,1497.28,7,1961,0,1,10.67,0
9671,253.75,1,173,0,0,5.75,0
9672,3164.77,7,953,4,0,48.85,0
9673,927.85,4,564,0,1,17.68,1
9674,6327.58,16,1309,3,1,29.31,0
9675,3733.45,10,1588,0,0,0.5,0
9676,1087.55,20,2746,3,0,24.72,0
9677,599.65,12,79,3,1,2.13,0
9678,5452.38,16,1187,0,1,23.64,0
9679,9538.08,15,97,1,0,21.74,0
9680,1877.43,21,2928,5,0,4.17,0
9681,1471.54,22,1700,1,0,38.74,0
9682,7640.82,17,279,0,0,22.79,0
9683,2451.72,1,820,0,1,32.31,0
9684,1878.1,18,148,2,0,10.22,0
9685,2714.26,6,941,1,0,62.6,0
9686,6758.25,18,2014,1,1,19.31,0
9687,5561.31,0,1432,1,0,4.84,1
9688,14255.35,22,331,5,0,11.59,0
9689,1237.45,18,1508,0,0,37.8,0
9690,1143.18,16,673,0,2,4.3,0
9691,545.9,12,872,2,1,32.09,0
9692,3638.98,4,2197,0,1,5.72,0
9693,1733.41,0,2571,3,0,29.58,0
9694,809.8,23,2551,1,0,40.29,0
9695,15995.18,9,1089,1,1,30.64,0
9696,2084.88,17,1534,1,2,40.03,0
9697,1444.45,16,1591,1,1,31.09,0
9698,1121.07,5,826,2,1,56.29,0
9699,5480.24,19,1050,2,0,3.27,0
9700,402.32,10,802,2,1,13.88,0
9701,854.6,10,1067,1,0,20.73,0
9702,1726.06,12,489,2,0,1.04,0
9703,468.76,20,1169,2,1,14.74,0
9704,5671.76,14,119,3,1,30.03,0
9705,240.66,14,2472,3,0,2.44,1
9706,2091.98,20,2752,3,0,42.13,0
9707,1844.93,16,1662,1,0,8.61,0
9708,391.67,6,758,2,2,32.74,0
9709,6019.72,3,171,0,0,6.11,0
9710,2322.49,12,438,1,1,31.99,0
9711,6013.91,23,843,2,0,4.25,0
9712,3023.25,6,2336,2,0,7.99,0
9713,5287.12,23,1224,3,0,6.02,0
9714,8374.47,22,2762,0,0,24.46,0
9715,4280.13,6,2430,0,0,12.86,0
9716,2970.7,9,1479,5,0,1.13,0
9717,604.07,14,223,2,1,36.03,0
9718,2275.83,20,2565,1,0,2.68,0
9719,1855.22,7,2322,2,0,37.92,0
9720,1502.18,8,889,3,0,29.12,0
9721,4056.72,16,98,4,1,3.0,0
9722,1045.61,9,51,2,0,1.54,0
9723,6081.29,6,742,0,0,14.67,0
9724,1581.08,10,846,1,0,54.49,1
9725,2699.75,15,2949,0,0,11.99,0
9726,3899.93,12,2949,0,2,14.83,0
9727,1439.14,10,1876,2,0,19.54,0
9728,6778.06,12,2466,3,1,14.46,0
9729,561.53,5,2014,1,1,26.96,0
9730,772.43,15,2298,5,1,21.58,0
9731,2553.32,19,1169,2,1,3.18,0
9732,1129.08,21,1018,1,0,16.64,0
9733,1508.17,2,2525,3,0,25.2,0
9734,6446.15,3,2,6,1,18.24,0
9735,1690.96,0,2537,0,1,21.69,0
9736,1310.38,1,46,4,0,16.32,0
9737,1377.24,8,1,2,1,40.71,0
9738,1612.46,9,1823,2,0,35.69,0
9739,917.96,12,2985,2,0,10.73,0
9740,3555.34,18,654,3,0,39.99,1
9741,12096.28,3,220,2,0,6.16,0
9742,3128.13,11,882,2,2,20.52,0
9743,9953.31,20,782,0,1,18.35,0
9744,1668.61,13,1528,2,1,37.25,0
9745,1722.74,2,1147,2,0,14.05,0
9746,3006.61,13,2678,3,0,8.39,0
9747,184.23,0,1219,1,1,29.77,0
9748,412.38,1,492,1,1,8.21,0
9749,2569.94,9,581,0,1,3.79,0
9750,4755.21,8,1872,3,1,4.64,0
9751,2853.73,6,493,2,0,50.66,0
9752,241.44,20,2793,2,0,5.49,0
9753,3068.68,0,1952,5,2,4.39,0
9754,2480.88,5,59,2,0,6.07,0
9755,1840.09,3,353,5,0,17.35,0
9756,169.78,23,962,3,1,23.78,0
9757,1180.67,14,2375,0,0,30.3,0
9758,5199.86,22,2284,2,0,25.33,0
9759,1348.18,8,1107,3,0,22.67,0
9760,7992.42,0,2879,1,0,1.38,0
9761,2195.58,18,1965,3,0,26.2,0
9762,2214.1,2,2996,2,0,28.37,0
9763,2715.81,22,628,3,0,21.12,0
9764,2045.19,6,267,2,0,8.71,0
9765,3435.56,12,2778,1,0,5.86,0
9766,1568.58,12,123,1,0,5.59,0
9767,3056.91,1,2038,3,0,8.66,0
9768,8619.73,13,1908,1,0,43.38,0
9769,5529.98,13,717,1,0,11.47,0
9770,3239.58,0,2363,2,0,0.89,0
9771,377.64,1,2690,1,0,4.34,0
9772,10104.27,2,1151,2,2,35.26,0
9773,427.54,22,1154,1,0,20.02,0
9774,500.57,23,1963,0,0,60.46,0
9775,4725.59,6,1095,2,1,3.23,0
9776,823.2,0,2750,3,0,6.41,0
9777,2918.53,8,771,2,0,39.31,0
9778,2587.6,7,2825,2,1,29.35,0
9779,2335.5,14,8,1,2,18.97,0
9780,2130.38,20,181,3,1,39.29,0
9781,3494.64,18,1784,2,0,35.62,0
9782,2492.19,17,2880,6,1,16.82,0
9783,346.55,15,949,3,1,36.21,0
9784,8281.07,22,194,3,1,0.74,0
9785,1553.31,9,1492,4,1,32.76,0
9786,4589.95,2,2450,4,0,5.79,1
9787,245.46,11,1869,2,0,4.02,0
9788,2008.68,15,2231,0,0,40.33,0
9789,4818.56,5,1529,0,1,29.29,0
9790,2260.7,21,1521,0,1,1.88,0
9791,5124.66,23,2257,1,1,38.51,0
9792,351.21,17,597,3,0,22.84,0
9793,7103.03,10,2619,2,0,21.45,0
9794,3082.54,11,1668,3,1,0.19,0
9795,9093.07,5,2377,2,1,45.62,0
9796,6107.45,12,1525,4,0,34.33,1
9797,2650.19,14,1424,3,1,6.65,0
9798,4516.41,9,605,1,0,36.33,0
9799,2005.0,21,2026,3,1,63.73,0
9800,4220.84,21,2222,3,0,7.48,0
9801,555.09,13,1476,0,0,1.31,0
9802,4149.26,13,355,1,0,0.66,0
9803,2076.77,19,1038,1,2,21.82,0
9804,1423.29,4,1364,1,1,10.56,0
9805,3243.03,11,2644,1,2,42.32,0
9806,569.6,14,1847,1,2,32.26,0
9807,813.22,17,2787,3,2,28.81,0
9808,3735.49,5,176,0,1,25.91,0
9809,1804.26,10,2075,3,0,4.96,0
9810,415.33,20,595,0,1,0.04,0
9811,2344.69,19,1400,4,0,43.7,0
9812,2245.81,17,2592,1,1,13.16,0
9813,714.88,23,654,1,0,36.62,0
9814,1719.09,18,572,2,0,24.83,0
9815,445.42,6,2840,1,0,24.77,0
9816,436.14,12,335,0,0,0.86,0
9817,24.53,13,459,1,1,0.1,0
9818,568.25,16,2229,2,0,0.69,0
9819,2998.32,1,2129,2,0,41.46,0
9820,1359.21,3,2358,4,1,47.7,0
9821,5019.53,0,1044,2,0,7.72,0
9822,14068.59,17,2723,2,0,20.62,0
9823,3881.66,5,929,1,0,31.18,0
9824,3049.97,21,2908,2,0,12.41,0
9825,368.94,10,2004,2,2,32.15,0
9826,505.81,3,1334,1,1,2.91,0
9827,205.97,23,1530,1,0,13.87,0
9828,485.98,17,1618,0,0,40.11,0
9829,1097.48,16,2691,4,0,3.2,0
9830,5304.05,12,898,2,0,12.44,0
9831,404.73,18,1439,3,0,24.93,0
9832,5189.82,23,1672,2,0,18.85,0
9833,1141.44,22,436,0,0,27.85,0
9834,9519.25,7,2624,4,1,1.96,0
9835,2869.43,20,1859,2,2,10.59,0
9836,4679.32,4,2843,1,0,1.91,1
9837,4497.03,6,2934,1,0,3.49,0
9838,1366.61,0,2067,3,1,53.98,0
9839,1879.37,3,2029,1,1,17.62,0
9840,1635.22,4,296,1,0,10.45,1
9841,6946.5,22,1256,0,0,16.29,0
9842,166.9,7,1664,4,1,3.52,0
9843,4838.66,9,858,1,0,11.21,0
9844,1046.13,17,2615,3,0,75.32,1
9845,5568.13,3,783,1,1,13.15,0
9846,1980.89,0,67,2,0,70.16,0
9847,6363.44,0,1212,1,0,27.39,0
9848,176.21,3,849,5,0,3.69,0
9849,9820.33,5,2788,1,0,15.38,0
9850,2482.98,2,275,3,0,18.33,0
9851,9106.17,8,1854,2,0,15.89,0
9852,4132.62,3,1729,0,0,12.66,0
9853,4268.76,11,2710,1,0,9.27,0
9854,834.18,12,44,4,2,33.36,0
9855,439.56,22,2448,3,2,11.16,0
9856,2394.7,9,1406,1,1,7.75,0
9857,953.67,12,1536,3,0,28.41,0
9858,6651.14,6,1245,3,1,9.73,0
9859,300.64,13,2537,2,1,11.04,0
9860,2108.96,18,1960,3,0,17.0,0
9861,2130.83,20,2519,1,4,22.92,0
9862,1141.3,18,172,1,1,8.57,0
9863,4338.94,21,2013,1,0,13.18,0
9864,2838.65,1,2048,0,0,5.46,0
9865,4839.89,10,1440,1,1,37.99,0
9866,941.9,0,1048,3,0,11.01,0
9867,17749.14,22,1940,2,1,22.81,0
9868,206.64,12,2208,3,2,27.66,0
9869,4572.02,3,1732,3,1,15.45,0
9870,3252.63,22,2405,5,0,4.03,0
9871,707.98,19,1438,4,0,31.12,0
9872,635.08,21,2009,1,0,3.04,0
9873,1391.53,0,1557,3,0,6.51,0
9874,929.09,1,1997,1,0,13.61,0
9875,6760.83,2,1946,2,0,9.98,0
9876,467.99,8,2228,1,0,4.46,0
9877,1015.52,2,340,4,0,42.63,1
9878,5351.63,7,2967,1,0,15.76,0
9879,3408.88,22,2586,2,0,2.6,0
9880,194.92,3,1863,1,0,20.55,0
9881,3298.19,12,1382,0,0,14.33,0
9882,1287.87,7,2473,4,0,22.96,0
9883,7974.17,15,141,0,1,8.34,0
9884,233.0,10,1269,1,0,27.49,0
9885,2290.54,17,2884,3,1,15.64,0
9886,1778.39,14,888,2,1,23.1,0
9887,6118.42,19,1682,1,0,8.52,0
9888,3733.87,3,43,1,0,3.63,0
9889,1233.92,21,526,4,0,0.59,0
9890,2636.5,18,2766,3,3,14.15,0
9891,559.42,0,2074,1,0,37.23,0
9892,3897.25,14,284,1,0,4.64,0
9893,816.43,16,743,1,0,26.01,0
9894,2628.07,14,1126,1,0,39.04,0
9895,1274.87,22,2315,4,1,23.25,0
9896,207.14,12,2195,3,2,7.1,0
9897,3257.8,20,2967,3,1,29.3,0
9898,410.01,1,1038,2,1,5.5,0
9899,647.53,18,482,1,0,10.91,0
9900,3600.25,22,2117,3,2,16.91,0
9901,3259.83,15,713,1,0,24.88,0
9902,617.01,14,1202,3,1,4.91,0
9903,2843.55,5,164,4,2,12.46,0
9904,4926.62,9,2463,2,0,25.65,0
9905,79.46,10,1748,0,3,38.14,1
9906,2354.88,3,2814,2,0,10.5,1
9907,1810.43,4,315,3,1,2.18,0
9908,5227.17,6,1975,0,0,1.95,0
9909,1145.6,15,1021,3,0,11.97,0
9910,3461.46,0,1587,3,0,28.66,1
9911,723.78,23,2679,1,0,52.42,0
9912,507.67,5,1544,3,0,16.69,0
9913,1456.5,1,1239,1,0,0.67,1
9914,1316.49,5,916,1,1,8.26,0
9915,85.3,10,2798,3,0,18.45,0
9916,6620.93,18,2021,2,0,19.51,0
9917,938.57,7,2924,1,1,42.69,0
9918,3181.35,14,2871,2,0,26.51,0
9919,221.04,3,416,3,1,17.46,0
9920,695.16,5,571,3,0,6.33,0
9921,943.49,4,2479,1,0,33.27,0
9922,895.54,18,97,4,0,20.42,0
9923,429.88,14,2033,3,0,19.27,0
9924,918.33,11,2863,3,0,1.97,0
9925,8390.32,13,85,3,0,6.56,0
9926,2075.29,22,2152,2,0,4.12,0
9927,1922.76,22,1509,1,1,4.74,0
9928,163.9,20,2227,2,0,15.26,0
9929,950.14,3,1715,2,1,17.44,0
9930,4006.14,15,138,0,1,4.3,0
9931,3658.9,8,1788,2,0,21.98,0
9932,10010.55,17,2876,3,1,15.3,0
9933,5329.29,13,275,3,1,12.47,0
9934,1674.34,2,358,1,1,9.51,0
9935,6833.04,8,2723,1,0,30.13,0
9936,3307.72,11,1945,4,0,53.57,0
9937,1481.44,12,2078,2,0,33.73,0
9938,2545.65,7,564,1,0,12.1,0
9939,536.65,3,99,1,0,31.74,0
9940,2403.28,5,354,3,0,40.97,0
9941,3332.49,18,766,1,3,20.3,0
9942,853.24,21,805,1,0,26.83,0
9943,3553.93,14,2703,3,1,8.25,0
9944,4597.3,17,1530,1,0,14.5,0
9945,2490.48,17,1078,3,0,27.39,0
9946,1748.68,15,274,1,0,37.57,0
9947,1912.95,21,760,3,1,26.17,0
9948,2589.05,18,1693,4,1,10.26,0
9949,5974.13,3,2293,6,1,12.55,0
9950,407.88,1,952,1,2,10.58,0
9951,5630.47,6,604,5,0,28.81,0
9952,4996.34,9,546,2,3,28.07,0
9953,30.81,23,2874,4,3,13.62,0
9954,4233.87,12,46,3,0,45.64,0
9955,1265.01,11,246,4,0,53.17,0
9956,1220.54,16,50,1,1,15.78,0
9957,222.12,3,2149,0,1,29.18,0
9958,4591.54,21,1090,2,0,26.5,0
9959,565.02,18,2174,2,1,32.57,0
9960,12778.96,0,1243,2,0,5.5,0
9961,1333.71,4,1309,6,0,14.05,0
9962,3473.79,7,1968,1,0,20.05,1
9963,2816.49,6,773,2,2,42.5,0
9964,507.6,21,1945,0,1,2.32,0
9965,11044.15,15,1961,1,0,1.14,0
9966,2251.62,6,406,0,1,3.33,0
9967,2018.88,5,1589,2,0,6.06,0
9968,4717.68,17,2595,1,0,8.65,0
9969,193.82,20,2218,1,1,11.8,0
9970,1568.6,2,599,1,1,22.18,0
9971,222.42,21,521,0,0,1.97,0
9972,6189.3,16,596,2,0,29.19,0
9973,10343.09,2,1957,3,1,17.68,1
9974,9939.33,16,298,3,0,8.5,0
9975,4539.79,18,675,3,1,8.76,0
9976,88.78,7,2568,2,1,33.35,0
9977,649.85,13,2563,2,1,44.83,0
9978,1331.38,11,924,2,1,2.96,0
9979,6027.54,8,1665,1,1,9.46,0
9980,3887.82,1,1769,2,1,1.71,0
9981,435.19,1,1313,1,2,13.45,0
9982,1019.12,12,114,1,2,9.16,0
9983,1427.15,6,2752,5,1,17.32,0
9984,434.52,23,1531,3,0,10.61,0
9985,2607.22,12,1843,1,1,6.14,0
9986,523.2,19,921,1,0,39.94,0
9987,1996.15,23,522,0,0,20.95,0
9988,9107.55,15,2519,1,0,10.2,0
9989,4600.72,16,1666,1,0,18.73,0
9990,275.37,20,2603,1,0,22.22,0
9991,2666.87,5,989,0,1,6.62,0
9992,34.25,19,2136,3,1,65.22,0
9993,4223.19,9,2037,2,0,4.11,0
9994,2154.59,2,1773,1,2,34.19,1
9995,7195.38,19,127,3,1,20.11,0
9996,7135.15,13,272,3,1,9.33,0
9997,735.12,17,348,2,0,2.4,0
9998,1643.04,22,597,3,1,31.13,0
9999,696.45,20,164,4,2,44.73,0
10000,2009.24,11,1137,4,0,37.06,1
10001,2246.2,12,1151,0,1,22.27,0
10002,3120.07,14,2664,4,0,49.73,0
10003,2057.28,10,1244,1,0,31.06,0
10004,618.13,17,2480,1,0,2.79,0
10005,423.63,10,1263,3,0,6.17,0
10006,1030.06,15,2095,0,0,31.9,0
10007,3195.82,15,1582,6,0,2.32,0
10008,3357.49,22,2415,3,0,8.26,0
10009,14052.17,22,2295,1,0,21.52,0
10010,1159.07,21,2479,3,1,28.16,0
10011,814.89,19,2708,3,0,23.22,0
10012,1869.11,18,563,2,0,3.02,0
10013,3796.88,15,1381,3,0,58.79,0
10014,3410.93,2,2833,2,1,26.76,0
10015,412.04,15,1403,4,0,6.34,0
10016,469.3,17,2118,1,0,16.59,0
10017,1344.71,19,2587,0,0,5.31,0
10018,1078.71,2,1031,2,0,19.96,0
10019,7235.33,20,1099,1,0,28.23,0
10020,3121.52,8,1184,2,0,47.42,0
10021,1828.26,19,2104,4,2,8.96,0
10022,3052.66,7,1283,2,0,7.07,0
10023,2949.07,10,981,3,0,5.55,0
10024,561.84,18,784,1,0,1.19,1
10025,1041.85,11,1255,3,0,42.8,1
10026,2904.78,6,1373,3,0,6.68,0
10027,4196.72,16,2770,1,0,13.45,0
10028,1734.73,13,1141,4,0,31.63,0
10029,4163.89,8,2449,1,0,40.41,0
10030,3954.4,13,2744,1,0,27.45,0
10031,866.65,21,772,2,1,6.24,0
10032,255.8,19,571,2,0,7.05,0
10033,1248.04,22,1209,1,0,1.01,0
10034,6221.46,6,2815,3,1,37.1,0
10035,741.56,21,1481,0,0,9.45,0
10036,6762.71,22,2224,0,2,11.51,0
10037,3939.83,17,1316,1,0,18.59,0
10038,2663.18,6,1896,4,1,5.04,0
10039,2864.67,18,2131,2,0,9.1,0
10040,1310.37,5,481,2,0,16.81,0
10041,906.28,23,2961,1,1,22.39,0
10042,7126.66,9,2616,4,1,18.84,0
10043,3658.47,7,843,1,1,3.28,0
10044,1741.3,19,2595,3,1,42.27,0
10045,1414.46,10,750,3,0,3.67,0
10046,1808.34,20,2036,2,2,17.8,0
10047,2823.77,11,1007,1,0,7.72,0
10048,3005.22,12,1984,2,0,29.15,1
10049,5328.32,22,1109,1,2,6.57,0
10050,3726.85,18,1881,1,0,20.86,0
10051,1029.09,17,1399,1,0,25.35,0
10052,2296.08,4,1044,2,1,23.17,0
10053,8930.62,19,296,1,0,18.47,0
10054,3053.76,8,510,5,0,16.09,0
10055,7023.31,12,2256,1,1,27.07,0
10056,197.72,12,14,0,1,7.27,1
10057,2511.76,2,774,3,1,12.56,0
10058,2316.47,8,2028,1,0,13.11,0
10059,9.51,14,2256,4,0,26.91,0
10060,3926.99,18,1135,3,1,6.11,0
10061,956.87,16,2325,4,0,29.51,0
10062,456.3,13,816,0,1,45.23,0
10063,1236.08,8,209,2,0,59.16,0
10064,178.79,13,2573,2,2,37.55,0
10065,9899.7,15,2439,3,1,3.2,0
10066,1232.97,3,1952,0,1,10.16,1
10067,666.27,13,1585,4,0,21.88,0
10068,1371.54,10,490,3,1,30.81,0
10069,63.71,4,742,0,0,11.59,0
10070,16057.01,3,1481,1,1,21.37,0
10071,1016.87,1,169,0,0,10.99,0
10072,1984.74,2,1137,1,0,50.51,0
10073,14475.54,3,2247,2,0,27.9,1
10074,6431.29,17,1100,2,0,56.61,0
10075,2387.35,4,393,4,2,32.92,0
10076,3444.67,23,2813,2,2,22.09,0
10077,5040.34,13,840,4,0,8.5,0
10078,4163.54,1,2705,1,2,0.67,0
10079,1900.95,18,246,1,0,20.71,0
10080,10641.79,0,457,0,0,16.16,0
10081,981.21,10,2558,2,1,26.46,0
10082,4884.9,23,1136,2,0,9.42,0
10083,688.51,9,1761,3,1,56.42,0
10084,3498.37,7,945,3,2,35.12,1
10085,5788.07,7,2533,2,0,38.24,0
10086,1157.1,19,2338,0,0,16.14,0
10087,1884.61,8,2264,2,1,28.11,0
10088,4776.67,11,969,0,0,14.75,0
10089,360.51,4,95,2,0,30.43,0
10090,4499.08,17,2393,1,0,6.37,0
10091,3634.86,10,901,2,0,33.6,0
10092,8659.64,5,1570,2,0,34.59,0
10093,7669.62,6,2219,1,0,0.85,0
10094,514.53,19,72,1,1,50.69,0
10095,1626.42,5,374,0,0,48.1,0
10096,206.12,18,2516,1,1,43.55,0
10097,1012.01,8,1992,1,2,33.28,0
10098,947.14,3,392,1,0,28.88,0
10099,1457.71,7,1665,0,1,12.06,0
10100,1278.54,7,992,4,0,26.79,0
10101,2648.19,14,2497,2,0,22.29,0
10102,7995.71,5,711,3,0,37.14,0
10103,6742.4,7,1145,2,0,22.16,0
10104,3155.26,3,13,1,0,21.08,0
10105,8790.5,7,2750,4,0,26.05,0
10106,5044.02,9,1783,0,0,1.78,0
10107,1188.86,18,2457,1,0,11.97,0
10108,2541.0,12,1828,2,0,36.83,0
10109,4975.73,6,952,0,0,15.52,0
10110,228.7,3,336,1,0,1.31,0
10111,2149.69,13,2919,4,0,57.59,0
10112,608.4,14,1813,4,2,35.34,0
10113,6154.62,4,1575,1,1,6.08,1
10114,960.22,19,1558,3,0,6.29,0
10115,2885.18,0,2218,1,0,10.97,0
10116,2186.56,8,841,2,0,19.0,0
10117,3428.43,21,2014,3,0,5.8,0
10118,870.34,13,2147,1,1,49.01,0
10119,2228.79,10,1320,1,0,10.7,0
10120,1380.26,0,2045,1,0,24.49,0
10121,2770.18,16,2522,2,0,54.24,0
10122,2237.54,12,1812,0,1,1.64,0
10123,1482.45,19,842,1,0,24.32,0
10124,9875.79,11,592,3,0,18.59,0
10125,1675.24,22,317,3,0,23.01,0
10126,648.61,19,2863,3,0,9.1,0
10127,6710.86,21,1547,2,1,4.54,0
10128,705.18,5,1655,3,0,26.82,0
10129,2028.32,6,893,3,2,13.54,0
10130,560.37,10,1447,0,1,29.96,0
10131,854.1,12,1123,3,0,24.72,0
10132,3794.3,7,2929,2,2,30.02,0
10133,1564.26,9,946,4,0,42.66,0
10134,815.04,12,2460,1,0,19.2,0
10135,10191.41,15,100,1,1,38.89,0
10136,1117.54,21,2308,0,0,6.39,0
10137,1830.36,7,2644,1,0,21.74,0
10138,927.14,22,265,1,0,18.01,0
10139,18837.2,14,2921,3,0,47.51,0
10140,5212.13,0,1593,2,0,47.3,1
10141,1166.26,18,1414,4,1,7.85,0
10142,8709.35,11,1561,0,1,1.93,0
10143,4876.77,0,2011,1,0,21.93,1
10144,7569.62,13,2967,1,0,12.59,0
10145,2812.95,14,1738,2,0,36.73,0
10146,440.12,2,1792,1,1,16.66,0
10147,4578.22,8,1427,3,0,37.82,0
10148,659.68,7,1103,3,0,8.63,0
10149,3352.75,11,1065,3,1,0.32,1
10150,929.55,15,648,2,1,30.48,0
10151,1550.05,5,898,2,0,49.26,0
10152,8528.3,18,2642,3,0,30.52,0
10153,2307.07,16,2454,4,0,23.72,0
10154,1690.98,16,802,2,2,2.56,0
10155,7443.81,1,1563,1,0,12.47,0
10156,1662.06,11,197,2,1,46.9,0
10157,10807.22,7,369,3,1,16.04,0
10158,6262.87,22,651,3,1,8.17,0
10159,7252.0,2,2521,0,1,44.7,0
10160,5751.6,22,2265,2,0,21.73,0
10161,1024.13,1,1026,5,0,69.37,0
10162,3149.21,2,2152,2,2,21.42,0
10163,963.11,8,1856,2,1,20.85,0
10164,3379.3,4,1201,2,0,39.37,0
10165,749.97,4,1786,2,1,9.28,0
10166,445.84,8,762,1,0,46.28,0
10167,3890.99,7,1678,1,0,20.98,0
10168,2519.33,9,683,2,0,0.73,0
10169,8104.96,16,274,6,0,5.18,0
10170,671.26,7,378,1,0,30.72,0
10171,4311.53,19,214,1,0,37.15,0
10172,6719.08,18,2682,2,1,18.16,0
10173,788.98,23,721,5,0,30.22,0
10174,1065.41,9,2245,5,0,4.2,0
10175,1805.79,15,1734,0,0,16.51,0
10176,3787.77,5,968,1,0,16.96,0
10177,1131.5,0,801,5,2,29.75,0
10178,149.45,19,2919,1,0,9.44,0
10179,892.69,2,276,2,0,12.48,0
10180,303.8,3,1103,1,1,1.04,0
10181,5361.79,5,2188,4,0,39.18,0
10182,2878.72,3,1895,7,0,39.22,1
10183,5052.39,17,1512,0,0,2.9,0
10184,459.15,23,733,1,0,32.03,0
10185,1967.45,4,2186,1,0,19.1,0
10186,914.1,5,1007,2,0,0.66,0
10187,2697.36,0,1334,3,0,35.91,0
10188,1464.43,5,1116,2,0,25.48,0
10189,299.33,16,85,3,1,25.95,0
10190,5440.42,16,2067,1,1,31.94,0
10191,1687.12,1,1614,2,2,9.79,0
10192,2833.2,4,685,4,0,17.92,0
10193,4520.25,1,1922,2,1,7.75,0
10194,418.35,4,542,2,0,8.68,0
10195,21524.87,7,2495,2,0,26.16,0
10196,8726.31,11,2351,2,1,8.53,0
10197,6177.01,8,1895,4,0,9.26,0
10198,1312.79,7,1864,3,0,47.06,0
10199,10656.01,5,2910,1,1,11.73,0
10200,3624.31,3,2923,1,0,53.96,0
10201,1699.22,7,664,3,3,25.94,0
10202,224.6,20,2483,1,1,37.7,0
10203,273.19,1,275,2,0,4.37,0
10204,400.08,12,557,2,0,38.32,0
10205,653.78,0,1177,2,0,6.89,0
10206,160.2,14,2167,2,0,9.49,0
10207,2057.86,15,2776,1,0,28.64,0
10208,4176.14,12,2255,1,1,0.78,0
10209,328.61,17,2975,2,1,28.57,0
10210,1996.68,12,2151,2,0,2.78,0
10211,5809.63,14,2652,1,0,24.96,0
10212,3546.49,16,1450,1,1,33.84,0
10213,4525.36,19,2366,2,0,31.74,0
10214,5347.79,22,1660,2,0,0.4,0
10215,1275.29,8,2145,2,1,25.84,0
10216,4789.83,13,684,2,0,5.33,0
10217,878.39,16,2047,3,1,29.63,0
10218,3747.36,4,150,2,0,6.16,0
10219,7635.43,6,301,2,0,39.94,0
10220,614.07,19,1506,3,0,20.78,0
10221,686.79,9,474,3,0,34.73,0
10222,112.12,19,1690,1,0,49.1,0
10223,8408.02,12,1540,1,1,11.33,0
10224,1206.91,9,1531,3,0,30.83,1
10225,5825.76,0,1289,2,0,19.51,0
10226,500.94,15,814,0,2,14.07,0
10227,10403.09,0,883,0,0,6.13,0
10228,1299.26,13,2616,4,1,11.7,0
10229,1224.59,4,1843,0,0,2.84,0
10230,11872.64,18,573,2,0,9.0,0
10231,4428.16,20,1237,2,0,9.24,0
10232,943.98,12,1002,2,0,19.66,0
10233,244.15,4,68,2,0,8.34,0
10234,2168.98,7,1799,2,3,14.9,0
10235,2088.57,8,1994,2,0,26.3,0
10236,6179.25,12,1911,4,0,4.53,0
10237,4687.03,22,1906,1,1,14.39,0
10238,4089.79,11,839,1,1,21.34,0
10239,138.35,14,535,1,1,12.36,0
10240,4217.91,13,211,1,2,19.39,0
10241,60.52,7,597,2,0,7.14,0
10242,250.09,20,415,2,0,16.95,0
10243,922.27,9,1533,1,0,6.8,0
10244,3974.08,1,1436,0,0,18.95,0
10245,1116.34,14,1584,1,0,9.28,0
10246,4860.17,20,1776,2,0,49.13,0
10247,624.05,2,2451,4,0,20.28,0
10248,1421.76,9,1454,3,0,15.81,0
10249,3718.25,16,2260,3,0,9.02,0
10250,2474.83,15,166,3,0,28.21,0
10251,1569.18,15,278,5,1,17.8,0
10252,407.8,11,1358,0,0,26.85,0
10253,5894.78,6,1272,3,1,12.49,0
10254,3687.07,16,680,4,0,26.31,0
10255,1945.59,0,415,4,0,2.22,0
10256,6588.07,4,2913,3,0,17.46,0
10257,3243.55,17,1105,2,0,4.81,0
10258,5696.66,1,102,3,0,36.35,0
10259,6579.63,16,896,2,0,16.84,0
10260,3244.11,20,2135,4,0,1.11,0
10261,843.65,11,99,2,0,6.82,0
10262,1049.68,14,1653,1,0,4.44,0
10263,3850.9,10,2511,5,1,21.98,0
10264,2620.01,14,1422,0,0,27.36,0
10265,2935.93,19,1338,2,1,49.67,0
10266,8362.64,9,1508,3,0,58.76,0
10267,47.43,1,2118,1,0,27.98,0
10268,3.96,18,506,2,0,29.0,0
10269,2047.05,14,1997,0,0,9.09,0
10270,2854.59,13,2106,2,2,33.04,1
10271,265.82,1,2730,1,0,16.26,0
10272,2630.13,17,2985,2,1,17.18,0
10273,5981.37,23,2320,0,1,1.2,0
10274,2324.4,16,276,5,0,11.96,0
10275,505.46,4,1548,2,0,43.46,0
10276,1381.5,10,2706,3,0,30.82,0
10277,1794.69,22,1802,3,1,13.38,0
10278,2781.16,23,2960,2,2,42.84,0
10279,2966.85,20,1095,1,2,36.15,0
10280,224.62,4,583,2,1,16.16,0
10281,2678.71,6,382,0,0,19.04,0
10282,1084.21,19,1573,2,1,15.48,0
10283,3154.68,8,1616,2,1,22.54,0
10284,770.97,7,172,4,0,8.18,0
10285,560.98,1,1241,1,0,17.42,0
10286,2966.45,0,545,2,0,31.27,0
10287,8365.83,6,1714,2,1,30.95,0
10288,720.54,18,794,1,1,29.22,0
10289,1318.94,13,622,3,0,13.74,0
10290,8835.67,13,2241,2,1,13.84,0
10291,2940.19,18,1046,1,0,4.41,0
10292,1728.84,6,3,4,1,27.75,0
10293,959.57,2,670,0,1,4.62,0
10294,3488.96,1,1088,4,0,12.48,0
10295,8828.68,23,1977,1,3,7.47,0
10296,1878.84,2,898,0,1,26.19,0
10297,7927.9,14,679,4,0,3.0,0
10298,3449.42,21,2022,1,0,12.54,0
10299,2146.89,3,328,1,0,13.35,0
10300,3068.43,21,1883,2,0,11.14,0
10301,3019.45,10,2527,7,0,13.1,0
10302,6643.72,23,1525,2,0,6.85,0
10303,6561.07,15,1058,1,0,26.76,0
10304,2120.87,18,2288,0,1,10.26,0
10305,4212.48,17,1355,0,0,57.05,0
10306,5082.43,20,2724,0,0,8.12,0
10307,3860.18,10,2158,1,1,2.06,0
10308,4977.84,4,2736,0,0,5.66,1
10309,137.49,21,2936,4,1,61.08,0
10310,2252.95,18,2131,2,0,30.63,0
10311,2596.56,21,1143,2,1,23.43,0
10312,3651.17,19,1005,2,0,9.03,0
10313,5505.64,7,92,0,0,43.62,0
10314,647.05,13,1980,2,0,31.86,0
10315,500.62,8,1345,1,1,10.81,0
10316,4288.66,16,1232,3,1,35.65,0
10317,4960.43,15,2967,4,0,7.88,0
10318,241.66,12,211,2,0,36.33,0
10319,6012.31,18,1231,1,2,17.44,0
10320,2664.97,8,437,1,0,0.7,0
10321,1252.28,4,2274,1,0,8.62,0
10322,2136.59,7,897,0,1,18.16,0
10323,995.76,7,1902,2,1,1.06,0
10324,12065.83,4,404,3,1,3.12,0
10325,651.34,22,2221,2,1,33.6,0
10326,4421.58,16,1487,1,2,7.51,0
10327,337.12,13,1638,6,0,4.6,0
10328,1240.78,13,2321,1,0,31.54,0
10329,892.35,10,1226,1,1,25.8,0
10330,1002.78,2,994,2,1,20.33,0
10331,2468.95,5,2553,0,0,30.62,0
10332,716.37,15,2716,0,0,7.06,0
10333,109.11,2,1286,4,0,2.73,0
10334,4163.43,1,1785,2,0,2.01,1
10335,1759.96,12,1771,1,0,32.58,0
10336,1666.82,4,1697,3,1,7.67,0
10337,282.43,15,126,0,0,26.36,0
10338,1839.32,10,1518,0,1,31.93,0
10339,2467.1,3,1262,0,0,24.28,1
10340,1916.12,7,1993,2,0,25.43,0
10341,896.6,15,1624,5,0,12.01,0
10342,1505.95,18,877,4,0,4.35,0
10343,10705.25,12,1762,0,1,29.84,0
10344,4324.33,7,1174,0,1,0.03,0
10345,367.87,7,2501,2,1,6.98,0
10346,669.2,5,1377,2,0,11.78,0
10347,5732.93,5,2450,2,0,18.2,0
10348,923.84,10,2431,1,0,25.35,0
10349,1142.85,12,340,4,1,21.74,0
10350,2869.41,3,337,1,0,46.24,0
10351,6683.29,2,35,3,1,15.2,0
10352,1035.71,4,2214,1,0,16.85,0
10353,531.44,13,2018,3,0,1.59,0
10354,3337.23,2,2857,3,0,6.54,1
10355,12036.04,20,623,2,1,10.39,0
10356,1300.49,1,9,5,1,21.79,1
10357,156.01,15,728,3,0,38.06,0
10358,1467.65,1,547,0,1,30.26,0
10359,1417.46,9,1503,2,0,10.7,0
10360,6214.68,21,2809,3,1,25.83,0
10361,2238.4,22,1464,4,1,37.03,0
10362,726.53,21,2343,4,1,22.36,0
10363,4928.78,2,166,5,0,21.57,0
10364,662.12,5,1269,0,0,7.9,0
10365,6268.01,10,410,2,0,6.91,0
10366,11980.57,1,2388,1,0,2.79,0
10367,4475.15,2,162,3,0,10.31,0
10368,3469.68,19,1,2,0,25.31,0
10369,1633.83,6,697,0,1,10.29,0
10370,9044.54,12,2009,1,0,8.69,0
10371,1268.76,3,1095,2,0,3.79,0
10372,10120.76,18,1194,5,1,27.64,0
10373,3838.38,19,2155,1,0,28.17,0
10374,3565.96,2,2510,4,0,19.64,0
10375,185.69,9,568,1,0,24.2,0
10376,1595.25,2,1894,1,0,20.6,0
10377,8083.02,19,1065,2,0,2.54,0
10378,4537.31,5,2636,1,0,38.97,0
10379,2474.7,22,2109,1,0,27.79,0
10380,3578.09,3,2034,3,0,37.4,0
10381,280.85,19,917,3,0,14.91,0
10382,403.49,22,1163,1,2,30.86,0
10383,902.3,1,1612,3,0,26.11,0
10384,539.07,10,2724,2,1,8.08,0
10385,137.82,5,2847,2,0,31.99,0
10386,694.64,15,1854,3,0,39.56,0
10387,656.09,11,2085,1,2,5.22,0
10388,7954.41,9,1203,2,1,2.42,0
10389,1272.75,20,2891,3,0,6.37,0
10390,2025.83,12,1713,3,1,22.05,0
10391,9515.74,7,1267,1,0,0.55,0
10392,3438.48,21,1338,1,0,5.87,0
10393,86.16,6,986,0,1,26.25,0
10394,1883.14,14,610,2,0,7.96,0
10395,3714.94,22,636,2,0,12.58,0
10396,3327.27,1,326,2,0,27.0,0
10397,3915.8,1,2408,1,0,6.19,0
10398,661.42,3,605,1,0,2.21,0
10399,582.19,3,1839,3,4,4.11,1
10400,2006.1,4,612,2,1,22.31,0
10401,2320.61,23,301,2,0,5.69,0
10402,2702.15,9,1363,5,0,4.36,0
10403,4107.56,22,1311,2,0,26.42,0
10404,807.42,18,980,3,1,5.36,0
10405,476.01,22,1973,1,1,38.79,0
10406,1532.52,13,1679,4,2,4.74,0
10407,451.85,3,2640,1,0,29.32,0
10408,1403.49,21,2752,0,2,7.87,0
10409,328.42,17,2988,1,1,18.08,0
10410,3551.87,18,1240,1,0,30.26,0
10411,1570.19,22,860,0,0,3.14,0
10412,1025.61,15,2688,0,0,26.54,0
10413,1081.98,1,1492,5,2,37.63,0
10414,51.54,5,1601,1,0,2.2,0
10415,702.84,6,1414,4,1,64.97,0
10416,4944.4,2,201,1,1,24.7,0
10417,1642.33,1,1033,1,1,9.69,0
10418,1894.01,12,765,4,2,11.54,0
10419,523.74,15,1899,2,0,45.64,0
10420,708.1,21,1629,2,0,53.21,0
10421,2400.74,22,1326,1,0,51.9,0
10422,1106.88,14,545,3,0,3.58,0
10423,1903.37,10,2898,2,1,21.6,0
10424,92.51,13,2697,5,1,62.29,0
10425,1239.72,10,2321,1,1,12.61,0
10426,1220.26,22,754,2,1,20.5,0
10427,6508.84,0,673,6,0,4.01,0
10428,4765.65,8,1704,0,0,7.64,0
10429,1387.0,2,1995,4,1,12.73,1
10430,635.24,10,607,1,0,1.39,0
10431,399.03,1,575,0,1,6.73,0
10432,1627.38,7,2101,2,0,18.63,0
10433,319.82,19,2029,2,0,10.95,0
10434,1785.97,8,829,3,1,21.14,0
10435,195.19,23,740,4,0,43.06,0
10436,7552.1,13,158,0,1,38.31,0
10437,5721.37,0,2587,2,1,24.03,0
10438,2675.31,11,2914,1,0,9.61,0
10439,641.28,10,2519,2,0,10.75,0
10440,2311.2,11,1382,1,2,25.2,0
10441,10792.12,0,429,1,0,14.18,0
10442,989.28,15,2053,3,4,20.76,0
10443,10469.71,6,865,5,0,30.61,0
10444,1540.49,4,1362,3,0,40.21,0
10445,1046.18,21,2698,0,1,16.38,0
10446,2960.93,23,2069,0,0,17.91,0
10447,336.7,8,2175,3,0,0.39,0
10448,220.93,12,2166,3,0,5.27,0
10449,323.45,18,2509,1,0,38.31,0
10450,387.04,19,806,4,0,8.83,0
10451,2356.29,13,2996,1,1,2.04,0
10452,3476.07,1,1864,4,0,0.38,0
10453,5273.0,23,2421,1,0,9.7,0
10454,3549.97,17,1189,3,1,30.85,0
10455,1179.36,17,1870,4,0,14.76,0
10456,389.3,1,1166,0,0,9.61,0
10457,5049.31,10,74,2,1,31.13,0
10458,8011.75,13,2414,3,0,13.02,0
10459,1496.82,20,258,2,2,16.67,0
10460,2239.77,15,1710,3,0,20.31,0
10461,1377.89,14,2494,6,1,9.39,0
10462,267.8,18,946,1,1,16.3,0
10463,486.53,10,2421,3,0,37.84,0
10464,2191.27,7,1841,4,0,22.62,0
10465,4589.48,8,1230,1,1,10.65,0
10466,1356.45,20,159,2,1,3.45,0
10467,1580.57,7,2738,0,2,0.56,0
10468,13258.31,18,1041,2,0,17.87,0
10469,775.56,12,1087,2,0,18.99,0
10470,969.13,0,2174,2,1,27.46,0
10471,7701.59,7,167,4,0,12.35,0
10472,396.21,7,1841,3,0,14.1,0
10473,1822.97,7,1627,4,0,13.77,0
10474,1793.25,0,1762,1,0,10.54,0
10475,10182.68,1,312,3,0,9.67,0
10476,8180.96,8,2193,1,0,2.42,0
10477,1240.65,17,1708,0,0,38.16,0
10478,3240.96,0,2056,2,0,30.12,0
10479,485.41,23,2622,2,0,12.2,0
10480,7554.17,9,2459,0,0,12.5,0
10481,844.05,21,210,1,1,41.32,0
10482,2196.12,15,2377,2,0,23.0,0
10483,11902.72,6,2188,1,0,35.27,0
10484,2100.63,21,2263,2,0,19.62,0
10485,3800.79,9,475,2,0,23.38,0
10486,92.51,7,1594,2,1,12.39,0
10487,3665.49,17,2973,3,2,1.45,0
10488,3567.64,10,726,1,1,35.37,0
10489,3392.07,17,2688,1,0,16.08,0
10490,148.04,6,59,1,3,22.36,0
10491,2214.87,21,1760,2,0,16.07,0
10492,5707.18,2,1347,3,0,22.13,0
10493,4009.22,20,1006,5,1,11.85,0
10494,1494.85,15,85,0,1,13.0,0
10495,9364.37,3,532,2,2,15.6,0
10496,5049.74,23,2995,2,0,17.58,0
10497,6286.89,8,693,3,1,16.08,0
10498,6687.57,21,1198,1,0,19.24,0
10499,9639.36,21,1054,1,0,24.29,0
10500,3377.89,13,663,2,1,22.67,0
10501,1217.3,13,836,0,0,18.99,0
10502,11558.79,23,672,3,1,14.74,0
10503,4489.34,11,400,0,1,25.24,0
10504,2925.56,9,1268,3,0,47.32,0
10505,10234.99,17,2833,1,1,19.18,0
10506,965.34,17,2618,4,0,6.69,0
10507,582.17,2,313,0,0,65.65,0
10508,3613.71,4,498,5,0,41.03,0
10509,1310.88,0,982,4,0,17.85,0
10510,800.93,2,1107,7,1,32.18,0
10511,9329.65,5,465,5,1,4.66,0
10512,536.26,14,1383,3,1,38.59,0
10513,2467.08,3,2050,2,1,25.92,0
10514,1158.8,17,1906,0,2,6.68,0
10515,1231.8,16,501,0,3,1.31,0
10516,5626.85,15,2737,0,0,22.15,0
10517,3523.23,19,1140,1,1,1.46,1
10518,6310.16,2,1460,1,0,31.37,0
10519,2207.1,2,1447,2,0,31.53,0
10520,2479.44,5,1589,3,3,26.58,0
10521,3422.38,6,2234,2,0,12.04,0
10522,481.74,8,2971,0,0,14.05,0
10523,8213.6,0,2541,5,0,0.15,0
10524,329.34,2,260,0,0,46.67,0
10525,3263.16,5,598,1,0,8.61,0
10526,4662.51,10,657,1,0,11.59,0
10527,4647.4,16,2825,2,1,50.57,0
10528,5015.39,17,796,2,0,49.94,0
10529,1228.34,15,2587,5,0,1.43,0
10530,4407.84,11,123,1,0,6.14,0
10531,831.96,10,1595,6,1,25.51,0
10532,3230.02,13,425,2,1,11.66,0
10533,2333.32,16,1649,5,0,48.15,0
10534,3206.48,6,687,1,2,24.73,0
10535,991.53,6,2544,3,0,7.41,0
10536,9216.76,20,1981,0,1,35.81,0
10537,2431.75,18,2857,3,1,12.94,0
10538,3179.18,2,929,1,0,37.3,0
10539,926.24,21,2025,2,0,6.0,0
10540,1366.3,17,1876,2,0,18.61,0
10541,4988.73,12,1320,2,0,3.35,0
10542,3507.87,20,1511,2,0,38.56,0
10543,4227.55,6,172,2,0,11.57,0
10544,1198.99,1,1856,2,0,40.73,0
10545,459.46,6,16,6,1,8.85,0
10546,6533.61,18,1456,1,0,26.74,0
10547,2416.46,0,2723,2,0,18.37,0
10548,3066.35,11,2658,1,1,15.69,0
10549,3594.68,10,1703,2,0,3.22,0
10550,3677.58,23,31,4,1,22.65,0
10551,1103.26,10,1899,2,2,3.32,0
10552,495.07,2,550,3,2,28.16,0
10553,1090.69,3,2436,1,0,8.68,0
10554,3599.99,16,2300,0,0,36.31,0
10555,1667.77,3,2429,0,0,57.85,0
10556,581.29,4,1940,0,0,16.82,0
10557,48.01,15,2268,7,1,16.03,0
10558,1672.02,17,2974,2,0,36.8,0
10559,4969.27,10,491,3,1,8.48,0
10560,3295.57,19,134,1,1,18.12,0
10561,4121.7,20,1299,1,1,12.38,0
10562,2756.21,7,1279,1,2,47.11,0
10563,2735.97,17,1744,3,0,16.67,0
10564,1014.05,9,160,0,0,2.74,0
10565,245.46,3,225,3,1,11.7,0
10566,4771.98,9,2724,3,3,8.18,0
10567,326.63,4,2851,0,2,5.3,0
10568,3337.06,8,1555,2,0,44.61,0
10569,2326.81,4,1150,2,3,32.54,1
10570,3955.24,10,1688,3,0,3.67,0
10571,2536.98,2,2175,1,1,6.15,0
10572,5246.47,11,308,3,1,32.54,0
10573,2617.05,15,1264,2,0,17.89,0
10574,315.46,23,1229,2,1,11.74,0
10575,3842.99,13,94,2,1,11.37,0
10576,1277.41,0,1168,0,0,8.98,0
10577,1612.42,10,757,2,0,34.8,0
10578,1240.9,22,382,1,0,43.56,0
10579,3391.0,4,2151,1,0,25.5,0
10580,3389.51,19,2456,1,1,8.06,0
10581,4016.81,3,1485,2,2,3.21,0
10582,2913.43,3,390,1,1,19.04,0
10583,1141.08,8,1368,1,0,43.66,0
10584,412.12,10,507,3,0,29.92,0
10585,792.99,5,2361,1,0,8.39,0
10586,3299.29,6,2385,2,0,41.83,0
10587,714.19,2,949,5,1,39.42,0
10588,6560.3,1,1133,0,0,31.7,0
10589,57.46,9,2254,3,1,6.51,0
10590,1874.23,17,327,1,1,27.05,0
10591,98.94,22,2249,1,0,14.91,0
10592,921.09,18,2829,0,1,33.61,0
10593,10017.71,17,1218,3,0,1.52,0
10594,4876.26,17,2695,3,1,32.25,0
10595,4094.78,9,412,1,0,6.3,0
10596,7602.93,12,167,3,0,7.51,0
10597,4552.21,9,1722,1,1,27.63,0
10598,3659.81,2,2695,5,0,15.64,0
10599,2281.76,10,1103,2,0,0.05,0
10600,500.16,23,214,2,1,13.76,0
10601,3848.66,4,282,0,2,11.42,0
10602,1804.83,3,2410,2,0,17.54,1
10603,2860.58,0,438,4,1,25.27,0
10604,1586.0,15,175,3,1,8.29,0
10605,851.47,15,1480,2,0,34.89,0
10606,7236.29,12,2220,1,0,66.06,0
10607,858.98,3,1083,2,1,4.27,0
10608,3278.36,5,2421,5,0,32.0,0
10609,999.77,17,1015,0,0,33.19,0
10610,618.21,2,1369,1,0,49.84,0
10611,1180.4,5,759,0,0,14.58,0
10612,1893.25,20,2331,1,1,15.74,0
10613,6567.89,22,426,2,1,1.53,0
10614,1163.8,20,69,0,1,60.82,0
10615,1219.97,15,895,2,1,43.35,0
10616,3927.76,23,2901,1,0,2.11,0
10617,2787.77,4,694,4,0,20.53,0
10618,243.94,23,2796,2,1,25.85,0
10619,912.52,16,978,2,0,25.3,0
10620,1224.72,13,22,4,1,10.85,0
10621,3741.64,21,2143,0,0,43.15,0
10622,1840.01,8,2363,2,1,15.08,0
10623,10028.46,23,769,3,0,14.55,0
10624,640.07,15,2243,4,0,3.42,0
10625,788.24,7,244,3,1,3.65,0
10626,1791.56,13,865,2,0,34.49,0
10627,1016.32,19,2732,1,0,8.56,0
10628,133.86,12,789,1,1,12.84,0
10629,469.8,16,1199,2,0,13.5,0
10630,391.37,11,558,4,0,7.13,0
10631,698.68,12,2420,3,2,33.92,0
10632,3688.15,13,2369,1,0,25.67,0
10633,132.84,9,1104,0,2,13.09,0
10634,3430.53,7,2525,1,1,25.7,0
10635,12167.56,3,2896,2,0,21.95,0
10636,65.29,13,1045,3,0,12.76,0
10637,3648.26,20,2480,3,1,35.78,0
10638,7138.32,15,6,1,1,4.65,0
10639,2744.77,3,1662,1,0,18.37,0
10640,4367.06,18,784,4,0,52.14,0
10641,2983.48,23,1037,4,0,5.71,0
10642,4320.34,22,526,1,0,3.38,0
10643,2783.42,18,756,2,0,28.73,0
10644,1249.56,20,2377,1,1,18.15,0
10645,4100.81,3,2749,2,3,5.22,0
10646,1066.08,7,543,0,1,35.79,0
10647,1414.56,22,165,3,1,0.84,0
10648,18.03,7,1024,4,0,4.78,0
10649,3117.09,23,191,1,0,15.3,0
10650,734.53,23,296,1,0,1.26,0
10651,1718.49,21,1617,2,1,15.41,0
10652,7368.47,4,894,2,3,27.85,0
10653,685.09,8,462,0,0,0.97,0
10654,5566.89,18,12,1,0,22.24,0
10655,4427.04,20,861,4,0,19.47,0
10656,461.32,22,454,1,0,37.42,0
10657,5225.04,22,57,0,3,10.64,0
10658,404.53,13,439,2,1,14.76,0
10659,335.31,10,846,4,0,13.29,0
10660,3851.82,14,592,5,1,27.96,0
10661,9212.42,4,2967,2,0,50.13,0
10662,5891.34,20,505,0,0,44.47,0
10663,40.36,11,1332,2,0,49.81,0
10664,4363.11,13,1552,2,0,15.73,0
10665,4917.76,21,2126,0,1,15.24,0
10666,1324.32,21,1127,4,1,43.41,0
10667,552.51,14,2717,1,0,31.94,0
10668,3404.67,6,2602,2,0,33.4,0
10669,782.56,4,847,2,0,25.13,0
10670,2972.22,12,1447,2,1,4.82,0
10671,530.84,6,2728,4,1,21.86,0
10672,3379.11,21,995,3,0,2.0,0
10673,2237.35,15,2003,1,0,28.79,0
10674,3694.18,8,1792,3,0,21.77,0
10675,2055.09,1,1033,2,0,8.05,0
10676,385.8,0,1775,1,1,2.81,0
10677,3018.67,14,650,0,1,13.83,0
10678,5475.44,1,245,5,0,12.06,0
10679,688.93,23,1880,3,0,41.8,0
10680,1659.77,16,1185,3,0,22.14,0
10681,222.99,6,1694,1,0,2.82,0
10682,1408.61,3,1177,1,2,56.97,0
10683,1980.81,4,1161,5,1,35.85,0
10684,1115.85,8,726,2,3,6.83,0
10685,1330.2,13,57,2,0,15.76,0
10686,2607.8,15,2170,2,0,13.82,0
10687,3159.1,2,2403,0,0,51.76,0
10688,2807.13,14,1425,1,0,21.4,0
10689,946.25,9,2639,2,0,21.73,0
10690,107.89,7,1841,2,0,3.55,0
10691,943.59,6,2820,2,1,7.83,0
10692,3342.92,8,1954,3,1,4.11,0
10693,966.98,12,1105,1,0,13.1,0
10694,1876.66,5,1968,4,1,22.95,0
10695,1217.85,7,1795,4,1,38.66,0
10696,2746.16,4,71,1,0,17.73,0
10697,376.69,7,2643,2,1,55.45,0
10698,10584.9,15,1576,4,0,0.99,0
10699,3145.21,7,2260,0,0,20.13,0
10700,8098.43,16,2630,3,0,56.43,0
10701,2832.53,4,450,1,0,8.02,0
10702,1496.0,8,2955,2,0,44.5,0
10703,11205.3,11,2139,2,0,9.71,0
10704,524.31,8,2826,3,1,7.68,0
10705,374.4,3,1114,1,0,9.47,0
10706,1121.94,21,2116,0,1,15.01,0
10707,1407.51,9,1654,0,0,28.7,0
10708,247.83,0,258,1,0,20.62,0
10709,744.38,18,439,1,1,2.13,0
10710,975.45,7,1159,3,1,24.66,0
10711,123.79,8,1001,2,0,11.57,0
10712,835.52,21,2278,1,0,27.72,0
10713,10354.22,19,2353,0,0,34.82,0
10714,2578.52,16,750,2,1,33.09,0
10715,1025.89,20,2036,2,0,2.31,0
10716,4074.76,16,14,4,0,41.4,0
10717,2396.16,4,81,2,0,17.13,0
10718,1277.73,10,2825,2,1,25.28,0
10719,3444.99,17,1720,4,0,1.52,0
10720,2227.74,18,1398,2,1,15.47,0
10721,155.02,0,1971,2,0,17.24,0
10722,4100.09,6,768,1,0,42.53,0
10723,1090.42,3,1255,1,0,2.55,1
10724,529.7,23,1741,2,0,5.78,1
10725,2764.05,8,2851,0,1,15.38,0
10726,5825.18,8,2402,4,1,11.35,0
10727,3400.31,6,2576,2,0,7.03,0
10728,3733.53,12,2744,2,0,22.21,0
10729,4599.8,19,2316,2,0,12.55,0
10730,1154.83,18,1462,3,0,19.13,0
10731,1145.39,3,1557,3,0,8.76,1
10732,2414.56,15,2559,3,0,2.75,0
10733,5406.37,6,1004,2,0,28.77,0
10734,3759.39,10,188,4,0,12.49,0
10735,4456.19,10,1462,4,0,16.24,0
10736,6750.06,15,988,2,0,11.41,0
10737,4072.85,17,1366,3,1,34.67,0
10738,5501.17,15,933,2,1,12.77,0
10739,2118.05,13,2304,2,0,16.57,0
10740,2088.99,0,2826,1,0,6.61,1
10741,2359.38,2,423,1,0,36.53,0
10742,13.92,18,562,1,0,12.3,0
10743,1811.52,7,1683,2,0,28.85,0
10744,6469.73,1,840,2,1,28.84,0
10745,6794.34,14,1690,2,1,21.91,0
10746,1062.17,17,298,0,0,0.68,0
10747,4728.31,3,2790,1,0,28.15,0
10748,386.49,17,1808,1,0,14.49,0
10749,3222.09,22,556,1,0,30.82,0
10750,1680.24,7,879,2,0,22.95,0
10751,4615.86,6,1520,2,1,4.59,0
10752,6036.12,3,150,0,3,11.92,0
10753,159.55,8,48,1,0,18.52,0
10754,1038.84,18,1676,2,0,8.95,0
10755,2645.23,3,1149,3,0,16.64,0
10756,2100.56,20,2412,1,2,32.19,0
10757,2679.05,14,857,5,1,28.79,0
10758,294.2,2,1396,2,0,17.57,0
10759,384.48,7,2506,4,0,14.95,0
10760,7919.76,3,384,1,0,8.36,0
10761,1820.66,8,2451,3,0,16.84,0
10762,4992.34,17,2577,0,0,20.47,0
10763,425.52,7,181,0,1,10.71,1
10764,4721.09,15,2823,2,2,13.15,0
10765,3171.26,8,2217,0,0,17.82,0
10766,4964.42,5,2693,2,0,11.17,0
10767,3145.92,22,2985,2,1,12.69,0
10768,267.77,0,2006,3,0,35.43,1
10769,3046.72,6,1687,5,1,37.74,0
10770,3205.21,10,410,4,1,14.64,0
10771,324.46,2,2064,3,1,34.49,0
10772,5650.79,18,940,3,0,14.96,0
10773,57.92,18,1138,3,0,31.66,0
10774,3362.21,0,1750,1,1,46.79,0
10775,1759.67,22,1430,0,0,38.46,0
10776,2678.57,11,1853,1,1,4.31,0
10777,605.7,17,2851,1,0,24.6,0
10778,3311.25,5,111,1,0,17.39,0
10779,2445.37,23,400,4,0,24.59,0
10780,2727.65,20,2342,4,1,22.22,0
10781,7142.46,0,2734,2,0,5.43,0
10782,2958.93,8,789,1,0,16.7,0
10783,830.98,5,643,7,1,24.89,1
10784,2715.72,7,186,3,1,24.58,0
10785,7489.49,23,735,3,1,28.43,0
10786,1394.97,6,857,0,0,7.13,0
10787,331.51,6,544,3,0,27.34,0
10788,361.33,9,1888,5,1,16.81,0
10789,11009.43,1,2711,3,0,28.87,0
10790,9865.68,14,925,4,0,5.22,0
10791,2681.51,19,551,2,1,4.89,0
10792,652.7,1,483,1,0,35.58,0
10793,3943.98,23,2966,1,0,20.97,0
10794,7.39,6,1502,3,0,38.52,0
10795,2842.71,20,1228,2,0,19.57,0
10796,6028.76,21,1769,4,0,21.16,0
10797,616.37,4,2818,3,1,22.25,0
10798,1914.94,2,652,3,1,0.31,0
10799,4142.36,15,1549,0,0,36.07,0
10800,4072.66,0,702,3,2,19.17,0
10801,13.99,11,144,1,1,28.78,0
10802,1022.12,17,718,3,0,22.61,0
10803,52.89,21,1722,1,0,13.7,0
10804,5539.61,3,348,1,0,14.04,0
10805,6314.54,5,868,0,0,25.88,0
10806,2285.58,2,630,2,0,38.21,0
10807,9718.12,13,445,3,1,14.07,0
10808,3528.94,13,940,2,0,35.4,0
10809,4892.11,22,681,0,0,39.82,0
10810,2053.41,8,2924,3,1,36.06,0
10811,729.72,16,2924,4,0,18.22,0
10812,1014.55,17,2774,1,0,34.97,0
10813,1446.28,16,2424,3,1,20.89,0
10814,1200.58,18,1352,1,0,9.37,0
10815,8538.21,14,645,3,0,46.6,0
10816,3107.85,19,2183,2,1,37.79,0
10817,565.49,21,2324,4,1,15.4,0
10818,666.03,6,1840,2,0,7.89,0
10819,2051.47,13,706,3,1,42.19,0
10820,298.74,19,1824,3,3,5.75,0
10821,2648.96,8,1294,4,0,38.06,0
10822,865.05,8,2484,2,0,8.21,0
10823,2520.17,6,83,0,1,4.39,0
10824,56.69,6,1663,0,0,29.05,0
10825,1.31,9,1539,3,0,16.86,0
10826,59.1,17,1905,1,0,14.89,0
10827,2679.14,2,2382,2,0,12.24,0
10828,5449.1,3,2845,4,2,39.66,0
10829,8570.27,4,221,2,0,50.88,0
10830,826.75,7,2869,7,0,18.45,0
10831,162.14,17,464,1,0,0.46,0
10832,10523.04,17,1964,2,0,8.09,0
10833,1010.51,12,2661,3,0,23.65,0
10834,7843.4,18,2919,0,0,12.35,0
10835,1237.43,23,554,4,0,20.89,0
10836,488.02,1,2122,0,0,37.91,0
10837,2468.54,5,2208,1,0,55.37,0
10838,422.11,7,518,1,1,27.57,0
10839,6869.87,7,208,1,1,46.29,0
10840,3702.62,16,2486,3,1,32.68,0
10841,2683.63,17,304,4,0,40.92,0
10842,358.39,7,2208,4,1,7.81,0
10843,3360.0,17,343,1,0,23.16,0
10844,1181.02,10,2151,1,1,25.43,0
10845,6305.81,17,384,2,1,3.72,0
10846,17.28,8,1070,2,0,5.73,0
10847,4205.03,10,2249,2,0,45.64,0
10848,367.6,4,731,1,0,26.04,0
10849,530.91,1,1752,0,0,4.52,1
10850,1224.05,15,841,0,2,25.7,0
10851,6982.77,4,904,5,1,24.97,0
10852,1639.19,22,2607,0,1,27.32,0
10853,1589.52,2,2122,2,1,30.39,0
10854,650.48,4,2560,1,0,11.52,0
10855,1597.85,14,293,4,0,18.76,0
10856,12550.48,13,2953,3,0,4.92,0
10857,216.22,20,2240,2,1,6.06,0
10858,11634.43,2,1319,2,1,15.79,0
10859,1597.36,14,675,2,1,31.07,0
10860,10656.86,21,1132,1,0,5.06,0
10861,118.75,10,123,0,1,20.98,1
10862,38.94,1,48,0,1,16.89,0
10863,759.34,0,2724,2,0,34.58,0
10864,2278.79,22,100,3,0,23.78,0
10865,689.55,23,125,2,0,22.77,0
10866,3952.33,2,1321,0,2,37.77,0
10867,326.15,5,2610,3,0,17.96,0
10868,40.71,18,333,2,0,22.3,0
10869,233.44,2,2818,3,0,2.13,0
10870,9585.17,6,1970,2,1,41.83,0
10871,1044.03,3,1799,5,1,16.63,0
10872,795.46,17,2653,1,2,21.34,0
10873,3135.78,11,235,3,1,19.93,0
10874,1473.19,20,2478,1,1,5.62,0
10875,6908.77,0,2946,4,1,22.05,1
10876,1606.51,4,1448,5,0,14.99,0
10877,197.53,10,1553,4,0,28.89,0
10878,1682.34,21,472,3,0,56.35,0
10879,2870.09,16,2645,1,0,13.67,0
10880,3392.55,9,1197,2,1,14.52,0
10881,1138.9,8,653,2,0,0.74,0
10882,362.3,2,2236,0,0,9.32,0
10883,365.29,4,2460,1,0,5.02,0
10884,857.07,21,2361,3,0,34.28,0
10885,1444.07,17,1953,2,0,1.11,0
10886,5137.67,9,2012,3,2,17.04,0
10887,6829.62,16,314,1,0,15.61,0
10888,7300.11,4,720,0,0,22.15,0
10889,6.43,9,2054,2,3,22.73,0
10890,1522.74,19,174,1,0,25.3,0
10891,1111.35,10,1555,2,1,10.93,0
10892,4243.33,15,166,3,0,40.4,0
10893,1328.11,16,1781,5,1,16.58,0
10894,1596.0,14,108,5,0,25.25,0
10895,1216.76,1,2455,1,1,24.32,0
10896,333.26,1,12,2,0,9.29,0
10897,755.04,21,1071,1,0,53.14,0
10898,2570.7,7,1548,3,1,21.37,0
10899,1555.48,11,2608,4,0,0.04,0
10900,1853.31,10,364,0,2,28.33,0
10901,7910.77,11,2966,5,1,13.6,0
10902,1337.17,16,1127,2,0,36.81,0
10903,1134.25,16,615,0,1,0.24,0
10904,3082.49,12,1548,4,1,3.36,0
10905,739.52,18,504,2,0,8.8,0
10906,4428.27,7,1692,1,1,19.48,0
10907,523.76,4,1104,2,1,2.64,0
10908,4505.43,16,934,1,0,4.84,0
10909,1258.02,10,1514,2,0,8.02,0
10910,4134.92,21,201,0,1,2.74,0
10911,3436.11,11,1271,5,1,16.8,0
10912,15737.72,5,2363,2,0,19.22,0
10913,2157.15,12,2989,1,0,13.4,0
10914,1040.08,1,2264,1,0,0.8,0
10915,2018.49,22,162,2,0,33.73,0
10916,190.63,20,1925,4,0,13.55,0
10917,341.79,1,1666,4,0,4.01,0
10918,3888.63,6,985,1,0,22.4,0
10919,3619.99,13,2467,0,0,7.2,0
10920,6465.38,19,2287,2,0,28.82,0
10921,2473.58,14,2532,1,1,13.4,0
10922,4125.34,11,70,3,0,39.07,0
10923,462.58,19,2607,2,0,31.05,0
10924,2265.98,16,757,1,1,38.0,0
10925,644.55,4,265,1,1,1.05,0
10926,4189.22,1,1097,3,0,3.0,0
10927,1953.79,1,502,0,0,32.1,0
10928,2703.7,12,1036,0,2,39.34,0
10929,753.73,16,509,5,1,49.97,0
10930,1305.45,17,2168,1,1,56.33,0
10931,1210.64,23,21,2,0,14.98,0
10932,2074.52,8,2563,1,2,29.96,0
10933,2610.51,23,1060,3,2,45.68,0
10934,263.35,20,727,4,1,24.87,0
10935,8380.96,17,1941,1,4,25.34,0
10936,8037.03,15,1020,4,1,18.29,0
10937,3213.78,16,795,5,2,43.37,0
10938,2056.78,12,2942,4,0,22.61,0
10939,2428.5,6,2165,2,0,9.55,0
10940,2276.59,20,263,1,0,41.35,0
10941,3118.55,12,1097,1,0,15.69,0
10942,1958.68,7,635,2,1,26.9,0
10943,1813.48,21,269,0,0,34.81,0
10944,1657.6,4,2854,4,0,4.51,0
10945,2540.94,12,2536,1,0,19.96,0
10946,1712.4,21,1209,1,1,20.19,0
10947,1516.3,23,700,1,0,27.66,0
10948,2789.9,16,2341,1,1,4.03,0
10949,3264.92,20,2743,1,1,27.48,0
10950,1826.67,21,2993,2,1,44.82,0
10951,12089.17,9,1670,2,1,17.8,0
10952,2549.88,9,650,1,2,18.78,0
10953,1640.94,0,995,0,1,11.96,1
10954,738.82,13,2937,3,1,28.95,0
10955,2574.4,4,1509,3,0,10.62,0
10956,13250.68,23,2971,2,0,9.25,0
10957,310.37,16,1765,1,1,1.39,0
10958,240.5,6,427,1,0,10.43,0
10959,984.44,9,1032,2,1,8.08,0
10960,3068.24,2,1893,2,0,15.83,1
10961,1441.06,1,1599,3,0,4.19,0
10962,4504.2,9,2588,5,1,15.49,0
10963,3937.76,12,642,2,2,20.77,0
10964,1629.56,11,1531,1,1,3.27,0
10965,715.52,9,174,5,1,24.74,0
10966,105.08,5,1652,2,0,20.92,0
10967,8602.02,7,2954,1,0,11.73,0
10968,1254.43,21,1512,5,0,23.24,0
10969,505.14,10,2227,1,1,7.67,0
10970,2785.78,21,766,2,0,15.59,0
10971,955.47,9,786,2,1,43.3,0
10972,882.85,23,96,1,0,61.26,0
10973,1248.69,21,347,1,1,30.07,0
10974,1981.46,15,1546,1,2,9.6,0
10975,2073.04,9,1685,1,0,6.38,0
10976,2260.67,8,1191,0,1,2.49,0
10977,890.68,16,2359,0,1,22.16,0
10978,5598.2,16,2070,0,0,26.57,0
10979,1346.31,0,926,3,0,19.55,0
10980,390.95,23,447,0,1,17.05,0
10981,6498.73,11,989,1,2,37.95,0
10982,2750.94,17,2857,4,0,14.55,0
10983,1901.92,16,2125,0,0,30.89,0
10984,10310.49,5,1129,1,2,8.68,0
10985,9656.42,10,2972,1,0,0.76,0
10986,934.38,4,1908,0,0,51.37,0
10987,1208.08,19,2856,0,0,23.96,0
10988,7553.37,1,2760,4,0,19.12,0
10989,2426.71,22,1393,2,1,29.85,0
10990,612.35,1,1187,2,1,35.66,0
10991,4530.26,21,2618,4,0,40.13,0
10992,2172.78,1,1194,1,0,32.03,0
10993,5803.59,7,839,3,0,23.1,0
10994,133.21,6,856,3,0,9.2,0
10995,339.14,11,796,0,2,17.23,0
10996,2843.0,16,1056,3,1,4.13,0
10997,588.37,18,1291,6,0,7.81,0
10998,6353.01,22,501,1,1,5.21,0
10999,120.16,12,2984,0,1,26.1,0
11000,1295.21,7,580,3,0,6.12,0
11001,371.5,3,369,1,0,19.67,0
11002,4669.74,3,2914,0,1,10.01,0
11003,3597.3,19,1863,1,1,20.66,0
11004,4717.39,16,1911,1,0,28.82,0
11005,4486.84,23,507,2,0,17.32,0
11006,15402.93,17,198,2,0,13.11,1
11007,6321.04,19,814,3,0,2.53,0
11008,657.9,7,2431,1,0,20.54,1
11009,2084.06,2,2585,5,0,20.63,0
11010,978.08,21,811,0,0,4.25,1
11011,2419.45,15,888,0,2,0.08,0
11012,10207.06,4,1659,0,1,8.59,0
11013,1843.21,20,1324,1,0,39.73,0
11014,6275.46,7,161,1,0,28.78,0
11015,118.24,13,143,1,0,1.9,0
11016,370.72,23,315,0,0,9.87,0
11017,1516.21,2,2507,2,0,3.07,0
11018,482.97,16,2035,4,1,3.88,0
11019,293.51,10,1595,1,0,1.08,0
11020,56.57,3,1892,4,0,1.5,0
11021,8784.98,16,1668,4,0,39.55,0
11022,3807.38,17,2951,1,0,45.69,0
11023,1017.75,16,35,2,0,30.92,0
11024,1293.53,0,758,1,0,20.24,0
11025,5459.83,6,109,4,0,31.64,0
11026,6766.2,0,2401,1,1,0.38,0
11027,1198.22,3,1371,0,0,27.27,0
11028,6990.62,13,459,4,0,13.66,0
11029,333.82,17,524,4,1,9.82,0
11030,1183.93,19,2146,1,2,37.74,0
11031,5546.66,0,1002,2,0,45.09,0
11032,2041.07,22,1546,1,0,13.75,0
11033,38.52,10,1935,4,1,15.31,0
11034,2070.57,20,2879,3,4,16.3,0
11035,1278.41,15,1081,3,1,13.91,0
11036,5277.59,23,1162,6,0,27.88,0
11037,8409.14,19,491,2,0,6.01,0
11038,544.25,23,1702,3,1,1.76,0
11039,110.18,0,2544,2,0,9.25,0
11040,575.88,21,876,2,0,8.22,0
11041,4967.89,12,1507,1,0,15.49,0
11042,3131.43,19,1417,4,1,27.39,0
11043,3147.66,4,238,2,0,26.63,0
11044,2359.73,2,1275,1,2,1.55,0
11045,1589.92,19,291,2,1,9.62,0
11046,6484.98,3,2155,1,2,11.45,0
11047,2389.7,20,2356,2,1,19.43,0
11048,78.54,9,446,7,1,18.24,1
11049,4017.35,17,1198,4,1,25.14,0
11050,12.73,7,948,2,2,42.29,0
11051,772.81,12,2171,2,0,8.06,0
11052,1790.51,15,1405,2,0,68.41,0
11053,1715.37,0,2403,4,0,21.13,0
11054,3813.47,4,1669,4,2,31.04,0
11055,456.34,6,699,2,1,33.39,0
11056,4685.18,23,646,3,0,30.26,0
11057,3382.77,6,2485,2,0,40.45,0
11058,1906.29,19,2072,0,1,2.79,0
11059,1211.79,4,302,5,1,59.03,0
11060,81.27,7,1849,1,0,9.32,0
11061,8219.08,8,1373,3,0,17.78,0
11062,1877.29,10,1714,2,0,46.05,0
11063,11855.6,2,378,1,0,19.79,0
11064,320.59,8,150,2,1,15.12,0
11065,174.64,22,2994,1,1,0.84,0
11066,550.52,9,533,3,0,29.7,0
11067,7316.06,16,2196,3,1,28.08,0
11068,996.68,13,176,2,0,18.62,0
11069,2143.12,11,2583,4,0,11.94,0
11070,2216.46,0,1383,0,1,15.99,1
11071,761.32,7,2017,6,1,2.09,0
11072,10237.06,12,1756,2,2,8.63,0
11073,123.8,13,190,2,0,42.6,0
11074,6349.23,16,2842,3,0,8.5,0
11075,9884.9,3,478,1,0,44.58,0
11076,988.05,23,528,3,0,9.69,0
11077,548.39,13,74,2,0,16.39,0
11078,274.14,1,791,2,0,16.97,0
11079,15638.84,1,2131,3,0,34.93,1
11080,576.77,6,1480,1,0,1.03,0
11081,3315.83,12,1630,2,0,40.33,0
11082,1338.2,19,363,1,0,53.59,0
11083,1309.05,0,1583,1,1,2.78,0
11084,1265.78,4,2806,1,1,25.22,0
11085,2818.05,14,298,3,3,12.29,0
11086,187.76,10,872,0,0,0.61,0
11087,8211.28,3,719,3,0,4.98,0
11088,4344.96,6,1041,1,0,55.75,0
11089,2241.52,10,1458,4,0,1.67,0
11090,11888.8,1,1761,4,1,18.47,0
11091,6063.06,16,2254,1,5,17.66,0
11092,627.91,5,1787,3,0,1.73,0
11093,1643.25,18,446,2,0,5.84,0
11094,7981.77,15,2566,2,0,44.26,0
11095,404.02,15,1739,3,0,50.11,0
11096,2250.13,17,2639,0,0,15.77,0
11097,1109.02,4,2545,2,1,3.04,0
11098,1051.96,6,2149,4,0,35.38,0
11099,1619.8,8,1190,1,1,11.01,0
11100,243.0,23,166,0,0,40.15,0
11101,1995.62,3,992,2,0,17.31,0
11102,927.24,9,2272,2,0,15.32,0
11103,2288.53,0,2162,0,1,4.33,0
11104,7898.86,14,795,1,1,40.61,0
11105,5245.64,10,1223,2,1,14.92,0
11106,9056.53,7,1954,2,0,1.84,0
11107,1001.53,21,2254,4,0,38.3,0
11108,1151.61,23,2166,4,0,0.55,0
11109,656.11,4,1669,1,0,5.96,0
11110,3553.59,1,869,2,1,25.85,0
11111,10073.7,7,2643,1,1,19.91,0
11112,1829.59,11,2518,2,0,8.8,0
11113,11589.92,23,509,3,1,37.16,0
11114,5659.94,1,420,0,0,26.98,0
11115,399.57,21,1518,2,1,30.18,0
11116,5713.75,14,2831,4,1,17.67,0
11117,1972.38,22,74,2,0,5.13,0
11118,4086.58,19,195,1,2,9.87,0
11119,4715.48,16,1509,3,2,2.11,0
11120,297.13,18,2380,2,0,1.07,0
11121,617.29,22,266,3,1,47.75,0
11122,530.98,9,1171,0,1,15.79,0
11123,7451.85,18,745,4,0,12.93,0
11124,339.91,0,2928,0,1,13.05,0
11125,552.46,14,1046,1,0,9.09,0
11126,4480.32,18,679,3,0,21.37,0
11127,383.82,12,2449,3,0,1.73,0
11128,873.85,22,2347,2,0,22.63,0
11129,4331.6,19,2564,1,1,17.24,0
11130,39.97,13,2558,1,0,27.18,0
11131,16.08,18,1540,1,0,39.09,0
11132,2888.74,21,1215,2,0,48.14,0
11133,3526.29,17,2629,0,0,21.69,0
11134,2957.0,19,2459,4,0,42.85,0
11135,2488.96,23,2990,4,0,40.53,0
11136,475.33,21,2779,2,0,25.03,0
11137,3244.68,14,368,3,0,44.52,1
11138,7788.68,16,1211,4,0,13.27,0
11139,4082.53,4,2193,1,0,0.6,1
11140,4929.07,11,2373,3,0,1.07,0
11141,1048.0,12,2609,1,0,6.7,0
11142,1219.5,18,1017,2,0,12.76,0
11143,4717.92,4,1354,1,1,30.67,0
11144,513.59,18,422,3,1,24.43,0
11145,2982.2,9,88,3,0,19.25,0
11146,1386.64,16,1269,1,0,45.16,0
11147,4632.12,18,2535,3,1,38.85,0
11148,3269.79,6,718,0,0,33.32,0
11149,4801.92,6,444,0,0,9.1,0
11150,4561.85,5,914,1,0,16.43,0
11151,1182.6,9,579,4,0,2.11,0
11152,887.1,13,1656,3,1,5.13,0
11153,1450.44,18,2294,3,1,63.36,0
11154,248.81,1,1671,0,0,12.38,0
11155,2532.29,19,2866,0,1,8.32,0
11156,3486.57,0,2286,3,1,0.74,1
11157,2647.53,15,635,3,0,1.36,0
11158,185.19,12,2623,0,1,33.27,0
11159,21.92,3,1873,1,0,13.64,0
11160,2149.57,13,126,6,1,4.31,0
11161,4452.92,20,1811,0,2,19.48,0
11162,8010.72,5,885,3,0,8.37,0
11163,1408.22,9,2301,1,0,0.11,0
11164,6366.52,23,935,1,2,19.4,0
11165,2395.15,16,2486,5,0,31.4,0
11166,5141.61,7,1335,0,0,4.77,0
11167,2827.8,21,2714,3,0,2.43,0
11168,146.14,19,1482,6,0,3.75,0
11169,3088.93,20,1000,2,0,2.27,1
11170,4515.35,16,568,2,0,5.46,0
11171,17943.11,21,2299,0,0,16.4,0
11172,5342.79,0,1167,2,0,36.32,1
11173,4855.13,0,1412,3,0,8.62,0
11174,302.65,13,2719,6,1,4.43,0
11175,9446.26,3,584,1,0,24.09,0
11176,194.7,22,2320,1,0,3.6,0
11177,71.36,19,1779,1,0,16.06,0
11178,1393.63,10,123,0,0,11.24,0
11179,2845.67,17,604,5,1,1.53,0
11180,9255.97,12,2419,1,0,16.17,0
11181,1365.97,11,2231,2,0,31.23,0
11182,1210.82,21,601,2,0,14.21,0
11183,7196.66,13,2708,4,0,11.38,0
11184,6049.44,8,383,2,0,18.27,0
11185,3898.12,17,1567,1,0,26.65,0
11186,260.68,18,1550,2,0,21.2,0
11187,660.16,11,1667,2,0,33.0,0
11188,10146.79,20,299,3,0,38.38,0
11189,946.63,6,62,0,0,3.42,0
11190,7090.83,17,1974,2,1,30.11,0
11191,13076.47,13,403,1,1,25.31,0
11192,8239.24,21,2809,2,0,30.26,1
11193,3235.59,4,780,4,0,72.82,0
11194,860.81,16,1285,2,0,35.14,0
11195,532.93,18,1380,2,0,39.99,0
11196,6201.38,3,1032,5,0,12.5,0
11197,2050.8,6,1094,1,0,14.56,0
11198,5030.75,12,2218,6,0,37.02,0
11199,3844.9,4,986,1,0,16.04,0
11200,1355.64,18,1273,0,0,36.27,0
11201,6941.17,16,1114,3,1,1.73,0
11202,3924.13,20,167,1,1,0.09,0
11203,9698.68,0,673,2,0,39.69,0
11204,550.34,15,917,3,2,2.69,0
11205,6003.66,0,27,2,0,4.57,1
11206,1958.1,21,2105,0,0,13.23,0
11207,1863.89,13,2460,1,1,29.06,0
11208,2436.32,12,1595,0,0,6.17,0
11209,37.8,2,226,1,0,1.96,1
11210,2038.6,3,1586,0,0,25.39,0
11211,2083.43,16,828,4,0,23.67,0
11212,674.99,2,333,2,0,17.89,0
11213,1267.79,21,792,2,0,5.35,0
11214,3551.2,19,1372,4,0,43.9,0
11215,3696.75,0,197,0,1,16.76,0
11216,162.48,2,1537,3,0,25.61,0
11217,3249.64,16,230,3,1,7.26,0
11218,132.57,19,2656,0,0,31.53,0
11219,372.02,8,329,1,0,37.85,0
11220,6455.41,9,2580,1,1,11.48,0
11221,771.83,19,300,3,0,49.61,0
11222,1463.01,23,1317,1,0,20.12,0
11223,1555.42,1,1857,1,1,4.67,0
11224,2407.39,13,726,3,0,42.19,0
11225,3348.11,20,2138,1,0,32.21,0
11226,1335.2,6,2386,3,2,18.84,0
11227,127.95,14,2630,0,0,60.37,0
11228,413.64,13,2569,2,0,21.68,0
11229,3955.2,4,207,1,1,38.22,0
11230,6801.25,23,1509,0,2,1.34,0
11231,2362.33,7,2612,2,0,17.8,0
11232,899.38,8,1107,3,0,42.04,0
11233,5180.69,0,2029,1,0,18.37,0
11234,2764.97,14,1814,2,0,28.39,0
11235,3525.44,19,1154,3,0,1.57,0
11236,196.85,12,665,2,2,15.59,0
11237,1094.7,1,2926,0,0,7.44,0
11238,1302.4,14,573,4,0,0.74,0
11239,1455.09,23,1652,1,0,25.11,0
11240,1586.52,13,2751,2,0,21.3,0
11241,504.83,4,2443,4,2,39.27,0
11242,13061.77,4,1412,2,0,12.35,0
11243,3249.03,0,2276,1,1,19.91,1
11244,284.3,2,2016,4,0,64.23,0
11245,1895.82,23,2562,1,0,0.12,0
11246,829.49,15,1575,4,0,1.06,0
11247,8055.27,1,660,2,0,11.35,0
11248,4268.88,18,2865,2,1,38.28,0
11249,9292.47,19,274,0,0,23.27,0
11250,268.52,8,94,1,1,6.17,0
11251,5398.79,12,2147,1,0,31.96,0
11252,678.24,21,2186,1,0,32.5,0
11253,5020.82,8,276,1,1,46.58,0
11254,155.24,6,813,3,1,54.8,0
11255,1222.87,6,1860,2,1,8.16,0
11256,14210.1,7,366,0,0,13.65,0
11257,3556.39,4,1287,2,0,7.48,0
11258,1173.38,11,2929,1,2,36.28,0
11259,655.01,5,830,2,2,1.05,0
11260,2661.43,11,1644,4,0,42.36,0
11261,78.27,3,1914,2,3,17.14,0
11262,1031.95,17,325,1,0,1.05,0
11263,1558.98,14,44,4,1,24.69,0
11264,938.96,6,673,0,1,24.53,0
11265,2516.17,21,417,3,0,4.77,0
11266,2529.14,2,2470,2,2,36.75,0
11267,869.97,5,2,1,0,33.54,0
11268,2768.01,12,462,2,0,13.66,0
11269,2582.59,7,1729,5,0,1.34,0
11270,14051.18,7,2103,3,0,15.71,0
11271,6812.58,21,1302,2,1,25.66,0
11272,878.03,4,1916,3,0,62.86,0
11273,3784.82,15,2237,2,1,14.56,0
11274,302.21,18,1413,4,0,15.08,0
11275,5898.53,12,497,2,2,1.95,0
11276,2230.3,6,894,2,0,43.53,0
11277,1182.78,14,305,1,2,62.58,0
11278,2453.27,21,2234,0,0,7.89,0
11279,4292.11,9,1258,3,0,3.79,0
11280,2818.27,8,2428,2,1,15.84,0
11281,10573.49,1,2974,2,0,20.02,0
11282,5915.47,5,2371,1,1,1.38,0
11283,1170.32,10,196,1,0,22.09,0
11284,4539.87,4,1621,2,0,23.63,0
11285,1637.85,9,2091,2,0,35.78,0
11286,1220.54,1,388,1,0,40.97,0
11287,7488.74,13,1129,2,1,34.33,0
11288,3794.97,9,217,3,0,0.25,1
11289,1460.38,7,1851,3,1,28.82,0
11290,94.91,6,2794,3,0,1.19,0
11291,232.82,8,417,1,0,57.27,0
11292,4464.43,12,1927,2,1,5.42,0
11293,4757.2,17,444,1,0,21.28,0
11294,8789.51,4,1898,2,0,13.91,1
11295,554.84,23,2047,1,1,8.76,0
11296,5411.8,21,2103,0,0,9.34,0
11297,1401.33,5,765,1,1,4.35,0
11298,623.56,2,58,3,0,16.56,0
11299,5317.54,5,2618,4,1,51.24,0
11300,317.09,2,2014,6,0,20.44,0
11301,612.35,18,2197,3,0,4.42,0
11302,302.26,5,420,4,2,3.22,0
11303,3493.34,20,793,2,0,29.1,0
11304,1344.86,8,2128,2,1,2.16,0
11305,46.66,13,703,2,1,2.57,0
11306,3714.49,18,2237,3,3,0.53,0
11307,3257.41,10,2013,1,0,55.3,0
11308,1410.0,23,2814,2,2,4.72,0
11309,3742.46,19,1794,3,0,14.75,0
11310,4335.82,7,1745,1,1,29.69,0
11311,2366.96,7,2210,3,1,33.64,0
11312,13117.46,7,471,4,0,0.11,0
11313,6966.18,16,726,0,0,6.3,0
11314,775.29,17,2792,2,2,41.09,0
11315,64.74,10,1673,2,1,21.03,0
11316,3036.25,0,1387,3,0,47.03,0
11317,282.55,7,2345,1,0,17.62,0
11318,860.76,14,94,3,0,16.54,0
11319,1123.01,15,2879,1,0,3.17,0
11320,262.43,18,2231,1,0,28.99,0
11321,10021.09,23,2608,2,0,20.59,0
11322,1359.68,13,1650,1,0,17.56,0
11323,3518.45,21,488,0,1,41.15,0
11324,1039.09,14,1960,2,0,5.01,0
11325,2123.31,22,251,1,1,6.16,0
11326,2895.81,12,2034,2,0,5.56,0
11327,4823.55,7,1660,2,0,37.84,1
11328,3465.17,16,601,2,0,10.25,0
11329,1661.62,0,1496,2,0,37.57,0
11330,6596.68,0,1541,0,1,50.49,0
11331,2964.76,17,589,1,1,51.77,0
11332,663.56,2,2699,1,0,0.41,0
11333,5041.15,5,740,2,1,21.53,0
11334,2935.24,7,2578,3,0,25.66,0
11335,4983.05,11,1344,2,0,35.96,0
11336,220.34,21,653,2,0,50.57,0
11337,877.29,2,1612,5,1,41.95,0
11338,1004.14,21,2702,3,0,20.38,0
11339,1693.05,11,61,1,0,23.14,0
11340,4118.09,10,2209,0,2,46.64,0
11341,8187.7,14,430,2,0,26.89,0
11342,8864.48,21,1086,4,0,47.77,0
11343,9645.77,12,2333,0,1,12.95,0
11344,108.81,4,299,2,1,32.53,1
11345,2034.99,16,2668,0,1,2.83,0
11346,3668.44,5,298,2,1,12.55,0
11347,3694.98,18,569,0,0,29.31,0
11348,4274.31,10,2326,1,0,6.73,0
11349,233.54,12,1871,2,0,7.41,0
11350,9035.54,19,162,2,0,4.83,0
11351,511.07,17,2420,1,0,59.94,0
11352,1971.91,17,2793,0,1,30.05,0
11353,2741.94,8,964,0,3,0.66,1
11354,5161.96,13,2554,4,0,24.67,0
11355,15.01,19,2220,1,0,17.42,0
11356,1955.52,9,2240,5,0,1.26,0
11357,1349.93,0,649,2,0,31.38,1
11358,678.58,4,155,4,0,33.11,0
11359,17541.65,10,139,3,0,30.0,0
11360,2359.3,19,2834,4,0,32.55,0
11361,123.35,23,942,1,0,11.37,0
11362,15776.58,21,2222,0,1,0.15,0
11363,2115.47,13,2946,2,1,12.96,0
11364,1052.24,19,2936,3,0,5.36,0
11365,3862.81,22,1028,2,0,14.46,0
11366,7879.04,16,1196,3,0,5.52,0
11367,2221.12,20,533,3,0,17.28,0
11368,2790.18,9,2481,3,1,2.66,0
11369,2404.46,10,2498,2,1,21.22,0
11370,1659.85,16,2268,4,0,3.87,0
11371,4721.17,20,271,1,1,31.0,0
11372,1092.23,20,345,4,1,25.36,0
11373,2000.06,9,1421,1,0,27.74,0
11374,2505.0,14,2565,1,0,9.78,0
11375,3639.77,17,2079,1,0,15.33,0
11376,351.79,14,147,2,1,7.62,0
11377,2646.33,22,2683,0,0,14.05,0
11378,1441.27,14,376,2,1,1.86,0
11379,1468.09,11,734,3,1,2.75,0
11380,2671.03,7,2229,1,0,46.45,0
11381,9766.88,12,1834,1,1,33.27,0
11382,3814.22,12,1957,2,1,10.57,0
11383,1215.83,6,2209,2,1,5.47,1
11384,2825.39,21,765,5,1,18.98,0
11385,157.86,0,2522,2,0,23.47,0
11386,61.0,14,1126,3,1,0.39,0
11387,418.21,12,320,2,3,28.16,0
11388,1938.42,19,261,2,0,4.51,0
11389,10408.85,23,2572,3,0,18.74,1
11390,8713.55,21,1890,3,0,17.99,0
11391,361.61,15,2501,1,0,35.77,0
11392,379.18,17,2018,0,0,39.13,0
11393,5.6,12,2220,0,0,3.44,0
11394,121.38,4,2555,2,0,0.5,0
11395,12546.17,18,1788,1,0,15.4,0
11396,846.82,16,2037,4,1,36.5,0
11397,3321.61,22,631,0,1,38.1,0
11398,1704.02,4,1312,4,1,43.58,0
11399,606.73,16,2363,2,0,4.28,0
11400,197.47,6,2024,1,0,0.63,0
11401,453.13,23,157,1,0,14.9,0
11402,711.32,20,2180,2,1,34.21,0
11403,6132.65,10,2792,3,3,8.75,0
11404,2665.93,16,3,1,0,10.32,0
11405,3296.43,12,2636,2,0,12.85,0
11406,590.78,5,2795,1,0,11.18,0
11407,1865.49,20,973,1,0,11.95,0
11408,14335.81,11,213,7,0,53.55,0
11409,2449.21,22,1104,1,0,39.09,0
11410,1663.84,0,2718,7,0,2.49,0
11411,6231.47,11,1599,0,0,26.86,0
11412,2350.53,12,2981,3,1,34.87,0
11413,1089.01,19,1360,0,1,15.01,1
11414,1576.54,21,1871,2,0,33.55,0
11415,2215.84,18,157,0,0,8.1,0
11416,5449.75,0,2757,2,0,44.56,1
11417,1687.92,3,688,1,1,4.4,0
11418,8953.97,8,2220,3,0,5.44,0
11419,373.49,5,1404,0,0,6.8,0
11420,18.55,11,1100,0,1,4.45,0
11421,2003.36,8,748,1,0,19.44,0
11422,446.3,16,1611,4,1,39.47,0
11423,689.21,14,2432,3,1,13.49,0
11424,2542.99,12,804,1,0,6.48,0
11425,3970.86,4,1446,1,0,26.08,0
11426,9067.2,19,1205,0,0,20.75,0
11427,506.63,5,2615,2,0,0.33,0
11428,876.78,7,2597,1,0,7.35,0
11429,4352.23,4,2800,0,0,0.24,0
11430,2169.64,17,2360,1,1,24.2,0
11431,472.49,8,1604,2,0,13.93,0
11432,1297.48,7,797,1,1,14.26,0
11433,752.14,17,2346,2,2,56.83,0
11434,2793.43,3,1394,3,0,17.19,0
11435,3858.47,12,674,0,0,11.6,0
11436,5976.17,8,327,2,0,5.97,0
11437,1597.5,21,2788,3,1,7.45,0
11438,1371.7,10,765,2,0,13.52,0
11439,2080.3,17,1384,3,0,12.31,0
11440,98.67,23,1980,1,0,1.75,0
11441,1597.34,5,1407,3,0,8.39,0
11442,515.27,12,687,2,0,46.54,1
11443,8981.76,18,704,3,0,29.13,0
11444,2011.92,12,2414,4,2,12.61,0
11445,6104.66,7,2846,3,0,8.54,0
11446,1178.82,7,1407,0,1,40.54,0
11447,1663.38,16,2491,2,1,21.34,0
11448,564.37,21,1516,3,0,4.27,0
11449,609.85,3,916,2,0,9.39,0
11450,4524.23,16,436,4,0,16.82,0
11451,501.63,17,2911,4,1,45.56,0
11452,2539.74,12,1513,2,0,4.37,0
11453,646.61,11,106,0,0,3.43,0
11454,1726.58,20,2006,4,0,8.81,0
11455,4463.71,16,1077,2,1,19.29,0
11456,1570.86,12,2289,1,0,2.87,0
11457,6688.47,10,65,2,0,15.97,0
11458,8611.13,19,1313,2,0,50.96,0
11459,5866.21,15,2786,3,1,32.57,0
11460,3020.31,9,1072,2,0,40.41,0
11461,4874.66,7,32,1,0,9.53,0
11462,583.98,6,1256,3,0,2.64,0
11463,8265.06,20,2553,4,4,39.84,0
11464,6083.26,3,2767,3,0,7.11,0
11465,273.37,16,2364,1,0,10.98,0
11466,2813.26,2,464,2,0,1.05,1
11467,6449.95,15,2454,1,1,15.3,0
11468,1467.47,15,676,0,1,1.11,0
11469,6387.52,1,816,1,1,75.21,0
11470,3764.6,16,2887,1,1,11.56,0
11471,260.43,10,2384,4,1,40.84,0
11472,2453.11,7,1103,2,0,4.95,0
11473,395.47,1,353,4,1,43.34,0
11474,1908.34,11,861,0,0,23.2,0
11475,292.64,12,1260,1,0,4.82,0
11476,399.65,2,1333,1,1,0.39,1
11477,383.61,9,1859,2,0,51.75,0
11478,4046.75,3,1339,1,0,47.63,0
11479,2972.07,10,829,1,0,13.74,0
11480,2557.34,3,888,2,1,7.41,0
11481,6561.35,23,711,3,0,44.24,0
11482,395.67,11,2537,1,2,18.09,0
11483,3341.6,6,1719,1,1,40.84,0
11484,1152.96,15,2982,1,1,6.16,0
11485,1623.12,16,399,3,1,37.57,0
11486,3072.61,7,1746,2,1,12.35,0
11487,9478.97,14,1300,2,0,24.35,0
11488,3440.19,1,66,1,1,0.94,0
11489,2904.28,19,1089,1,0,16.06,0
11490,2486.91,4,2856,1,0,18.36,0
11491,1417.5,20,447,5,1,10.65,0
11492,6605.67,9,357,0,1,19.37,0
11493,4009.01,1,1450,3,2,24.43,0
11494,2273.4,5,1871,3,1,0.64,0
11495,1105.13,12,2522,2,0,39.86,0
11496,1665.38,16,500,2,1,10.61,0
11497,7181.5,22,2424,1,0,12.72,0
11498,3841.13,16,1937,1,1,1.49,0
11499,599.12,17,247,1,0,25.11,0
11500,743.43,19,540,3,2,26.64,0
11501,593.59,15,28,1,0,1.31,0
11502,1038.99,8,1479,0,0,19.09,0
11503,4758.34,4,963,1,0,19.52,0
11504,4393.92,16,2158,2,0,7.61,0
11505,2539.74,17,1427,1,0,2.15,0
11506,3970.01,12,667,1,2,6.5,0
11507,9324.93,4,1356,3,0,4.91,0
11508,568.87,17,1754,3,1,35.28,0
11509,10731.64,13,240,0,0,4.13,0
11510,2344.87,10,2391,0,0,17.68,0
11511,1280.82,16,1702,5,0,9.81,0
11512,3369.73,14,2208,0,1,33.14,0
11513,11602.14,14,1145,4,1,33.09,0
11514,3187.13,9,687,1,0,3.57,0
11515,2752.82,4,2019,2,2,12.88,0
11516,7081.24,22,1384,0,1,46.46,0
11517,1120.13,16,1382,3,1,37.07,0
11518,4787.94,23,2742,3,1,3.53,0
11519,957.67,8,2218,2,0,8.66,0
11520,2722.81,20,1391,3,0,31.8,0
11521,7435.49,23,2410,2,2,25.42,0
11522,11141.24,13,1490,1,1,40.01,0
11523,4301.94,10,2920,2,0,35.49,0
11524,2982.29,19,1180,2,3,12.58,0
11525,7532.39,5,2057,0,1,30.71,0
11526,491.65,4,1248,1,0,25.42,0
11527,5091.65,19,487,3,0,3.57,0
11528,1751.28,2,2840,2,0,33.03,0
11529,1943.31,13,1362,3,0,15.3,0
11530,4112.02,0,558,1,2,14.48,0
11531,3906.67,0,162,1,4,23.1,0
11532,19.91,1,639,2,0,2.57,0
11533,4.49,9,1526,3,0,32.8,0
11534,5339.68,20,941,2,1,49.83,0
11535,2083.63,18,2652,1,0,3.46,0
11536,6.66,7,298,1,0,6.06,0
11537,25493.14,7,538,1,0,25.44,0
11538,4975.41,20,475,3,0,17.56,0
11539,94.2,10,1300,2,0,29.64,0
11540,331.91,2,854,5,0,2.55,0
11541,3733.91,0,1328,2,0,22.0,0
11542,4427.86,10,1969,2,1,15.25,0
11543,8189.07,1,2138,2,2,7.92,0
11544,563.85,6,2595,3,1,13.04,0
11545,2275.91,20,1744,1,0,57.08,0
11546,1256.45,17,747,1,0,21.98,0
11547,4988.13,21,412,5,1,6.82,0
11548,5454.28,9,1243,2,0,2.62,0
11549,4273.26,9,2130,2,0,36.13,0
11550,3235.96,16,2527,2,0,2.54,0
11551,779.44,12,1581,2,1,33.5,0
11552,3743.3,18,2540,3,0,22.4,0
11553,291.53,22,2010,1,1,28.87,0
11554,3832.52,4,2047,3,0,33.42,0
11555,1363.96,22,910,2,0,17.15,0
11556,916.46,13,1840,2,1,72.66,0
11557,1019.4,20,1807,7,0,6.38,0
11558,348.62,23,1199,1,0,20.93,0
11559,1807.08,20,1693,0,0,26.02,0
11560,4012.51,4,27,2,1,7.59,1
11561,1007.03,4,1501,1,0,0.35,0
11562,6434.28,16,2883,2,0,49.95,0
11563,92.76,5,1511,5,3,19.22,1
11564,34.3,9,857,3,0,7.4,0
11565,4232.5,2,2154,1,1,18.2,0
11566,1834.83,6,709,1,1,3.79,0
11567,104.78,22,2226,4,0,21.84,0
11568,3046.17,3,548,3,0,10.91,0
11569,161.68,6,258,0,2,4.62,0
11570,1092.38,4,820,3,0,18.75,0
11571,7884.82,19,587,3,0,8.99,0
11572,1209.23,20,30,2,0,23.54,0
11573,5491.96,20,1249,1,0,12.59,0
11574,606.2,19,380,0,0,9.64,0
11575,1920.41,1,1545,3,0,2.54,0
11576,838.11,23,34,1,0,57.7,0
11577,1339.44,2,2129,1,0,11.43,0
11578,82.2,7,1702,2,0,25.52,0
11579,1640.16,8,2006,3,1,13.18,0
11580,503.89,5,836,3,0,19.64,0
11581,2351.87,22,2265,1,0,29.71,0
11582,6340.59,14,1414,4,1,24.73,0
11583,2768.46,0,2182,2,0,28.76,0
11584,1914.63,5,1932,0,0,20.06,0
11585,3725.88,12,2125,2,0,9.92,0
11586,3809.78,22,357,1,0,6.66,0
11587,4729.21,21,1868,1,0,7.76,0
11588,3814.7,5,741,0,0,7.31,0
11589,510.26,11,1967,1,1,21.19,0
11590,1274.05,14,1315,1,1,41.55,0
11591,1960.84,8,1488,1,0,21.65,0
11592,30.93,17,2572,1,0,14.06,0
11593,7.07,8,1982,4,1,36.69,0
11594,629.11,4,1553,0,0,24.95,0
11595,2566.81,4,2340,3,0,28.36,0
11596,1316.81,1,1333,3,0,13.33,0
11597,6904.45,4,2534,1,0,1.56,0
11598,1622.09,2,2093,2,0,63.77,0
11599,2478.23,21,1858,2,0,23.99,0
11600,4654.58,12,2694,2,1,35.84,0
11601,3414.03,17,988,2,1,6.57,0
11602,822.52,23,419,2,0,14.64,0
11603,2526.9,12,218,3,1,40.98,0
11604,763.16,17,745,2,0,8.63,0
11605,191.01,22,1801,3,0,16.28,0
11606,95.64,3,2644,0,1,13.92,0
11607,9358.15,15,720,2,0,22.86,0
11608,541.05,2,1873,2,1,12.7,0
11609,631.19,21,881,1,0,32.1,0
11610,521.72,6,1815,1,1,18.68,0
11611,3019.87,22,2984,1,0,31.46,0
11612,4800.3,6,2313,2,1,29.79,0
11613,3107.63,20,2387,2,0,22.55,0
11614,2004.89,5,120,4,1,10.92,0
11615,2206.54,10,745,4,1,12.61,0
11616,2083.73,5,636,1,0,18.75,0
11617,828.65,18,2322,2,0,2.44,0
11618,1522.32,19,877,2,2,30.33,0
11619,6710.06,23,1688,3,0,5.35,0
11620,1088.66,5,413,2,0,10.14,0
11621,5669.19,23,1750,0,0,36.92,0
11622,2213.8,10,2693,3,0,47.99,0
11623,4657.09,18,309,4,0,3.48,0
11624,488.4,20,1242,1,0,3.52,0
11625,3709.07,7,2266,2,1,40.76,0
11626,3685.42,17,590,2,3,31.35,0
11627,3411.18,7,683,1,1,17.55,0
11628,74.45,10,2676,2,1,7.05,0
11629,2110.68,11,2878,3,1,0.28,0
11630,4114.73,7,2366,0,0,7.39,0
11631,5726.72,17,833,2,1,11.01,0
11632,273.28,10,2278,1,0,32.69,0
11633,4182.57,9,1093,2,0,1.59,0
11634,231.29,13,501,3,2,38.23,0
11635,1444.79,15,2969,4,0,23.45,0
11636,1315.95,20,1897,0,0,30.11,0
11637,153.3,23,2020,0,0,11.06,0
11638,8474.67,7,662,1,1,31.69,0
11639,5442.3,12,1188,1,1,14.19,0
11640,9803.09,7,81,0,1,23.57,0
11641,41.94,18,1363,2,1,2.36,0
11642,559.12,8,1040,2,0,3.64,0
11643,799.87,18,2041,3,0,24.55,0
11644,1941.2,19,2931,4,0,31.48,0
11645,10396.58,23,478,5,1,8.51,0
11646,742.43,5,1831,3,0,36.88,0
11647,632.61,19,2385,3,0,31.18,0
11648,5138.4,14,12,5,1,12.33,0
11649,428.12,5,2339,4,2,4.2,0
11650,17465.6,5,1803,2,0,12.97,0
11651,2284.74,2,664,2,0,13.49,0
11652,9532.62,1,1357,2,1,34.19,0
11653,2835.77,7,2731,1,0,33.29,0
11654,653.06,19,1920,2,0,0.06,0
11655,4370.68,16,2039,4,0,40.13,0
11656,8402.71,23,461,4,0,31.05,0
11657,2.63,6,2009,2,0,30.92,0
11658,6660.14,22,1339,4,0,12.45,0
11659,267.43,4,2374,2,2,29.61,0
11660,333.33,17,2126,2,0,18.81,0
11661,3104.96,7,536,1,1,29.7,0
11662,1834.73,4,116,3,1,10.21,0
11663,10860.74,21,404,0,2,12.61,0
11664,675.02,4,1493,2,1,8.2,1
11665,4871.21,12,2987,3,0,14.1,0
11666,2051.56,23,223,1,0,9.26,0
11667,12264.49,17,772,2,1,8.75,0
11668,5471.91,5,155,1,1,3.55,0
11669,5831.1,1,1087,3,1,7.81,0
11670,303.83,17,2003,1,1,14.31,0
11671,1051.24,19,2810,2,0,3.75,0
11672,3497.14,14,2125,3,0,9.98,0
11673,1566.81,16,2073,2,3,37.57,0
11674,1112.17,18,1796,2,0,13.22,0
11675,1654.45,11,2801,1,1,6.25,0
11676,2148.22,6,2840,2,0,7.57,0
11677,1460.36,23,2958,1,0,33.61,0
11678,8269.65,22,1525,1,0,33.06,0
11679,2996.62,21,2107,1,0,23.37,0
11680,5998.22,11,757,6,1,9.7,0
11681,8225.76,7,2611,4,0,7.73,0
11682,5018.26,17,1616,1,0,38.83,0
11683,981.09,1,166,2,0,18.24,0
11684,4302.35,6,72,0,1,16.75,0
11685,430.24,8,1238,1,0,10.41,0
11686,8827.79,7,1589,0,0,36.69,0
11687,14197.62,20,336,2,0,7.98,0
11688,8047.74,18,2351,3,1,23.54,0
11689,5588.39,10,449,3,0,22.43,0
11690,4281.17,14,273,2,0,3.62,0
11691,1169.25,11,668,2,0,55.47,0
11692,125.37,6,2982,2,1,36.15,0
11693,1422.36,18,384,3,0,45.48,0
11694,1604.64,0,612,0,2,23.16,1
11695,5614.05,20,2365,1,0,20.16,0
11696,38.24,5,2990,1,1,36.34,0
11697,1713.32,18,1427,0,1,2.93,0
11698,1584.91,21,99,1,1,33.31,0
11699,865.02,2,1241,2,0,10.04,0
11700,1400.01,6,1958,3,0,3.71,0
11701,4861.27,8,2678,3,1,19.2,0
11702,2153.04,23,2095,1,1,15.52,0
11703,1720.22,6,233,3,0,10.95,0
11704,7311.38,19,805,0,0,3.7,0
11705,818.39,0,2362,2,0,3.61,0
11706,458.56,13,1926,1,1,15.28,0
11707,4209.05,2,862,1,1,21.41,0
11708,1002.73,21,2431,1,0,4.4,0
11709,8614.42,15,381,3,0,9.43,0
11710,1887.62,19,472,1,0,19.43,0
11711,795.11,4,1630,1,0,2.93,0
11712,5494.96,1,2594,5,0,36.49,0
11713,1360.68,4,2998,0,1,4.73,0
11714,1845.29,4,474,3,1,20.54,0
11715,4435.86,6,645,3,2,67.13,0
11716,7929.07,3,2814,2,0,20.67,0
11717,571.58,22,1886,3,0,9.0,0
11718,2070.57,13,1912,2,0,25.95,0
11719,307.44,21,572,2,0,7.55,0
11720,2694.14,1,472,3,2,39.08,0
11721,1801.5,19,2759,1,0,45.37,0
11722,1074.75,2,475,4,2,20.5,0
11723,2176.15,3,1568,3,1,26.77,1
11724,3570.62,12,429,3,2,64.64,0
11725,685.87,4,741,1,0,23.81,1
11726,4249.18,1,496,3,0,29.68,0
11727,1115.84,19,2956,0,0,20.27,0
11728,4049.02,1,1829,1,1,1.59,0
11729,1944.98,4,2962,0,1,15.75,0
11730,136.36,10,2711,3,1,3.36,0
11731,1098.89,23,2168,1,0,14.8,0
11732,1765.96,14,1019,2,0,4.82,0
11733,21.09,6,2552,2,1,16.18,0
11734,3714.65,23,2989,4,0,32.23,0
11735,5338.67,6,152,0,0,57.34,0
11736,4180.11,9,2343,6,0,18.1,0
11737,871.17,6,1768,1,1,31.57,0
11738,436.63,12,1382,0,0,52.34,0
11739,695.37,6,2197,9,0,2.74,0
11740,3206.17,0,2705,4,1,4.31,0
11741,2641.55,5,1866,3,0,28.08,0
11742,12949.27,20,2725,1,1,1.88,0
11743,2517.43,9,2134,1,0,23.0,0
11744,1119.03,3,613,1,1,28.09,0
11745,1545.62,9,722,2,0,37.76,0
11746,25.59,3,370,2,0,8.43,0
11747,144.42,9,94,4,0,9.37,0
11748,3471.13,17,2798,3,1,32.1,0
11749,1300.09,12,2562,2,0,24.58,0
11750,215.1,16,576,5,0,16.14,0
11751,381.77,10,36,1,1,2.11,0
11752,136.76,18,2724,4,0,38.92,0
11753,3160.35,10,552,2,1,1.41,0
11754,5898.97,4,2443,1,0,2.93,0
11755,136.08,9,1539,0,2,29.99,0
11756,2449.91,4,71,2,3,7.88,1
11757,1096.03,18,794,1,0,3.07,0
11758,2058.71,22,1503,0,1,13.1,0
11759,15389.95,11,2956,0,0,8.47,0
11760,7954.2,12,271,3,0,3.5,0
11761,154.32,23,2684,2,0,2.09,0
11762,1542.5,0,880,3,0,32.26,0
11763,20.72,22,2732,1,1,34.35,0
11764,2825.19,18,2443,0,0,18.67,0
11765,1352.64,11,526,0,1,15.86,0
11766,3618.87,22,2390,6,2,34.19,0
11767,247.71,15,70,1,3,61.87,0
11768,1593.94,3,938,6,3,38.97,0
11769,2998.27,14,486,1,1,27.18,0
11770,6364.95,4,1129,2,2,9.55,0
11771,5604.98,6,1737,4,0,18.0,0
11772,6464.42,11,2252,3,0,22.29,0
11773,3612.67,10,2211,2,0,0.03,0
11774,6787.73,11,1587,5,1,67.69,0
11775,2362.13,9,534,2,1,0.66,0
11776,3278.33,6,111,1,1,6.15,0
11777,3886.4,8,307,4,0,10.03,0
11778,6444.77,23,640,2,0,27.31,0
11779,393.81,0,577,3,0,43.27,0
11780,4482.51,15,221,4,3,52.74,0
11781,3204.34,13,505,4,3,36.47,1
11782,199.96,11,2516,4,1,32.05,0
11783,2261.08,5,1964,0,1,10.55,0
11784,2890.31,7,2284,1,0,0.56,0
11785,1148.04,15,1139,2,0,19.8,0
11786,4038.45,1,682,0,0,10.16,0
11787,3822.15,19,2538,3,1,19.14,0
11788,2590.11,1,1815,1,1,29.9,0
11789,2095.04,23,2956,1,0,4.72,0
11790,13908.82,2,1767,1,0,21.44,0
11791,9277.42,13,2420,2,1,2.43,0
11792,2678.07,0,1689,0,1,14.43,0
11793,3358.68,7,533,0,0,24.57,0
11794,246.57,4,1153,2,1,23.85,0
11795,122.16,16,2663,2,0,7.12,0
11796,4257.94,3,1403,2,0,35.82,1
11797,756.01,10,1070,2,0,9.0,0
11798,1861.99,5,2804,1,2,5.89,0
11799,1291.2,20,2630,0,0,0.88,0
11800,11585.44,0,909,0,0,34.29,0
11801,19607.57,22,2910,1,0,23.9,0
11802,682.11,9,133,4,1,15.51,0
11803,761.51,7,241,2,1,5.86,0
11804,955.46,3,70,2,0,11.92,0
11805,13602.67,19,1488,1,0,19.34,0
11806,149.87,12,2034,0,1,29.67,0
11807,2394.3,18,2621,1,2,26.69,0
11808,4466.44,14,1510,1,1,30.08,0
11809,3407.55,13,1263,1,0,38.77,0
11810,4002.19,19,266,1,1,7.61,0
11811,3632.56,11,1814,2,3,10.18,1
11812,505.94,18,2774,2,0,5.74,0
11813,716.25,11,1524,2,2,26.09,0
11814,1004.76,9,1742,1,0,0.77,0
11815,1707.85,5,1009,1,0,5.0,0
11816,3004.9,8,1965,1,1,9.24,0
11817,1119.82,3,561,0,1,39.64,0
11818,42.68,8,1892,4,1,18.41,0
11819,269.9,13,12,2,0,3.61,0
11820,2161.58,3,181,3,1,7.9,0
11821,1037.65,17,244,1,1,16.37,0
11822,1480.73,3,2107,0,0,0.93,0
11823,207.04,3,159,2,1,30.16,0
11824,6639.22,6,110,0,0,49.39,0
11825,1130.9,23,1690,3,0,2.94,0
11826,1918.78,17,942,1,1,7.19,0
11827,1031.72,3,1841,4,1,27.65,1
11828,3629.83,12,1132,5,0,8.02,0
11829,813.82,2,2003,1,0,6.11,0
11830,3619.08,5,1736,1,1,4.12,0
11831,3011.08,16,175,4,0,16.95,0
11832,2799.31,17,54,5,0,19.34,0
11833,2334.15,16,400,3,1,1.5,0
11834,4757.11,23,2746,1,0,48.78,0
11835,892.46,11,1835,2,0,8.37,0
11836,252.69,3,607,1,1,3.38,0
11837,1237.42,18,125,2,0,34.47,0
11838,3419.39,23,444,0,2,5.44,0
11839,3792.01,10,2885,1,0,7.71,0
11840,5381.8,1,1899,4,0,16.04,0
11841,325.42,2,801,1,0,56.89,0
11842,1511.27,16,174,4,0,12.02,0
11843,1042.62,13,1856,0,1,24.98,0
11844,6423.02,3,1010,1,2,35.72,0
11845,225.05,1,1893,0,1,15.79,0
11846,327.66,22,939,2,1,37.12,0
11847,1079.64,10,327,2,1,28.32,0
11848,1884.9,1,1179,3,0,12.7,0
11849,6153.33,11,2174,2,0,28.1,0
11850,8741.01,8,2016,4,0,21.83,0
11851,161.12,9,818,0,0,32.32,0
11852,2952.79,12,717,4,1,23.68,0
11853,1147.49,3,2884,4,0,11.18,0
11854,2875.11,6,102,1,0,27.59,0
11855,418.31,0,2315,2,0,12.61,0
11856,1297.33,13,745,2,0,17.27,0
11857,4416.36,11,2178,1,0,19.18,0
11858,2172.61,16,2771,1,0,26.75,0
11859,504.27,11,1831,0,0,5.7,0
11860,1178.99,13,2882,0,0,25.44,0
11861,375.7,13,2442,1,1,42.55,0
11862,469.18,8,2033,1,1,3.11,0
11863,4585.19,0,838,2,1,28.64,0
11864,3986.01,3,2299,0,0,4.98,0
11865,4541.3,0,1368,2,2,22.68,0
11866,2418.12,6,2749,1,0,1.23,0
11867,767.56,6,2487,1,0,24.68,0
11868,481.73,12,642,2,0,29.61,0
11869,3581.6,14,1042,1,0,7.21,0
11870,2911.22,13,1613,0,0,0.45,0
11871,4139.22,13,610,2,0,35.96,0
11872,2677.87,2,1447,3,0,15.94,0
11873,1150.1,18,263,0,0,49.38,0
11874,3550.6,16,986,3,0,17.86,0
11875,1347.87,4,2866,6,1,19.7,0
11876,12090.05,15,78,3,0,36.12,0
11877,2093.55,1,236,3,1,2.44,0
11878,8648.03,8,1651,2,0,13.25,0
11879,6194.67,13,1744,3,1,4.8,0
11880,681.32,3,1273,1,0,31.13,0
11881,968.32,10,2568,2,0,32.27,0
11882,1164.69,18,103,3,0,37.65,0
11883,15181.96,2,478,0,1,0.3,0
11884,2938.56,1,1831,0,1,25.05,0
11885,1703.2,18,1990,1,1,12.24,0
11886,4742.19,21,1915,2,0,16.02,0
11887,3629.23,3,1034,5,0,13.34,0
11888,747.19,1,81,1,1,22.3,0
11889,490.77,23,2684,3,1,23.33,0
11890,11400.66,8,2399,3,1,26.35,0
11891,152.93,7,2228,1,0,49.18,1
11892,2489.08,17,279,1,1,16.84,0
11893,900.43,22,2306,1,1,19.45,0
11894,5365.66,22,2898,3,1,7.95,0
11895,696.53,20,2853,6,0,9.54,0
11896,11163.03,8,2352,2,1,7.61,0
11897,6311.6,0,1291,4,0,17.71,0
11898,1810.28,7,2735,3,4,13.35,0
11899,3858.86,22,270,4,0,9.86,0
11900,2035.22,10,706,3,0,27.56,0
11901,4582.39,1,1047,4,1,2.7,0
11902,1894.66,19,2494,2,2,1.11,0
11903,1095.59,16,156,3,0,31.28,0
11904,2695.97,18,1220,2,0,33.15,0
11905,1727.61,20,2450,1,0,25.78,0
11906,537.54,15,1618,0,0,0.56,0
11907,1022.36,19,2168,0,2,24.59,0
11908,2244.83,15,2617,5,1,25.29,0
11909,3739.63,7,2655,2,0,44.02,0
11910,558.29,2,814,1,1,6.32,0
11911,1548.98,14,2418,0,0,11.15,0
11912,886.24,14,2807,3,0,24.13,0
11913,607.11,3,1699,4,0,26.84,0
11914,860.37,12,2470,1,1,10.2,0
11915,282.51,17,1199,5,1,17.92,0
11916,1914.74,3,1683,2,1,9.69,0
11917,1683.78,12,408,0,1,16.01,0
11918,702.37,4,886,3,1,8.29,1
11919,5495.16,15,1175,3,2,68.0,0
11920,3908.06,1,1987,1,1,61.92,0
11921,1932.66,15,2339,4,0,0.58,0
11922,3465.59,8,1017,3,0,47.09,0
11923,362.24,7,714,2,0,38.56,0
11924,4177.81,10,1790,0,0,19.17,0
11925,1328.36,5,864,2,0,14.8,0
11926,4855.62,23,2822,0,0,45.82,0
11927,1898.35,16,2744,0,0,1.09,0
11928,2439.78,18,2438,3,1,61.28,0
11929,2504.87,9,2388,0,0,28.72,0
11930,1316.36,18,467,3,0,20.99,0
11931,115.19,19,1828,2,2,5.69,0
11932,837.22,0,275,2,0,8.71,0
11933,22191.7,22,1082,1,0,7.69,0
11934,2416.28,5,1765,3,0,8.8,0
11935,670.13,21,572,0,0,18.06,0
11936,1347.24,0,878,0,0,51.66,0
11937,747.59,14,209,4,0,54.39,0
11938,6584.58,16,1888,1,0,30.15,0
11939,2546.39,17,703,3,1,11.44,0
11940,6491.45,3,365,1,1,8.38,0
11941,1131.45,13,225,2,1,30.7,0
11942,1278.28,5,2707,3,2,29.46,0
11943,19270.45,21,2701,2,0,29.64,0
11944,2862.66,0,2584,0,0,28.31,0
11945,3452.23,21,2572,0,2,0.8,0
11946,3262.62,8,390,4,0,19.86,0
11947,186.25,17,343,1,1,33.04,0
11948,2378.74,7,1513,4,0,32.86,0
11949,1308.41,21,2875,4,1,40.25,0
11950,3471.79,19,2342,3,1,13.92,0
11951,5180.69,16,2440,6,0,3.36,0
11952,2646.44,16,2395,0,2,26.05,0
11953,2041.11,14,601,2,2,7.74,0
11954,3366.19,3,343,3,1,14.56,0
11955,973.4,14,92,1,1,20.98,0
11956,550.62,23,2202,1,1,5.2,0
11957,8169.38,16,2564,2,0,37.61,0
11958,3749.34,18,1187,2,0,27.48,0
11959,1462.49,21,2082,0,0,28.39,0
11960,22334.91,0,290,2,0,49.38,0
11961,1301.8,17,1635,3,0,43.89,0
11962,367.44,8,1246,3,2,14.12,0
11963,1038.25,17,567,1,0,28.52,0
11964,22.46,5,493,4,1,1.17,0
11965,8057.19,14,1459,2,0,53.38,0
11966,4132.76,16,2102,1,0,32.03,0
11967,1110.98,23,955,1,2,47.05,0
11968,2411.99,18,1804,6,0,31.03,0
11969,11879.89,16,1532,2,0,4.4,0
11970,7369.08,14,48,1,0,17.8,0
11971,7174.34,17,707,0,0,4.42,0
11972,5254.6,1,106,2,0,5.07,0
11973,968.43,8,2213,1,1,5.32,0
11974,1989.52,1,1716,3,1,10.99,0
11975,4855.35,15,1312,2,0,17.77,0
11976,1595.71,15,2731,5,0,10.67,1
11977,3664.69,2,737,0,0,2.32,0
11978,269.54,6,1558,1,0,24.03,0
11979,633.99,18,349,0,0,0.82,0
11980,734.0,9,2440,3,0,29.59,0
11981,965.74,12,375,1,2,47.52,0
11982,292.33,20,2737,3,0,23.54,0
11983,1472.69,2,647,1,0,11.5,0
11984,4938.63,16,2047,3,0,40.28,0
11985,11074.37,21,2419,4,1,3.21,0
11986,5109.11,8,678,2,0,9.07,0
11987,1342.81,19,2747,2,0,12.82,0
11988,176.1,13,2293,1,2,30.93,0
11989,2901.25,16,617,4,0,11.27,0
11990,2543.45,14,2975,2,0,47.08,0
11991,2184.81,12,2370,1,0,11.14,0
11992,846.48,21,1955,3,1,9.89,0
11993,1202.12,21,2603,1,0,37.31,0
11994,4375.44,1,1095,0,1,54.98,0
11995,6394.64,1,2412,2,3,17.77,0
11996,1564.27,11,940,4,0,8.32,0
11997,4000.4,22,483,1,0,35.48,0
11998,554.71,8,363,2,0,10.84,0
11999,2145.16,18,1735,1,0,8.99,0
12000,431.22,3,1453,1,0,55.57,0
12001,2699.16,13,181,1,0,31.44,0
12002,2186.61,15,2261,1,0,29.02,0
12003,8425.24,20,1017,2,0,18.17,0
12004,1429.44,5,1997,3,0,48.57,0
12005,469.3,9,2762,4,0,6.04,0
12006,102.41,22,2266,0,1,10.6,0
12007,8270.89,17,919,1,0,0.84,0
12008,1851.45,10,2961,3,1,12.24,0
12009,1042.03,12,1451,3,0,9.81,0
12010,3060.47,3,1886,4,1,24.16,0
12011,2091.64,18,2698,3,1,42.87,0
12012,719.3,21,2627,2,0,13.66,0
12013,4752.27,12,745,3,0,20.06,0
12014,4039.99,9,2622,2,0,29.09,0
12015,525.42,1,2478,0,0,25.87,0
12016,8317.23,13,2876,2,0,4.46,0
12017,1321.89,20,1160,5,0,9.21,0
12018,1360.51,19,1542,2,1,4.47,0
12019,442.61,12,2240,4,0,10.15,0
12020,6202.27,7,2951,4,0,11.32,0
12021,3975.61,8,2506,0,0,9.39,0
12022,840.15,13,105,1,1,30.14,0
12023,1982.49,8,1856,2,0,8.22,0
12024,1427.86,16,1280,1,0,2.98,0
12025,997.05,4,266,1,1,26.02,0
12026,1551.73,14,48,0,0,10.58,0
12027,439.61,4,2298,2,0,52.22,0
12028,62.95,10,419,1,0,5.41,0
12029,898.34,12,584,3,0,24.86,0
12030,2035.82,5,1457,5,0,1.24,0
12031,1209.23,18,996,0,0,6.24,0
12032,427.46,20,1666,4,0,9.7,0
12033,92.89,8,2223,1,0,17.09,0
12034,3503.93,17,513,0,1,21.5,0
12035,3384.87,0,2059,2,1,15.35,0
12036,1596.39,18,910,1,1,11.81,1
12037,1279.98,8,2190,2,0,22.95,0
12038,4723.52,12,2182,4,1,48.16,0
12039,1491.78,22,2056,2,1,32.62,0
12040,2351.89,7,2516,1,1,11.58,0
12041,5377.2,1,1786,3,0,47.29,0
12042,568.82,4,1059,0,0,35.63,0
12043,671.82,12,1965,2,1,8.89,0
12044,899.2,4,2160,1,0,4.44,0
12045,3626.62,14,2466,1,0,7.35,0
12046,1233.34,18,280,2,0,24.52,0
12047,3494.76,13,91,1,0,6.04,0
12048,3563.63,19,260,1,0,8.47,0
12049,14996.69,2,1229,1,0,40.27,0
12050,1950.44,2,879,2,0,25.0,0
12051,3612.85,3,2403,0,2,32.05,0
12052,2631.15,23,1017,3,0,5.42,0
12053,1350.3,11,2709,1,0,16.96,0
12054,85.54,19,2622,2,1,9.04,0
12055,141.3,5,838,2,0,23.3,0
12056,420.19,22,1669,1,0,15.06,0
12057,3020.55,3,953,0,1,1.83,0
12058,569.58,6,1947,3,0,10.39,0
12059,999.48,23,1670,1,1,33.06,0
12060,1651.13,0,1400,1,0,38.75,0
12061,3973.86,5,1019,2,0,47.3,0
12062,2275.29,1,1043,1,1,6.22,0
12063,712.12,10,2279,1,0,29.37,0
12064,416.36,16,387,3,1,19.91,0
12065,6001.17,12,1362,1,0,15.07,0
12066,424.45,22,90,2,1,10.11,0
12067,1940.94,5,1476,2,0,2.53,0
12068,5501.91,8,1238,5,0,4.39,0
12069,2421.28,15,593,0,2,2.54,0
12070,6625.15,8,511,2,1,6.42,0
12071,1815.56,19,399,2,2,1.81,0
12072,1036.21,13,1303,2,1,17.81,0
12073,3092.41,20,130,6,0,17.28,0
12074,699.0,6,2855,4,0,9.01,0
12075,3501.95,9,1121,2,1,6.64,0
12076,6946.73,0,2324,2,1,38.67,0
12077,8736.33,13,1647,1,0,1.69,0
12078,204.17,2,1926,3,0,5.29,0
12079,7182.33,23,1984,1,0,21.59,0
12080,11104.54,23,268,2,0,9.07,0
12081,167.59,16,520,3,0,2.37,0
12082,3527.19,22,1060,2,0,6.63,0
12083,278.64,19,2205,1,0,11.29,0
12084,563.67,18,2239,5,0,26.81,0
12085,4665.63,20,172,2,1,29.69,0
12086,4055.8,17,2217,2,0,55.18,0
12087,5290.88,23,12,2,0,24.52,0
12088,1626.81,12,1892,1,0,22.42,1
12089,7291.51,17,596,3,1,43.66,0
12090,1613.58,3,1113,2,0,27.08,0
12091,1449.92,2,1814,1,0,1.49,0
12092,1396.61,8,1695,3,0,16.64,0
12093,6012.04,16,429,1,1,20.2,0
12094,4623.07,7,1338,4,2,28.8,0
12095,7027.24,19,757,2,1,9.51,0
12096,10308.42,12,2567,2,1,16.19,0
12097,4112.66,12,1086,5,0,16.6,0
12098,787.22,17,1730,0,1,10.95,0
12099,5428.2,19,2717,3,0,28.96,0
12100,404.41,17,2529,1,0,1.24,0
12101,5455.0,7,2863,2,2,1.41,0
12102,246.71,18,1622,2,0,23.28,0
12103,4644.96,22,2534,2,0,4.49,0
12104,3979.56,17,1804,0,0,29.97,0
12105,1747.95,9,2076,1,0,12.12,0
12106,2104.61,12,2324,0,0,2.97,0
12107,1960.71,9,2821,3,1,31.13,0
12108,563.21,2,1341,1,0,44.41,0
12109,3009.16,10,2410,0,2,43.44,0
12110,1351.77,8,1285,2,1,14.81,0
12111,4613.39,21,202,3,0,21.58,0
12112,1416.31,3,509,1,0,8.76,0
12113,400.31,19,553,0,0,18.06,0
12114,3337.44,23,2454,1,1,22.04,0
12115,6396.1,21,740,2,1,38.29,0
12116,2627.32,1,2816,2,2,13.51,0
12117,251.36,15,1480,2,2,25.04,0
12118,2962.25,7,2855,1,1,22.54,0
12119,1951.65,12,2846,1,1,0.45,0
12120,5490.23,1,1439,3,0,13.55,0
12121,5624.27,3,289,1,1,10.44,1
12122,5092.74,15,322,2,1,36.58,0
12123,4608.42,13,2797,3,0,7.76,0
12124,1988.16,23,254,2,0,23.13,0
12125,4127.3,7,2442,1,1,4.99,0
12126,848.49,17,2275,3,0,7.34,0
12127,2010.95,12,849,3,1,5.95,0
12128,1750.75,13,1288,1,1,10.69,0
12129,3023.02,7,1683,3,1,21.79,0
12130,3787.61,22,2653,2,1,3.46,0
12131,641.39,4,410,1,2,5.07,0
12132,1801.28,16,2373,2,0,32.44,0
12133,8777.71,8,1343,1,0,5.67,0
12134,2178.58,11,2456,2,0,13.78,0
12135,9216.37,1,1553,0,1,4.43,0
12136,1066.23,15,32,1,0,37.09,0
12137,2265.74,1,102,1,0,7.05,0
12138,1946.46,19,2688,4,0,17.08,1
12139,1929.87,20,2345,0,0,37.62,0
12140,1479.53,9,557,4,1,11.98,0
12141,3731.98,9,2173,3,0,3.36,0
12142,3057.69,18,1025,4,1,28.51,1
12143,2761.02,5,193,2,0,14.14,0
12144,643.49,9,1542,3,0,8.71,0
12145,2596.69,12,2796,1,0,15.52,0
12146,3689.93,8,2281,2,0,21.47,0
12147,1239.28,19,1782,2,0,6.09,0
12148,2514.56,13,2038,1,0,20.6,0
12149,5393.57,13,205,2,0,24.58,0
12150,2163.73,10,1786,0,0,4.19,0
12151,8425.81,8,663,0,0,16.36,0
12152,302.96,0,1273,2,1,2.57,0
12153,2356.62,10,1736,3,1,31.26,0
12154,10903.66,11,2008,1,0,11.23,0
12155,5801.07,14,1393,1,0,1.56,0
12156,1540.58,17,120,3,0,12.71,0
12157,3324.85,18,1846,1,0,8.72,0
12158,201.5,9,1307,2,1,32.68,0
12159,1931.29,7,788,0,1,40.26,0
12160,5317.02,16,2493,4,1,9.22,0
12161,2281.96,0,1742,2,2,5.57,0
12162,3232.89,4,994,5,1,9.0,0
12163,1713.46,11,1058,2,1,35.75,0
12164,2561.13,12,1562,0,0,30.68,1
12165,2713.14,4,2595,5,1,5.54,0
12166,8364.08,5,1716,4,1,18.77,0
12167,471.47,10,2870,2,1,25.16,0
12168,9261.88,9,222,2,2,14.72,0
12169,398.37,3,1625,2,0,10.93,0
12170,10457.64,20,1369,1,1,42.66,0
12171,256.47,19,2492,3,1,7.88,0
12172,1988.34,11,938,3,0,7.33,0
12173,3950.52,1,38,1,1,27.8,0
12174,12657.06,22,2766,1,0,0.81,0
12175,8845.7,13,657,3,0,24.97,0
12176,1079.53,5,486,2,1,31.01,0
12177,400.01,5,624,2,0,26.77,0
12178,2744.17,9,742,2,1,36.48,0
12179,6961.09,14,1754,1,1,19.98,0
12180,2960.03,15,2843,4,0,24.57,0
12181,147.68,21,1942,1,1,30.08,0
12182,4472.09,9,1644,0,0,1.1,0
12183,654.53,4,1295,2,1,27.23,0
12184,13619.07,19,276,1,1,28.38,0
12185,3386.72,12,114,2,0,52.96,0
12186,1271.63,3,324,1,1,11.81,0
12187,3640.38,5,1151,0,0,12.38,0
12188,6851.87,22,410,2,0,3.53,1
12189,1660.86,2,1526,3,0,55.2,0
12190,5509.3,16,1029,0,2,0.35,0
12191,2884.3,17,2118,2,1,22.3,0
12192,265.92,20,1591,2,0,6.43,0
12193,973.89,1,26,1,0,3.31,0
12194,1387.87,17,62,3,0,26.52,0
12195,3448.94,3,1944,0,0,10.76,1
12196,1399.3,18,2115,2,0,16.47,0
12197,8605.44,12,1971,1,0,14.56,0
12198,3481.85,22,2026,2,0,9.83,0
12199,2321.93,17,524,2,0,23.25,0
12200,1217.81,6,325,2,0,24.14,0
12201,649.33,5,2367,3,0,3.48,0
12202,4200.72,19,1468,1,0,29.15,0
12203,3364.13,14,56,0,0,18.82,0
12204,1063.12,8,1828,0,1,7.4,0
12205,1836.39,4,2943,1,0,4.28,1
12206,16214.29,13,1078,1,0,13.09,0
12207,75.23,5,2616,4,0,49.48,0
12208,1152.36,13,312,2,0,23.61,0
12209,527.83,4,2992,1,0,24.0,1
12210,4177.13,3,675,2,1,14.16,0
12211,4748.83,1,836,1,1,75.2,1
12212,15.24,16,1030,1,1,2.62,0
12213,2392.5,7,1961,2,1,23.03,0
12214,1117.86,10,934,2,2,9.56,0
12215,172.4,13,1417,3,0,9.8,0
12216,212.31,22,2412,0,0,18.67,0
12217,1368.56,23,1581,1,1,9.9,0
12218,4766.62,17,197,5,1,34.81,0
12219,3512.47,14,2270,0,0,39.01,0
12220,398.69,11,2604,3,1,48.28,0
12221,489.84,5,1510,1,1,5.85,0
12222,4092.37,8,2106,2,0,18.41,0
12223,7592.27,5,1269,3,1,1.71,0
12224,6661.33,4,506,1,1,1.84,0
12225,2257.21,21,2284,1,0,8.69,1
12226,1812.17,22,953,1,0,4.42,0
12227,3275.62,16,1329,2,1,10.69,0
12228,2524.54,8,1483,1,0,44.85,0
12229,3991.15,8,194,2,0,16.71,0
12230,3964.19,1,2769,1,0,11.12,0
12231,4269.51,13,1043,0,1,37.67,0
12232,2511.45,9,2674,0,1,5.89,0
12233,1464.41,11,1169,3,1,15.05,0
12234,2011.44,20,1914,1,1,15.63,0
12235,656.33,10,597,3,0,1.1,0
12236,212.78,6,315,3,1,46.18,0
12237,122.14,3,574,1,0,0.7,0
12238,189.68,6,632,5,1,24.13,0
12239,981.76,22,1833,1,0,47.9,0
12240,709.88,9,2201,0,2,0.48,0
12241,9050.06,19,2995,1,0,30.9,0
12242,289.48,15,2795,4,2,5.11,0
12243,13760.31,19,348,2,0,7.78,0
12244,4804.56,14,1796,2,0,44.46,0
12245,828.4,12,845,2,0,20.79,0
12246,3827.23,7,2722,1,2,32.01,0
12247,551.53,9,2643,1,0,15.24,0
12248,110.22,20,2780,1,0,7.17,0
12249,6436.76,23,682,3,0,27.18,0
12250,1140.52,15,696,0,1,40.41,0
12251,3995.12,0,785,6,0,19.28,0
12252,50.26,17,2208,2,3,14.72,0
12253,827.11,12,2807,2,2,17.92,0
12254,4260.25,5,299,0,1,9.03,0
12255,386.13,15,1449,2,0,26.33,0
12256,384.46,22,52,2,0,1.8,0
12257,4029.34,20,2224,1,1,19.2,0
12258,1715.86,1,276,2,1,13.17,0
12259,786.45,19,1586,1,1,0.01,0
12260,2282.09,7,171,2,1,1.91,0
12261,3060.49,8,1348,2,0,21.75,0
12262,1812.21,22,2603,1,0,34.12,0
12263,1227.06,6,136,1,0,1.06,0
12264,3039.62,12,2494,1,1,26.64,0
12265,555.32,7,1332,2,0,10.4,0
12266,771.55,23,2234,0,2,42.78,0
12267,61.97,16,594,5,0,15.6,0
12268,5367.97,8,2557,3,1,40.3,0
12269,801.17,7,1356,2,0,11.09,0
12270,1806.77,7,1252,0,1,21.24,0
12271,724.57,0,147,1,0,6.84,0
12272,2212.5,22,2599,3,1,9.2,0
12273,6652.11,23,426,1,0,15.37,0
12274,3889.19,16,284,1,0,2.37,0
12275,1623.59,22,1624,2,1,20.69,0
12276,1124.59,14,1943,1,0,10.99,0
12277,691.41,16,1174,1,0,21.15,0
12278,5085.49,16,275,1,0,18.97,0
12279,179.67,13,1415,1,0,8.16,0
12280,8966.09,5,1143,3,0,18.83,0
12281,592.18,8,1042,1,0,61.26,0
12282,2015.02,21,1473,1,2,6.52,0
12283,5855.73,8,1073,1,1,22.91,0
12284,7238.5,13,220,0,1,1.99,0
12285,2615.36,17,862,1,2,44.04,0
12286,4772.88,17,1482,2,0,9.17,0
12287,2734.15,22,271,2,0,8.15,0
12288,2628.46,15,2469,3,0,55.95,0
12289,10404.77,19,891,1,0,12.65,0
12290,1074.93,14,2886,2,1,24.59,0
12291,1450.4,17,439,2,0,1.33,0
12292,2828.1,0,2629,0,0,29.27,0
12293,23412.57,21,2667,5,1,31.99,1
12294,3040.01,23,2743,1,0,22.2,0
12295,5908.9,10,987,1,0,21.52,1
12296,2720.1,20,2441,2,0,31.35,0
12297,4721.42,3,603,1,0,0.5,1
12298,1109.59,17,1870,4,1,32.31,0
12299,354.59,16,2100,0,1,29.74,0
12300,146.57,21,1047,1,1,17.28,0
12301,6445.2,17,1582,0,0,39.02,0
12302,449.32,19,2327,4,0,34.73,0
12303,2230.36,18,1744,2,1,25.53,0
12304,511.64,18,2162,2,0,28.78,0
12305,2198.55,16,635,0,0,8.91,0
12306,580.84,22,2453,2,0,13.92,0
12307,1448.98,1,1254,1,0,14.73,0
12308,2289.35,10,1972,1,0,1.57,0
12309,525.71,18,2880,3,0,8.52,0
12310,4195.99,4,1964,4,1,13.6,1
12311,1958.85,3,1124,4,0,32.86,0
12312,3577.07,14,2790,3,0,40.89,0
12313,1084.13,4,1040,1,0,14.53,0
12314,1153.26,12,953,2,0,1.13,0
12315,1819.18,1,367,3,0,49.19,0
12316,771.6,23,2451,2,1,10.92,0
12317,6885.58,17,1562,0,1,11.12,0
12318,9915.06,22,1035,2,0,17.04,0
12319,7490.14,5,1097,0,0,9.73,0
12320,460.08,4,835,1,0,21.6,0
12321,3196.99,17,2658,2,0,20.98,0
12322,1405.39,7,2427,1,1,19.37,0
12323,1236.15,14,667,1,1,17.54,0
12324,4084.52,16,965,1,0,9.21,0
12325,812.86,7,2327,5,1,1.55,0
12326,1284.85,3,619,3,0,23.17,0
12327,70.43,3,2647,1,1,6.34,0
12328,2030.53,21,2252,3,0,25.79,0
12329,1078.42,15,124,2,2,14.9,0
12330,6117.0,12,644,4,0,2.35,0
12331,4729.89,18,861,4,1,45.17,0
12332,4430.39,5,2118,1,2,55.38,0
12333,12400.05,16,203,0,1,10.23,0
12334,1658.97,22,2368,4,0,0.9,0
12335,349.03,17,869,2,0,3.9,0
12336,8057.83,5,597,1,0,46.05,0
12337,2365.2,3,184,2,1,3.98,0
12338,6704.51,3,62,3,0,36.52,0
12339,4716.51,5,943,0,0,35.29,0
12340,1892.34,5,9,1,0,5.8,0
12341,675.08,0,259,1,2,4.28,0
12342,6427.23,22,2139,0,0,3.38,0
12343,932.64,12,1890,1,1,42.55,0
12344,329.84,13,1555,2,0,12.32,0
12345,4513.5,3,186,1,1,6.23,0
12346,6923.12,0,2081,1,0,20.16,0
12347,239.67,20,2445,4,1,0.14,0
12348,1751.93,21,2287,1,0,13.25,0
12349,1870.6,21,1970,3,0,65.82,0
12350,186.29,22,1583,0,1,10.11,0
12351,2582.95,3,46,1,0,1.22,0
12352,5762.86,17,343,1,2,14.24,0
12353,5748.63,9,776,1,1,31.25,1
12354,342.51,11,1572,2,0,21.36,0
12355,327.97,2,1183,2,0,19.4,0
12356,4022.84,1,2968,3,0,19.08,1
12357,5696.04,7,2266,2,2,3.99,0
12358,4254.09,9,1308,1,0,42.53,0
12359,2689.09,20,1000,4,0,36.5,0
12360,1586.92,20,349,1,0,52.59,0
12361,7771.62,18,2091,1,0,13.45,1
12362,6051.4,1,1977,0,0,21.1,0
12363,3159.31,8,1725,2,0,2.76,0
12364,171.76,17,2628,4,0,9.05,0
12365,159.49,4,799,2,0,13.62,0
12366,19739.15,10,1268,2,1,21.86,1
12367,7805.29,13,2412,2,0,8.05,0
12368,2635.02,10,2771,3,0,9.88,0
12369,2391.69,3,143,1,0,17.96,0
12370,162.61,0,814,0,0,45.94,0
12371,1421.9,23,70,5,0,15.37,0
12372,2949.15,14,1656,3,0,0.39,0
12373,470.34,5,15,0,0,38.45,0
12374,7410.83,11,1143,2,0,34.1,0
12375,1521.57,10,2410,0,0,44.78,0
12376,3203.41,12,1793,0,2,11.72,0
12377,4339.01,2,1358,3,0,23.23,0
12378,2293.96,0,2823,4,1,19.12,0
12379,1913.07,1,1786,0,0,9.31,0
12380,3050.75,13,2738,1,2,27.17,0
12381,7966.81,12,1729,2,0,63.0,0
12382,2609.77,8,377,1,0,8.17,0
12383,3666.59,2,54,1,1,3.66,0
12384,9990.45,20,1610,1,0,7.79,0
12385,6126.33,11,1226,3,1,40.2,0
12386,390.62,2,2904,4,0,1.35,0
12387,4561.66,2,2884,3,2,36.75,0
12388,1981.4,7,1156,0,1,8.73,0
12389,187.04,0,1831,1,2,8.78,0
12390,1985.55,17,1327,5,1,36.84,0
12391,93.02,3,1634,2,1,51.5,0
12392,1020.41,19,2423,3,1,19.67,0
12393,8223.58,8,2534,1,1,28.51,0
12394,696.18,15,172,2,1,9.52,0
12395,889.93,16,2520,1,1,2.54,0
12396,650.45,0,1505,2,1,17.38,0
12397,576.62,17,798,1,1,7.41,0
12398,5434.36,13,1720,1,1,0.04,0
12399,2466.13,17,829,5,0,51.2,0
12400,2574.07,9,2270,5,3,7.05,0
12401,599.84,4,1548,0,0,18.58,0
12402,10006.59,17,2973,2,2,6.57,0
12403,6876.8,18,2313,5,0,5.38,0
12404,8636.47,19,1660,3,0,15.65,0
12405,839.58,5,1591,3,1,1.09,0
12406,4707.72,19,1881,3,0,23.53,0
12407,6811.35,0,2163,2,1,47.67,0
12408,721.07,7,2212,1,0,8.33,0
12409,9647.29,13,2286,0,1,7.49,0
12410,1400.52,17,2131,3,1,52.14,0
12411,289.25,20,2318,2,2,41.84,0
12412,3683.41,3,1936,0,0,12.06,0
12413,1435.05,16,2794,2,0,9.39,0
12414,50.04,21,2625,3,1,17.34,0
12415,2101.88,15,2517,1,0,14.47,0
12416,893.74,2,1492,2,0,28.38,0
12417,11905.43,0,1520,5,0,14.51,0
12418,4278.71,18,1757,1,0,24.37,0
12419,45.33,5,1487,3,0,28.45,0
12420,1476.82,14,318,3,3,16.1,0
12421,1646.41,18,1862,3,0,6.17,0
12422,4045.35,12,96,0,0,31.11,0
12423,1093.1,22,2436,2,1,30.59,0
12424,3825.4,7,519,4,0,22.28,0
12425,1291.92,0,357,1,3,14.53,1
12426,3086.9,4,1768,1,0,13.5,0
12427,1795.89,22,1469,0,0,29.98,0
12428,3413.76,14,2585,5,0,27.59,0
12429,7750.66,16,2365,3,1,23.45,0
12430,2522.76,17,766,1,1,28.45,0
12431,7271.88,12,61,3,1,38.36,0
12432,2341.81,9,323,1,1,47.31,0
12433,2133.21,17,24,3,0,40.5,0
12434,157.19,18,1510,2,0,4.18,0
12435,9492.31,4,299,0,0,12.62,0
12436,1750.83,14,1480,1,1,10.61,0
12437,4728.16,10,2091,2,1,23.53,0
12438,3675.04,10,483,2,0,25.14,0
12439,953.88,14,1994,4,0,1.68,0
12440,521.34,14,1192,3,0,6.3,0
12441,1088.3,22,370,2,0,11.27,0
12442,856.35,21,566,2,0,2.65,0
12443,5162.16,15,1216,3,1,25.84,0
12444,26.58,12,2467,0,0,17.26,0
12445,1737.49,5,306,5,1,35.32,0
12446,548.94,3,2220,2,0,26.48,0
12447,2033.65,21,2642,4,0,50.21,0
12448,530.14,17,593,0,1,25.84,0
12449,2173.55,8,377,4,0,21.24,0
12450,358.56,19,2920,2,1,17.19,0
12451,353.46,18,1650,3,0,1.94,0
12452,2641.51,4,1785,1,0,21.22,0
12453,3232.91,8,726,5,2,25.53,0
12454,5161.75,5,578,4,1,23.41,0
12455,2443.75,19,1956,2,1,17.55,0
12456,139.22,10,2099,2,3,17.49,1
12457,1177.23,18,305,0,1,2.28,0
12458,924.08,14,219,3,3,5.69,1
12459,5345.69,22,1083,2,0,16.46,0
12460,3771.93,23,2996,1,1,25.34,0
12461,4408.51,11,1092,3,2,33.53,0
12462,7469.63,4,432,2,0,32.11,0
12463,2847.67,17,1420,4,0,25.11,0
12464,1283.35,21,1203,6,0,46.45,0
12465,981.13,11,1992,2,0,10.43,0
12466,3379.11,1,1307,3,0,21.44,0
12467,11038.98,13,2072,3,0,8.92,1
12468,596.46,4,12,0,0,11.47,1
12469,149.98,18,580,1,1,14.43,0
12470,5509.64,4,1504,1,0,33.75,0
12471,1710.99,15,1,1,2,38.36,1
12472,2320.81,22,2354,1,0,6.88,0
12473,3164.23,0,204,5,0,16.25,0
12474,2838.61,2,2590,3,0,27.09,0
12475,3425.36,12,900,0,0,1.6,0
12476,262.28,22,1402,2,1,29.48,0
12477,2508.03,13,1127,3,1,44.98,0
12478,9585.19,1,1882,3,1,12.8,0
12479,766.47,5,866,6,0,14.51,0
12480,4473.44,4,1141,3,0,30.21,0
12481,73.79,15,728,2,2,1.97,0
12482,8696.74,16,668,2,1,0.46,0
12483,803.08,17,2503,0,0,33.46,0
12484,5042.63,10,2954,3,1,13.91,0
12485,1697.4,8,21,2,0,3.01,0
12486,2016.02,1,365,3,0,4.43,0
12487,3535.02,15,2131,1,0,49.95,0
12488,4073.67,20,2117,1,0,20.13,0
12489,333.1,5,660,1,0,22.56,0
12490,408.73,22,1073,3,0,34.8,0
12491,10062.26,22,1854,4,0,11.83,0
12492,30.09,7,370,3,1,11.94,0
12493,2227.81,4,1720,0,1,39.51,0
12494,1710.35,2,1596,1,0,18.01,0
12495,345.64,17,1529,0,1,12.51,0
12496,1463.71,0,1973,2,0,47.63,0
12497,202.93,2,242,2,1,21.33,0
12498,1850.82,11,2304,2,0,39.86,0
12499,4021.24,20,2860,1,0,2.62,0
12500,780.97,1,375,3,0,29.48,0
12501,358.05,3,2353,2,0,65.19,0
12502,356.23,11,5,1,0,16.39,0
12503,8744.7,19,730,1,0,17.09,0
12504,46.61,14,448,1,0,15.13,0
12505,2628.12,21,353,0,0,12.58,0
12506,304.98,10,762,3,0,15.84,0
12507,2829.6,13,332,2,1,29.57,0
12508,4286.52,23,179,2,1,21.51,0
12509,4655.5,23,1486,1,2,1.77,0
12510,3012.33,7,1805,2,0,21.9,0
12511,2289.75,1,2333,1,1,20.21,0
12512,1222.37,4,818,2,1,4.34,1
12513,740.16,1,135,0,1,4.89,0
12514,2479.13,14,291,1,0,3.8,0
12515,2595.27,13,2432,3,0,13.59,0
12516,991.68,10,2788,3,0,34.09,0
12517,9451.71,0,19,3,1,18.13,0
12518,2960.0,15,1051,1,1,7.35,0
12519,9471.19,22,2678,2,0,44.33,0
12520,552.95,2,2066,1,1,14.15,0
12521,39.96,18,1280,0,1,38.65,0
12522,9406.24,17,2914,2,2,17.62,0
12523,2254.22,10,2864,1,0,39.19,0
12524,1447.39,9,930,4,0,9.35,0
12525,1271.96,20,577,0,0,15.91,0
12526,6971.94,18,2138,3,2,34.4,0
12527,4814.46,14,1693,1,0,48.31,0
12528,1130.57,18,2275,2,0,10.69,0
12529,1535.0,18,874,1,0,24.22,0
12530,8458.5,13,1412,3,1,36.27,0
12531,848.38,4,2438,3,0,1.8,0
12532,7315.21,8,1143,1,1,7.65,0
12533,2875.51,15,474,0,0,11.89,0
12534,9790.12,13,361,4,0,1.19,0
12535,5732.59,19,2954,1,0,9.87,0
12536,4867.6,16,579,3,2,9.54,0
12537,10338.64,15,829,5,1,9.54,0
12538,187.12,9,2206,4,0,11.68,0
12539,5241.16,2,874,1,0,40.14,0
12540,2190.75,23,290,1,2,15.99,0
12541,3124.2,1,1057,1,0,34.49,0
12542,2657.73,10,186,4,0,4.83,0
12543,3495.04,4,1441,1,1,4.49,0
12544,1358.88,17,2720,1,1,4.14,0
12545,1115.29,19,1652,1,0,14.35,0
12546,1742.27,7,2805,2,1,25.71,0
12547,2773.77,5,282,2,0,45.73,0
12548,838.13,14,1216,1,0,9.71,0
12549,2846.08,6,2984,3,2,44.49,0
12550,3294.46,11,1794,1,0,19.2,0
12551,7610.1,8,2147,3,0,13.84,0
12552,1365.78,7,1382,4,0,5.69,0
12553,4588.94,4,1724,4,0,28.78,0
12554,3011.15,16,248,1,0,16.32,0
12555,1513.59,12,1119,2,1,1.95,0
12556,64.37,17,1784,3,1,0.95,0
12557,266.13,1,1759,1,0,14.78,1
12558,239.61,14,794,1,0,8.92,0
12559,889.97,18,2245,0,0,7.01,0
12560,249.02,7,2940,0,0,67.33,0
12561,1937.75,8,1228,2,1,3.35,0
12562,68.59,17,2062,2,0,23.28,0
12563,2769.61,6,2242,0,1,33.91,0
12564,13167.32,9,725,0,1,14.56,0
12565,3551.65,10,934,2,1,6.29,0
12566,3380.63,12,2584,3,1,8.66,0
12567,2034.68,9,1663,3,0,16.27,1
12568,2616.24,4,2213,1,0,33.29,1
12569,2209.14,1,1356,2,0,20.0,0
12570,926.47,10,218,1,0,16.75,0
12571,8640.03,14,1820,1,0,8.63,0
12572,3347.08,8,2887,4,0,27.16,0
12573,5678.73,1,1612,2,0,19.68,0
12574,2358.23,11,1840,2,2,15.14,0
12575,161.45,19,1375,1,1,4.84,0
12576,1274.73,11,328,1,0,4.25,0
12577,3010.02,11,1627,2,0,3.33,0
12578,11.68,5,844,2,0,52.56,0
12579,468.6,18,749,1,1,16.31,0
12580,7436.69,23,40,1,0,27.0,0
12581,1088.02,19,140,4,0,26.62,0
12582,467.92,17,1366,2,0,16.67,0
12583,763.43,10,439,2,0,18.15,0
12584,1537.63,1,2021,1,0,13.6,0
12585,219.98,20,2867,3,1,18.0,0
12586,292.62,9,2993,2,1,39.46,0
12587,1387.38,0,2729,2,0,6.28,0
12588,1925.6,19,417,1,0,20.63,0
12589,3236.3,7,409,0,1,50.0,0
12590,2660.16,2,411,2,0,1.27,0
12591,678.88,14,2079,0,1,5.7,0
12592,1581.77,12,389,1,0,37.02,0
12593,530.2,19,2813,0,1,11.28,0
12594,763.25,0,583,2,1,23.21,0
12595,14830.96,10,1209,1,0,19.15,0
12596,3073.75,22,1824,1,0,40.57,0
12597,1708.68,21,1594,4,1,16.35,0
12598,2921.05,1,2813,5,0,2.32,0
12599,7493.06,22,726,2,2,35.64,0
12600,8007.02,5,2597,0,1,12.42,0
12601,25.76,0,1664,1,0,10.22,1
12602,483.68,22,2544,4,1,38.73,0
12603,5439.97,11,958,1,2,2.37,0
12604,1342.31,10,1098,0,1,29.9,0
12605,3707.98,22,341,0,0,39.41,0
12606,8385.17,21,726,1,0,10.88,0
12607,808.44,0,339,2,0,23.85,0
12608,1450.36,21,554,1,1,10.49,0
12609,6136.86,5,1793,2,0,36.2,0
12610,2234.6,10,2318,3,1,30.76,0
12611,3117.11,11,244,2,1,54.59,0
12612,1107.06,0,647,1,0,25.54,0
12613,104.3,13,2866,2,0,0.04,0
12614,1866.29,1,324,2,0,42.03,0
12615,321.85,10,455,2,0,0.16,1
12616,46.84,10,879,1,0,12.59,0
12617,1020.54,23,750,4,0,25.73,0
12618,3461.78,11,2682,1,1,41.1,0
12619,13470.19,21,2812,2,0,23.31,0
12620,2983.59,18,1064,5,0,36.13,0
12621,413.97,14,2596,4,0,0.2,0
12622,2505.3,19,1392,2,0,5.7,0
12623,294.47,1,1795,3,1,10.23,0
12624,113.71,9,180,1,0,14.24,0
12625,1383.85,15,410,3,1,16.08,0
12626,7779.28,14,2885,2,1,20.55,0
12627,1270.88,6,529,5,1,22.82,0
12628,5065.78,14,2437,0,0,10.52,0
12629,830.95,17,203,4,1,34.77,0
12630,697.51,11,2902,5,1,11.2,0
12631,5490.61,23,2417,2,3,11.08,0
12632,2689.94,21,1500,1,0,0.14,0
12633,163.79,20,115,1,0,25.39,0
12634,8067.76,7,2730,0,0,12.56,0
12635,838.9,2,198,0,1,9.82,0
12636,1185.25,0,1609,2,1,24.53,0
12637,1943.88,9,2776,2,0,14.12,0
12638,105.88,19,886,1,1,26.45,0
12639,2177.49,9,2955,0,0,7.01,0
12640,179.36,0,833,2,0,3.17,0
12641,5025.0,22,2372,1,0,35.2,0
12642,3829.6,3,13,0,1,1.14,1
12643,3245.67,8,1427,1,1,22.34,0
12644,750.02,4,129,2,0,1.58,0
12645,387.62,6,1755,2,0,6.05,0
12646,1231.27,1,2075,2,0,0.22,0
12647,1007.9,19,2862,3,0,26.96,0
12648,5379.03,9,264,2,1,12.97,0
12649,2372.22,2,2224,2,0,19.36,0
12650,4243.4,9,2568,3,0,15.87,0
12651,2593.65,19,385,0,1,3.55,0
12652,210.92,7,2679,0,1,17.58,0
12653,1234.38,10,2521,1,0,36.26,0
12654,6138.69,19,714,1,0,9.73,0
12655,1276.92,17,1472,2,1,0.46,0
12656,120.49,11,998,3,0,1.23,0
12657,6341.07,11,2810,2,0,22.18,0
12658,5973.41,18,1395,2,1,6.75,0
12659,2815.89,4,188,2,0,14.8,0
12660,443.6,11,1589,4,1,15.58,0
12661,2906.32,2,137,1,1,15.24,0
12662,2176.0,1,1670,1,0,29.62,0
12663,2695.32,15,2333,1,1,2.91,0
12664,282.94,18,54,2,1,10.5,0
12665,1898.53,20,79,2,0,33.89,0
12666,2572.86,12,2340,3,0,34.04,0
12667,3084.36,13,2243,4,0,20.35,0
12668,2057.6,1,302,3,1,19.15,0
12669,2417.25,17,1585,1,0,39.1,0
12670,192.26,22,1800,2,1,22.56,0
12671,3927.43,15,1077,1,0,19.76,0
12672,1585.09,1,2849,1,0,49.43,0
12673,5633.75,7,1962,1,0,0.84,0
12674,841.2,16,1094,1,0,22.02,0
12675,4081.93,22,2787,2,1,19.96,0
12676,4660.12,4,2936,1,0,39.84,0
12677,4176.74,6,2713,1,0,6.17,0
12678,595.32,6,2336,0,0,8.04,0
12679,209.59,9,1257,2,0,1.47,0
12680,1346.12,18,2863,7,1,43.03,0
12681,1103.79,11,922,0,3,41.3,0
12682,2412.65,0,12,2,0,45.67,0
12683,1009.93,12,2011,0,1,9.19,0
12684,923.8,14,1545,1,1,18.97,0
12685,200.25,5,1369,0,1,10.73,0
12686,3285.87,10,33,0,0,14.7,0
12687,6116.91,6,659,2,1,21.8,1
12688,439.06,20,1426,1,1,38.68,0
12689,766.08,0,299,3,2,8.85,0
12690,1143.18,15,871,2,0,16.32,0
12691,6159.5,12,1283,4,2,0.84,0
12692,2966.75,8,533,2,0,24.31,0
12693,342.82,12,753,3,1,37.16,0
12694,1400.07,9,434,6,0,5.38,0
12695,103.26,14,2201,6,0,31.87,0
12696,1368.4,8,753,1,1,52.22,0
12697,187.47,18,251,3,2,15.33,0
12698,2744.74,20,766,4,0,3.38,0
12699,1273.15,21,2346,3,0,2.48,0
12700,5120.3,22,613,2,1,12.43,0
12701,5504.8,7,907,1,2,18.05,0
12702,1184.64,9,1356,2,0,11.45,0
12703,1593.51,3,286,2,2,2.6,0
12704,244.53,0,131,5,1,35.46,0
12705,142.5,18,164,2,0,67.17,0
12706,1772.39,20,1728,1,0,19.83,0
12707,321.9,21,191,3,0,33.33,0
12708,2262.59,11,1001,4,1,47.55,0
12709,3968.73,0,2610,1,0,48.82,0
12710,861.17,17,2277,2,1,28.36,0
12711,1623.67,13,2091,4,0,1.65,0
12712,4896.08,8,996,2,0,39.21,0
12713,127.53,0,621,1,0,53.85,0
12714,1569.49,3,363,1,0,19.53,0
12715,663.82,12,1609,1,0,22.53,0
12716,1036.09,14,901,2,1,15.08,0
12717,6368.8,4,2525,1,1,41.07,0
12718,2952.98,0,1154,1,0,14.46,0
12719,420.28,21,1371,2,0,11.48,0
12720,2106.28,14,1369,0,1,17.93,0
12721,1449.04,18,2280,1,0,28.61,0
12722,3858.21,17,1848,2,1,10.5,0
12723,2325.22,10,2317,1,1,27.22,1
12724,6511.33,5,360,2,0,28.29,0
12725,649.14,5,2431,0,0,17.08,0
12726,810.73,23,2432,1,0,30.89,0
12727,586.11,13,1277,4,0,31.86,0
12728,30.94,5,1619,4,1,14.59,0
12729,291.17,1,946,0,0,19.23,0
12730,171.95,7,1717,1,0,4.94,0
12731,2096.21,21,734,2,0,16.62,0
12732,19.03,0,2844,3,0,21.66,0
12733,70.27,4,1875,2,1,19.73,0
12734,4750.12,11,1449,3,0,35.09,0
12735,4230.42,16,765,1,2,5.56,0
12736,465.89,2,1048,3,0,1.77,0
12737,2159.65,14,1898,3,1,22.71,0
12738,2868.46,0,2847,2,0,17.0,0
12739,548.6,19,517,1,0,32.26,0
12740,3522.91,0,1823,4,0,1.08,0
12741,1950.08,3,373,2,1,39.39,0
12742,4115.63,11,664,1,2,31.29,1
12743,3294.58,7,2924,0,0,15.87,0
12744,598.58,17,26,0,1,13.3,0
12745,1068.74,5,775,1,0,50.98,0
12746,607.3,13,2869,0,1,2.37,0
12747,930.49,5,406,4,0,57.76,0
12748,14435.34,20,2491,6,0,26.95,0
12749,3837.94,23,2705,3,1,20.09,0
12750,9482.05,5,277,1,1,4.4,0
12751,2214.93,11,2149,1,0,20.13,0
12752,3999.44,3,2140,2,0,9.33,0
12753,3624.59,18,2003,3,1,16.63,0
12754,1699.86,23,18,0,1,8.04,0
12755,10261.72,21,1500,5,1,39.98,0
12756,3200.65,18,387,2,0,17.52,0
12757,4198.84,13,436,0,0,40.81,0
12758,14053.54,3,2061,2,1,3.86,0
12759,311.59,13,867,3,0,27.41,0
12760,6741.65,17,1522,2,0,3.2,0
12761,1882.35,10,2254,0,0,46.8,0
12762,668.69,17,335,5,0,45.29,0
12763,1078.7,23,2411,3,1,1.71,1
12764,1209.72,10,2331,1,0,46.87,0
12765,9178.52,23,1900,1,0,14.17,0
12766,2717.99,22,1927,1,0,36.31,0
12767,368.47,5,2884,3,1,15.03,0
12768,10898.32,22,386,4,1,15.13,0
12769,1769.9,12,2278,4,1,11.93,0
12770,7309.45,16,183,2,1,44.4,0
12771,1303.68,22,207,2,1,3.95,0
12772,364.96,10,969,2,0,14.27,0
12773,1275.27,15,2192,3,0,23.67,0
12774,5924.54,22,2474,4,0,33.06,0
12775,28.84,6,276,4,0,3.09,0
12776,4929.03,17,1538,1,1,2.83,0
12777,578.14,19,634,3,0,67.01,0
12778,814.17,16,2384,5,2,5.66,0
12779,7839.91,15,707,0,0,15.89,0
12780,9735.48,16,1131,5,0,23.74,0
12781,1548.16,10,1274,1,1,12.53,0
12782,4065.51,1,2693,0,3,46.45,0
12783,643.46,3,2105,1,1,0.21,0
12784,2985.77,4,689,1,1,2.23,0
12785,2277.7,23,1953,1,0,11.93,0
12786,2854.98,5,5,2,2,24.43,0
12787,1663.05,1,728,2,0,29.42,1
12788,3375.95,17,876,1,2,26.79,0
12789,3691.45,19,1207,2,1,7.67,0
12790,5069.58,17,523,2,0,24.62,1
12791,2344.82,20,937,3,0,1.62,0
12792,4245.12,4,2714,1,0,1.46,0
12793,3498.95,4,243,1,1,6.77,0
12794,2453.73,8,364,1,0,16.72,0
12795,7948.84,8,1142,3,0,24.15,0
12796,9805.32,15,1142,2,1,42.81,0
12797,4587.67,20,866,2,1,2.07,0
12798,7387.95,23,540,2,1,14.15,0
12799,6651.65,23,2150,4,1,32.76,0
12800,2254.23,23,450,0,1,43.47,0
12801,3409.25,2,1727,3,2,15.38,0
12802,11484.3,11,2365,0,1,16.57,0
12803,18.67,19,2911,1,0,29.53,0
12804,5283.27,6,2872,2,0,20.81,0
12805,489.33,0,2758,2,0,12.0,0
12806,2297.45,4,2570,0,1,6.42,0
12807,1637.16,23,54,2,0,2.98,0
12808,389.16,4,148,1,0,39.87,0
12809,4202.48,20,852,2,0,22.26,0
12810,4744.13,1,1135,3,0,32.81,0
12811,1098.65,22,2851,3,0,15.55,0
12812,1062.72,4,898,0,2,27.14,0
12813,938.42,4,535,5,1,20.57,0
12814,276.11,22,1798,2,1,23.44,0
12815,74.54,15,1472,3,0,4.17,0
12816,2268.88,4,2849,1,0,32.41,0
12817,5699.02,3,999,1,0,7.06,1
12818,2758.29,11,2941,3,0,35.06,0
12819,2509.27,6,170,3,1,14.3,0
12820,2609.67,4,2062,2,0,19.57,0
12821,2236.15,2,1712,1,0,17.76,0
12822,587.52,10,193,3,0,1.71,0
12823,18232.99,13,1039,2,0,3.98,0
12824,102.08,12,808,5,0,6.06,0
12825,569.11,0,2795,3,0,20.56,0
12826,394.69,1,1411,1,1,21.89,0
12827,8534.58,22,2437,4,0,11.9,0
12828,66.58,7,1803,1,0,14.72,0
12829,11227.92,14,1883,1,0,16.75,0
12830,4107.99,11,1630,1,0,32.15,0
12831,6753.59,18,394,1,0,28.53,0
12832,1465.41,19,2201,2,0,45.65,0
12833,5061.08,7,541,0,0,4.74,0
12834,749.28,2,2801,2,1,26.4,0
12835,3679.4,0,2670,1,0,33.45,1
12836,2307.31,5,2451,1,0,26.69,0
12837,121.85,2,1703,1,0,10.39,0
12838,151.08,21,2809,5,0,28.96,0
12839,4707.7,23,304,3,2,16.93,0
12840,439.22,15,1223,1,0,6.42,0
12841,1307.8,12,2491,3,0,12.15,0
12842,4825.77,1,652,3,2,3.7,0
12843,323.6,18,2175,0,2,16.36,0
12844,2354.27,6,489,2,0,8.36,0
12845,2322.02,0,1080,2,0,11.0,0
12846,5066.32,7,2217,3,0,3.2,0
12847,2809.83,8,274,6,0,29.52,0
12848,1537.85,19,1586,4,0,57.79,0
12849,2595.29,12,665,1,0,34.99,0
12850,4151.12,4,2325,0,0,46.6,0
12851,190.55,2,832,1,0,7.46,0
12852,5934.48,3,1720,0,1,24.85,0
12853,3435.19,15,58,1,1,20.22,0
12854,7956.26,16,229,2,0,7.34,0
12855,2323.3,11,1663,2,0,22.52,0
12856,2844.51,17,1510,3,0,9.65,0
12857,3422.79,13,1611,1,0,6.95,0
12858,123.79,14,167,3,0,2.62,0
12859,237.38,12,958,2,0,4.03,0
12860,9538.3,22,1614,1,0,67.94,0
12861,659.26,4,345,2,0,16.01,0
12862,3025.2,18,2098,1,0,31.97,0
12863,2154.41,12,1483,0,0,3.28,0
12864,587.57,11,248,1,1,22.83,0
12865,6122.71,9,2381,2,1,9.48,0
12866,8907.92,9,1044,4,0,7.42,0
12867,2157.77,9,2688,1,2,4.08,0
12868,1381.21,1,1807,1,0,10.76,0
12869,4789.64,13,1604,2,0,7.13,0
12870,4950.74,6,2806,1,1,6.88,0
12871,1253.4,9,2477,2,0,37.78,0
12872,1384.01,6,2938,4,0,14.45,0
12873,1145.58,7,2325,2,0,7.15,0
12874,1600.44,13,1409,5,0,20.94,0
12875,1297.14,0,1239,2,2,9.16,0
12876,844.69,20,2477,1,1,15.11,0
12877,2298.4,12,686,1,0,31.52,0
12878,1470.79,14,778,0,1,19.76,0
12879,3385.45,4,692,4,0,6.47,0
12880,4511.01,12,552,2,0,30.42,0
12881,173.27,13,482,1,0,33.81,0
12882,3270.84,2,1211,0,0,29.07,0
12883,1400.18,4,1048,0,0,9.52,0
12884,3303.11,6,1684,1,0,21.97,0
12885,389.38,21,563,0,0,28.61,0
12886,2540.97,23,1408,4,0,17.26,0
12887,2970.26,20,2273,3,1,17.2,0
12888,2492.63,22,1314,2,1,3.2,0
12889,684.5,8,2759,2,0,35.89,0
12890,3863.59,4,416,0,0,9.96,0
12891,200.71,21,2109,2,1,13.62,0
12892,2916.74,16,2607,3,0,16.96,0
12893,3275.7,1,2187,4,0,13.22,0
12894,8426.37,23,2020,2,1,28.8,0
12895,319.57,19,2815,2,1,33.18,0
12896,2571.51,19,402,1,0,43.5,0
12897,1467.99,23,2551,0,1,35.6,0
12898,3852.71,13,605,0,0,3.18,0
12899,511.61,20,984,1,0,41.11,0
12900,2707.79,23,1275,7,2,14.06,0
12901,5684.93,22,347,0,2,13.09,0
12902,932.32,21,2461,1,0,16.09,0
12903,3425.75,18,2797,2,2,35.64,0
12904,1077.73,12,1080,1,1,40.38,0
12905,1425.62,7,824,2,4,48.89,1
12906,3469.59,17,1388,0,2,24.57,0
12907,3309.16,7,549,1,0,22.76,0
12908,2186.68,23,1154,5,0,56.75,0
12909,1799.09,14,765,1,1,7.17,0
12910,1360.84,11,2731,2,1,2.09,0
12911,2116.25,1,1494,0,1,17.72,1
12912,1749.55,17,967,3,0,6.62,0
12913,1728.5,7,1006,1,0,15.22,0
12914,3269.3,8,829,4,1,34.53,0
12915,5438.59,1,2825,5,0,18.53,0
12916,395.11,7,318,3,1,25.46,0
12917,36.8,2,2894,2,0,0.54,0
12918,275.66,11,2739,5,1,45.85,0
12919,2218.94,16,2046,2,1,35.27,0
12920,831.23,12,115,2,0,41.83,0
12921,780.14,11,2945,2,1,16.53,0
12922,6822.01,8,1515,2,1,36.66,0
12923,20426.64,14,2981,0,0,15.62,1
12924,4646.95,12,2826,1,0,9.15,0
12925,2081.46,18,2766,3,0,18.96,0
12926,2796.5,8,2046,3,2,32.77,0
12927,3212.28,10,1858,2,0,11.11,0
12928,467.59,12,2404,1,0,23.54,0
12929,1012.66,22,2952,2,0,14.03,0
12930,1150.25,8,2957,4,1,42.14,0
12931,942.67,20,1375,2,0,26.01,0
12932,2941.17,6,1477,4,0,11.71,0
12933,160.87,7,1789,2,0,12.91,0
12934,6869.59,11,2312,0,0,32.18,0
12935,2424.54,15,1110,1,1,33.71,0
12936,944.79,12,1584,0,0,17.8,0
12937,2361.1,23,2436,4,1,15.29,0
12938,432.35,16,1566,3,1,20.67,0
12939,2948.2,2,1765,3,0,7.77,0
12940,264.57,6,1149,2,0,0.76,1
12941,3806.1,4,324,5,2,27.16,1
12942,467.77,5,1406,3,0,17.5,0
12943,3527.14,9,1516,1,0,26.48,0
12944,83.83,0,2194,3,2,21.0,0
12945,70.1,22,33,1,0,48.19,0
12946,2542.22,18,1361,3,1,4.82,0
12947,4829.17,19,1255,3,1,2.64,0
12948,1803.35,16,359,2,0,22.82,0
12949,11.02,10,760,3,0,33.84,1
12950,2715.1,12,2441,5,0,20.0,0
12951,96.58,4,1324,4,0,19.94,0
12952,1366.79,11,2359,0,0,19.04,0
12953,2297.87,12,1627,0,0,22.35,0
12954,487.02,9,1830,0,0,27.21,0
12955,1293.64,5,463,2,2,27.09,0
12956,1577.13,7,56,1,2,29.53,0
12957,9588.04,14,1132,3,1,15.36,0
12958,127.21,4,982,2,1,1.19,0
12959,845.42,11,2939,2,0,3.05,0
12960,10713.63,18,487,2,1,1.89,0
12961,1695.35,8,744,4,1,10.67,0
12962,1477.57,12,502,0,1,5.97,0
12963,2349.25,9,216,1,0,36.77,0
12964,333.65,21,1085,1,2,9.65,0
12965,353.55,20,2231,4,0,3.23,0
12966,2702.33,18,801,2,0,26.12,0
12967,26.97,7,645,2,0,14.24,0
12968,110.39,13,477,1,1,10.22,0
12969,479.21,9,1298,2,0,2.4,0
12970,7713.39,9,875,1,0,2.71,0
12971,2292.97,22,229,2,0,9.01,0
12972,1133.0,14,2321,1,0,17.78,0
12973,1025.76,13,902,2,0,16.01,0
12974,21.68,21,1876,2,0,21.91,0
12975,3756.61,7,428,2,0,34.86,0
12976,2818.94,21,75,2,0,11.06,0
12977,2409.55,0,2188,1,1,7.39,0
12978,3188.83,20,2811,4,0,16.67,0
12979,222.77,23,500,2,0,25.45,1
12980,1222.67,15,2175,5,2,11.1,0
12981,6133.31,11,685,2,1,11.51,0
12982,15.03,4,493,1,1,26.9,0
12983,2175.01,2,1509,4,0,2.65,0
12984,2688.48,23,2249,4,1,23.11,0
12985,991.2,14,379,2,0,3.24,0
12986,1025.39,17,1151,3,1,60.11,0
12987,2833.07,10,641,3,1,20.15,0
12988,1116.05,6,1486,3,0,14.15,0
12989,4758.53,21,1145,2,0,34.32,0
12990,2463.15,23,722,4,0,32.12,0
12991,5130.55,13,2071,1,3,22.93,0
12992,6958.32,14,1064,2,2,12.78,0
12993,1282.36,8,2787,2,0,7.09,0
12994,1426.31,20,2781,2,1,10.7,0
12995,1195.58,15,200,1,0,19.96,0
12996,3995.8,3,2037,1,0,3.04,0
12997,1420.72,6,2633,4,0,25.91,0
12998,1073.0,5,2655,4,0,13.63,0
12999,3265.91,21,104,1,0,4.8,0
13000,3512.79,22,2167,1,0,17.93,0
13001,348.4,13,1399,2,1,6.56,0
13002,3996.91,23,605,5,1,40.68,0
13003,10989.92,7,1822,2,1,10.81,0
13004,2488.89,14,1856,1,1,2.88,0
13005,1752.3,4,2365,1,1,23.12,0
13006,65.05,13,1640,1,0,17.29,0
13007,557.18,21,1327,1,0,52.29,0
13008,6026.51,13,772,1,0,23.3,0
13009,7183.22,6,1918,4,0,55.78,0
13010,35.68,0,457,3,0,25.26,0
13011,10256.27,8,254,1,1,5.52,0
13012,620.51,20,192,3,0,31.64,0
13013,880.12,20,2869,1,0,15.29,0
13014,2555.94,11,625,2,3,30.06,0
13015,381.47,14,2200,2,0,9.4,0
13016,765.46,2,101,0,0,12.37,0
13017,3206.39,11,1334,1,2,25.02,0
13018,5991.23,20,2127,3,0,19.49,0
13019,5434.4,21,187,2,0,8.03,0
13020,1595.17,1,104,3,0,8.1,0
13021,1335.75,4,1982,0,0,17.69,0
13022,5944.03,21,730,1,1,8.44,1
13023,2078.91,23,525,0,1,11.07,0
13024,5432.26,2,1267,3,0,30.48,0
13025,4797.27,5,1310,3,0,5.01,0
13026,9.66,14,2714,2,1,29.97,0
13027,3461.3,6,492,2,1,9.27,0
13028,4224.04,13,109,4,1,12.26,0
13029,4102.37,19,1234,3,0,29.86,0
13030,328.79,7,2350,4,0,12.2,0
13031,1307.04,22,506,2,1,4.4,0
13032,5934.57,6,1631,3,0,11.11,0
13033,1130.61,16,2571,3,0,14.65,0
13034,2.28,22,356,2,0,52.59,0
13035,2687.46,15,674,2,0,35.98,0
13036,3157.71,1,813,2,0,17.75,0
13037,3978.21,3,812,2,2,11.35,0
13038,3355.71,12,2550,2,2,2.27,0
13039,2330.27,11,1438,1,1,18.3,0
13040,1670.53,22,632,3,0,23.9,0
13041,4101.26,16,1601,2,2,12.65,0
13042,647.22,5,2953,3,2,10.18,0
13043,1876.28,0,2462,3,0,18.72,0
13044,657.54,20,764,3,0,9.09,0
13045,5650.95,18,2975,2,0,28.08,0
13046,2196.44,20,1986,0,0,22.08,0
13047,1087.26,7,1409,1,2,44.47,0
13048,247.97,4,2946,5,0,36.46,0
13049,6657.82,11,2521,0,0,8.49,0
13050,1646.64,11,2701,2,0,17.52,1
13051,2161.1,21,874,3,0,6.03,0
13052,2004.62,7,608,2,2,3.99,0
13053,2885.15,5,618,0,1,5.62,0
13054,4587.39,20,2840,3,0,30.88,0
13055,4758.84,14,930,1,1,38.38,0
13056,1993.98,22,2523,2,0,18.98,0
13057,1631.95,6,2139,3,0,12.49,0
13058,175.51,19,2491,4,0,16.84,0
13059,5598.29,5,6,0,0,21.95,0
13060,5282.19,9,1490,0,0,9.39,0
13061,5250.55,15,2832,0,1,9.02,0
13062,1221.51,22,910,5,1,47.95,0
13063,6305.89,11,924,1,0,18.33,0
13064,3343.31,4,929,1,0,27.91,0
13065,705.48,13,1749,3,1,11.78,0
13066,3864.99,2,2078,1,0,4.14,0
13067,6453.63,11,143,1,1,9.79,0
13068,3331.86,15,1627,1,1,24.92,0
13069,836.12,2,201,2,0,21.41,0
13070,812.29,17,1881,6,0,10.82,0
13071,4424.4,1,2095,0,2,15.9,1
13072,9509.33,5,1594,3,1,15.72,0
13073,885.15,19,2040,5,0,17.72,0
13074,1839.61,3,2072,2,0,10.95,0
13075,2500.4,5,819,3,1,40.05,0
13076,2151.83,12,159,3,0,21.32,0
13077,361.22,3,58,4,1,7.33,0
13078,1823.35,15,511,3,2,2.57,0
13079,4927.05,4,1624,4,0,30.31,1
13080,811.54,3,1451,2,1,38.55,0
13081,7045.16,20,2268,1,0,11.5,0
13082,1602.9,7,2287,4,0,26.95,0
13083,581.33,21,2295,3,0,11.14,0
13084,5295.07,20,750,1,0,16.14,0
13085,1031.55,22,368,4,0,20.57,0
13086,641.17,15,2729,2,0,4.57,0
13087,2764.82,20,1781,5,1,6.41,0
13088,2071.57,22,1074,2,0,5.62,0
13089,20706.41,17,1058,2,1,1.89,0
13090,903.31,12,1960,2,0,50.65,0
13091,755.99,6,1329,4,0,11.33,0
13092,4947.91,14,1076,0,1,10.11,0
13093,2065.02,4,595,2,0,9.66,0
13094,122.0,6,888,3,0,3.75,0
13095,2345.57,22,626,4,0,28.12,0
13096,6218.03,4,662,0,1,10.55,0
13097,255.33,22,2083,3,1,23.44,0
13098,1161.11,0,2600,1,0,19.48,0
13099,1747.52,3,2489,1,0,16.08,0
13100,356.6,9,1040,1,0,17.18,0
13101,563.28,4,1418,1,1,19.73,0
13102,4910.94,17,2746,0,0,19.62,0
13103,2685.94,23,2319,1,0,18.68,0
13104,5607.51,4,2939,3,1,2.54,0
13105,9184.65,21,2808,1,1,41.17,0
13106,6189.11,20,755,4,0,30.3,0
13107,1020.1,5,1449,1,1,6.25,0
13108,9022.28,12,235,1,0,50.3,0
13109,751.38,12,750,0,1,8.54,0
13110,1456.57,19,1383,0,0,16.05,0
13111,5075.16,6,1523,2,0,36.98,0
13112,482.2,20,202,1,1,19.0,0
13113,1113.5,12,993,4,1,13.19,0
13114,1578.31,20,2958,2,0,15.4,0
13115,2762.82,15,1003,2,1,27.53,0
13116,4168.52,2,2654,3,1,27.26,0
13117,1922.19,3,2178,2,0,54.16,0
13118,5289.34,1,1113,3,0,16.96,0
13119,2560.6,12,2801,4,3,8.94,0
13120,4157.73,15,1130,0,0,10.91,0
13121,3767.14,3,968,1,0,5.03,0
13122,589.88,0,1989,3,3,16.32,0
13123,89.74,21,1292,2,1,57.98,0
13124,62.78,7,2290,3,0,7.43,0
13125,1781.56,9,500,1,0,5.26,0
13126,6361.55,20,2301,2,1,8.86,0
13127,456.44,10,609,3,0,16.03,0
13128,3228.32,0,2704,1,3,41.4,0
13129,1427.4,2,901,1,1,16.22,0
13130,1549.37,12,715,1,0,15.23,0
13131,27.92,12,2708,2,0,6.64,0
13132,1608.38,1,2084,2,1,22.08,0
13133,6082.1,9,2720,4,0,21.67,0
13134,6307.6,12,939,2,0,30.47,0
13135,488.64,18,2950,1,2,36.68,0
13136,2738.76,15,2691,1,0,19.97,0
13137,106.57,11,1582,2,1,24.42,0
13138,2320.06,2,1286,2,0,37.19,0
13139,960.17,23,1134,1,0,24.02,0
13140,215.45,15,185,2,0,20.12,0
13141,1549.55,11,1305,1,0,28.13,0
13142,271.31,8,2330,2,0,10.91,0
13143,6178.45,2,714,3,1,10.77,0
13144,3065.7,20,2703,4,1,11.62,0
13145,2469.43,2,1509,1,1,30.04,0
13146,159.47,2,1754,2,1,10.18,0
13147,2272.17,23,1097,1,1,24.97,0
13148,914.6,2,318,1,1,3.83,0
13149,176.42,18,2758,2,0,7.57,0
13150,2836.44,10,1352,1,0,18.42,0
13151,5917.19,13,1113,3,1,49.11,0
13152,413.12,0,2333,1,2,41.67,0
13153,265.74,21,375,3,0,3.06,0
13154,7458.54,18,2953,3,2,20.28,0
13155,1295.66,12,2427,1,1,0.24,0
13156,706.33,6,2421,1,2,2.51,0
13157,3685.08,10,1847,3,0,21.85,0
13158,1428.48,17,2035,1,0,14.11,0
13159,12247.29,11,758,2,1,4.02,0
13160,9351.63,1,1955,1,0,34.79,0
13161,206.57,0,562,2,0,12.95,0
13162,2121.85,0,1039,3,1,4.55,0
13163,1230.56,5,1781,2,0,35.94,0
13164,465.65,5,2731,1,2,17.89,0
13165,1004.1,0,292,1,0,2.65,0
13166,4390.9,19,2671,0,0,25.83,0
13167,369.18,15,394,2,0,6.72,0
13168,698.76,4,2986,4,2,17.32,1
13169,2844.39,21,368,0,0,1.05,0
13170,345.85,4,1260,2,0,10.1,1
13171,4319.75,2,827,1,1,21.41,0
13172,2554.14,18,998,5,0,17.21,0
13173,5787.5,22,1762,1,1,60.89,0
13174,1526.52,19,1653,4,1,39.97,0
13175,1541.28,14,2179,5,0,25.2,0
13176,2176.38,18,2652,2,0,5.71,0
13177,2154.94,14,1663,0,1,29.54,0
13178,2151.33,1,2320,1,1,7.58,1
13179,197.72,16,1944,3,0,41.48,0
13180,18.95,6,304,3,0,28.99,0
13181,3633.56,5,1747,2,0,25.0,0
13182,967.89,15,1982,1,1,26.42,0
13183,3798.35,7,328,2,0,58.37,0
13184,1860.51,19,760,2,0,18.78,0
13185,195.75,4,1794,1,0,24.33,0
13186,3064.91,20,1595,5,0,22.76,0
13187,9010.41,21,116,3,0,0.97,0
13188,492.61,14,1390,4,1,32.39,0
13189,3924.12,22,2363,0,0,2.83,0
13190,456.69,16,2191,1,0,12.04,0
13191,4311.03,19,1947,1,0,39.02,0
13192,1876.8,20,2232,2,0,31.91,0
13193,119.45,13,1444,0,2,12.0,0
13194,9313.21,7,2611,2,0,60.59,0
13195,273.37,6,2585,3,3,34.95,0
13196,5779.49,21,2342,1,1,18.33,0
13197,3416.68,22,2839,3,2,16.45,0
13198,713.5,9,832,5,0,46.57,0
13199,256.96,3,2469,3,0,7.17,0
13200,11292.01,2,2581,2,1,9.84,0
13201,1621.43,12,1347,4,0,14.69,1
13202,4625.02,9,772,3,1,31.99,0
13203,304.19,0,2100,2,0,31.99,0
13204,730.1,21,2970,1,1,0.93,0
13205,6022.55,18,2609,2,0,24.9,0
13206,2726.77,10,745,2,0,0.26,0
13207,89.22,7,511,2,0,0.38,0
13208,8591.02,4,188,3,1,20.43,0
13209,2818.85,5,496,2,1,15.66,0
13210,321.35,18,284,2,1,5.89,0
13211,1987.9,11,97,2,1,35.15,0
13212,572.86,11,1992,0,1,18.4,0
13213,1887.03,12,1116,0,1,16.52,0
13214,3065.57,9,2307,2,1,8.05,0
13215,2734.09,20,1869,2,0,8.49,0
13216,4374.9,9,1966,0,0,8.07,0
13217,3101.15,0,2913,1,0,7.09,0
13218,2411.69,1,5,2,0,23.51,0
13219,2246.63,4,1724,3,0,23.18,0
13220,1412.05,17,1902,2,0,24.05,0
13221,3400.17,12,1255,0,1,20.95,0
13222,170.04,9,2232,1,0,12.28,0
13223,810.4,21,1783,3,0,39.26,0
13224,202.49,15,1643,2,0,11.22,0
13225,1651.06,9,2345,2,0,5.57,0
13226,2673.47,14,2430,2,1,34.67,0
13227,1192.74,14,1268,0,0,29.07,0
13228,927.11,2,1720,1,2,3.04,0
13229,4118.69,6,1580,2,0,0.13,0
13230,3268.96,11,1748,4,0,49.2,0
13231,2375.92,22,139,2,0,1.83,0
13232,4959.06,8,1355,2,0,20.28,0
13233,2736.99,1,95,4,0,5.91,0
13234,1055.5,13,1001,0,2,40.14,0
13235,1113.75,11,1290,0,1,5.8,0
13236,968.68,22,904,2,0,48.57,0
13237,585.91,15,816,1,1,11.16,0
13238,1062.72,1,2412,2,2,17.61,0
13239,2666.98,23,1582,4,0,10.5,0
13240,2044.93,8,2315,4,0,3.3,0
13241,508.27,13,2526,1,0,5.98,0
13242,729.69,5,1903,2,0,0.76,0
13243,6054.39,14,324,0,0,36.19,0
13244,9904.81,3,2601,2,1,34.12,0
13245,1624.91,18,2663,0,1,26.33,0
13246,2492.05,11,563,1,0,31.94,0
13247,2010.49,18,2851,1,1,2.31,0
13248,490.47,12,913,1,0,11.69,0
13249,654.1,10,844,2,0,30.11,0
13250,3542.37,1,2846,3,1,5.66,0
13251,1396.75,11,2432,6,0,26.54,0
13252,2215.31,14,2946,3,0,7.98,0
13253,4078.65,0,735,1,0,27.82,0
13254,3747.14,11,1433,1,1,26.25,0
13255,3701.65,3,662,2,0,18.48,0
13256,2106.34,16,660,1,0,3.21,0
13257,531.55,14,1694,2,1,20.44,0
13258,3257.99,21,846,0,2,47.52,0
13259,3481.42,13,1228,1,3,10.41,0
13260,6107.91,7,321,4,0,15.28,0
13261,454.57,10,2516,2,0,10.31,0
13262,3075.13,9,2149,1,1,25.44,0
13263,984.71,19,2293,4,1,23.42,0
13264,106.95,18,1374,1,0,1.85,0
13265,5486.27,19,1612,0,0,17.41,0
13266,5083.95,11,1154,2,0,5.47,0
13267,2063.08,13,2693,2,0,7.12,0
13268,5034.33,13,1016,4,0,23.23,0
13269,3680.73,9,1354,2,0,16.32,0
13270,5758.3,8,1197,4,0,9.88,0
13271,5156.01,23,907,3,0,37.56,0
13272,275.22,9,2905,2,0,16.01,0
13273,446.14,8,299,5,0,14.17,0
13274,574.15,9,2507,3,1,31.84,0
13275,6164.89,3,1621,4,0,27.27,0
13276,1594.38,18,2472,1,0,14.09,0
13277,5426.54,18,1002,2,0,39.37,0
13278,2722.71,19,994,1,2,27.15,0
13279,3091.42,22,1059,3,0,60.44,0
13280,2494.12,8,2369,2,1,5.87,0
13281,1644.75,14,1168,3,0,13.09,1
13282,7239.0,7,2355,2,0,1.36,0
13283,2805.18,8,1680,1,0,31.22,0
13284,2139.91,8,71,3,1,8.14,0
13285,1898.09,16,2769,0,0,4.77,0
13286,774.11,21,2866,2,1,27.7,0
13287,380.0,17,702,3,1,40.28,0
13288,756.68,4,920,0,1,14.6,1
13289,280.05,1,2431,1,0,5.84,0
13290,4041.6,10,2051,1,0,12.38,0
13291,3138.8,13,526,2,0,41.5,0
13292,8630.98,19,2962,0,2,6.24,0
13293,155.59,15,2964,2,2,7.88,0
13294,1280.64,6,2358,5,0,15.1,0
13295,1085.71,21,2184,2,0,5.58,0
13296,4803.89,20,2140,1,0,16.07,0
13297,2068.4,18,1105,1,1,28.25,0
13298,4010.86,3,1021,3,2,18.71,0
13299,800.56,5,425,2,1,20.05,0
13300,1618.43,0,2339,2,2,36.55,0
13301,2439.45,14,529,3,0,4.61,0
13302,247.47,1,2832,7,0,19.13,0
13303,963.4,5,472,1,1,15.1,0
13304,1026.99,15,178,1,1,18.19,0
13305,1551.75,15,1339,5,1,28.92,0
13306,408.96,9,2125,1,1,22.1,0
13307,44.51,11,790,1,1,12.0,0
13308,5227.59,9,2582,3,0,29.39,0
13309,1553.67,22,1691,1,2,38.39,0
13310,1500.02,11,1380,1,1,16.32,0
13311,3119.4,15,2399,3,0,5.87,0
13312,1790.06,4,515,0,1,29.75,0
13313,3691.83,1,1002,1,0,17.74,0
13314,3340.15,0,176,2,0,23.47,0
13315,63.98,9,1140,0,0,19.31,0
13316,1367.35,18,1773,2,1,1.36,0
13317,9440.3,9,1563,3,0,38.98,0
13318,391.77,2,608,2,0,57.32,0
13319,6682.46,23,2503,1,0,26.57,0
13320,2346.78,7,2321,2,0,24.92,0
13321,1679.2,1,113,4,2,2.83,1
13322,490.01,4,1458,3,1,38.29,0
13323,2908.12,3,559,3,0,24.11,0
13324,4408.73,3,836,4,1,8.0,1
13325,2285.32,23,1891,3,0,29.28,0
13326,1181.3,10,1612,4,2,0.03,0
13327,1034.18,11,2166,1,0,39.9,0
13328,1130.76,22,2437,4,0,46.61,0
13329,4137.0,12,780,2,0,7.27,0
13330,2304.56,10,2386,3,0,7.93,0
13331,315.86,10,2573,1,1,30.56,0
13332,8812.97,21,1931,0,0,17.04,0
13333,488.71,0,2275,1,1,17.29,0
13334,53.45,13,324,3,1,21.07,0
13335,1432.02,18,2497,6,0,3.83,0
13336,2867.19,6,282,3,1,2.17,0
13337,7923.46,8,2892,3,0,7.47,0
13338,2547.8,11,2264,1,0,10.59,0
13339,12076.99,9,775,2,2,41.57,0
13340,2368.74,8,2850,1,2,44.07,0
13341,2209.91,10,1625,4,0,7.29,0
13342,3744.73,12,907,1,0,28.9,0
13343,3105.52,2,297,0,0,3.85,0
13344,613.45,7,2221,2,0,24.43,0
13345,1327.3,17,1520,2,1,9.64,0
13346,2150.8,1,839,1,0,15.88,0
13347,706.41,9,752,2,0,34.7,0
13348,5025.42,6,1669,2,0,20.58,0
13349,11585.17,5,2748,3,0,30.56,0
13350,2090.11,23,556,1,0,2.96,0
13351,1615.21,1,1019,2,0,4.34,0
13352,440.99,6,1270,3,2,15.7,0
13353,1468.13,14,1200,1,0,2.57,0
13354,158.27,5,1086,0,0,11.57,0
13355,5596.26,13,852,2,0,7.07,0
13356,701.56,20,442,1,1,51.1,0
13357,3250.59,0,1234,3,1,21.56,0
13358,2811.65,7,2717,4,0,8.08,0
13359,104.57,14,2926,2,0,8.6,0
13360,5727.12,18,1703,2,0,1.96,0
13361,410.29,16,2840,3,0,7.91,1
13362,3602.02,21,2696,5,0,4.52,0
13363,1866.43,12,2213,1,1,0.33,0
13364,967.08,0,134,4,1,31.9,0
13365,938.0,17,2668,3,0,6.41,0
13366,3489.14,10,2912,0,0,38.17,0
13367,1456.97,22,577,0,0,8.8,0
13368,1241.18,18,1150,1,1,10.17,0
13369,2213.35,12,2387,0,1,31.38,0
13370,3575.82,1,627,1,0,17.58,0
13371,50.59,20,368,3,1,32.69,0
13372,23152.66,20,2715,3,0,0.4,0
13373,4247.13,15,1795,4,1,51.41,0
13374,3350.18,9,264,1,1,33.0,0
13375,991.92,14,1080,1,0,13.51,0
13376,2160.97,6,154,3,0,14.55,0
13377,12023.02,9,852,2,1,33.35,0
13378,1981.29,10,240,2,0,54.76,0
13379,3648.82,4,936,1,3,4.74,0
13380,1256.34,17,1502,1,1,64.81,0
13381,4032.59,1,670,3,1,12.7,0
13382,1835.55,5,2291,3,0,10.94,0
13383,4639.49,19,1149,4,0,6.2,0
13384,130.26,13,1601,1,1,12.85,0
13385,1330.07,10,743,1,0,26.52,0
13386,265.03,14,1380,1,1,7.93,0
13387,1823.57,23,654,3,0,11.62,0
13388,4774.54,6,824,3,1,4.48,0
13389,803.31,4,2132,2,0,28.3,0
13390,696.72,4,2555,3,0,30.54,0
13391,291.33,7,39,1,0,32.14,0
13392,2724.4,4,67,1,0,6.08,0
13393,1053.95,4,1353,2,0,26.16,0
13394,326.93,12,2350,3,1,18.29,0
13395,2401.8,3,883,1,1,6.98,0
13396,1365.14,6,41,0,1,16.43,0
13397,2585.36,7,90,3,0,14.93,0
13398,4055.91,7,809,0,3,12.27,1
13399,9734.39,8,1673,3,1,7.54,0
13400,2381.86,14,1807,3,1,35.22,0
13401,5625.04,2,2836,3,2,8.18,0
13402,2414.79,3,2746,0,0,11.73,0
13403,1101.83,13,1869,0,0,28.29,0
13404,11532.45,11,44,2,2,3.14,0
13405,6812.22,14,1749,2,0,45.99,0
13406,4990.61,4,1960,3,0,11.82,0
13407,194.32,19,2499,0,0,6.03,0
13408,5820.75,11,1292,1,1,27.11,0
13409,31.66,7,233,3,0,19.54,0
13410,781.25,5,1139,2,0,17.04,0
13411,6116.1,20,1517,1,0,10.94,0
13412,4503.51,6,230,3,0,13.47,0
13413,2316.87,2,709,1,0,45.61,0
13414,3396.26,7,2383,1,1,47.1,0
13415,1880.23,17,1059,3,0,24.74,0
13416,193.62,15,699,1,0,19.54,0
13417,1586.46,7,119,2,1,11.32,0
13418,749.1,6,1110,1,1,4.13,0
13419,7859.12,22,540,4,1,19.14,0
13420,5175.22,1,521,2,2,48.55,0
13421,3063.21,17,1213,4,0,35.16,0
13422,2770.87,14,279,2,0,23.0,0
13423,2068.91,18,68,4,0,16.78,0
13424,1092.91,2,1861,1,1,16.95,0
13425,3514.74,22,668,2,2,11.21,0
13426,2048.53,5,2712,3,2,4.67,1
13427,630.72,4,1199,1,1,16.26,0
13428,1266.81,1,1530,5,1,22.19,0
13429,2858.22,1,1800,2,0,24.64,0
13430,1259.34,23,1695,0,0,27.28,0
13431,2662.74,8,2706,3,1,6.9,0
13432,336.02,17,1895,0,1,9.19,0
13433,750.43,23,417,3,0,0.3,0
13434,10.02,15,2631,3,0,26.44,0
13435,1651.72,20,2831,2,1,17.52,0
13436,2815.59,15,1316,1,0,4.64,0
13437,1520.84,8,1696,3,0,11.06,0
13438,1155.83,3,2549,0,0,24.13,0
13439,5190.42,19,750,2,0,26.29,0
13440,4202.65,8,205,4,1,15.12,0
13441,3715.76,12,1474,1,1,41.95,0
13442,4067.76,20,2219,1,0,9.29,0
13443,1147.68,7,2199,3,3,33.58,0
13444,6783.82,14,632,0,1,1.12,0
13445,353.73,21,1922,4,0,21.38,0
13446,64.48,20,608,2,3,1.03,1
13447,13192.68,10,2072,1,1,43.27,0
13448,4984.47,2,737,2,0,1.1,0
13449,392.49,4,1298,1,1,16.89,0
13450,619.71,19,165,4,0,25.68,0
13451,217.45,18,2819,2,0,27.22,0
13452,1675.9,10,1579,0,0,48.87,0
13453,2418.54,12,2187,1,1,24.93,0
13454,630.48,9,2919,6,1,11.33,0
13455,15492.21,8,2078,2,0,22.44,0
13456,3098.97,23,604,3,2,24.04,0
13457,5146.74,7,1989,2,0,11.25,0
13458,111.08,7,2570,2,1,45.4,0
13459,648.26,6,1849,1,0,48.55,0
13460,1231.54,18,313,1,0,40.23,0
13461,5494.45,5,409,1,0,38.71,0
13462,4435.54,4,347,3,2,29.26,0
13463,5689.5,2,194,3,0,24.96,0
13464,4660.48,3,2175,2,2,34.96,0
13465,284.49,14,2104,0,0,10.47,0
13466,2426.36,1,966,2,0,45.36,0
13467,6103.72,22,1420,4,0,35.91,0
13468,2912.86,22,2265,0,5,23.22,0
13469,594.51,13,2516,0,0,24.71,0
13470,1562.11,1,2743,0,0,28.62,0
13471,1329.9,2,1862,2,1,13.34,0
13472,6764.89,1,1986,3,1,38.15,0
13473,2368.69,9,2841,2,0,29.5,0
13474,998.71,1,2578,2,0,13.1,1
13475,3240.1,7,2451,1,0,11.96,0
13476,5865.66,4,1444,2,0,2.35,0
13477,5523.91,3,2408,0,1,29.26,0
13478,3277.41,19,2529,3,0,9.92,1
13479,21.08,8,2845,0,0,6.18,0
13480,632.22,11,730,1,0,21.58,0
13481,3424.26,19,1304,1,0,31.32,0
13482,1032.28,23,449,1,0,29.88,0
13483,1951.4,15,418,1,0,7.18,0
13484,3461.99,5,719,2,0,27.29,0
13485,1433.8,4,2017,3,0,6.7,0
13486,659.01,12,1043,4,0,13.11,0
13487,361.56,7,903,3,0,25.88,0
13488,40.84,17,1862,2,0,25.24,0
13489,3602.63,5,670,1,1,25.66,0
13490,117.3,0,1478,1,0,26.41,0
13491,1014.05,9,613,4,2,22.48,0
13492,5994.18,4,463,3,0,20.04,0
13493,1528.89,12,722,2,1,9.01,0
13494,567.28,12,2782,0,0,3.13,0
13495,4435.26,10,2807,2,1,31.0,0
13496,5002.38,8,2422,2,2,29.74,0
13497,1255.3,20,1567,3,0,33.53,0
13498,3505.51,6,800,1,1,15.38,0
13499,367.63,23,7,0,0,46.9,0
13500,3475.84,22,2211,0,1,16.93,0
13501,12111.59,6,829,6,1,7.73,0
13502,898.79,9,1206,4,0,40.68,0
13503,6539.33,9,1814,6,2,6.28,0
13504,2990.34,0,1249,1,0,28.64,0
13505,4560.07,16,2125,1,0,30.71,0
13506,1119.8,15,2084,1,1,36.89,0
13507,5057.79,19,2377,2,2,24.73,0
13508,902.44,10,49,2,0,35.09,0
13509,5549.31,8,1904,3,1,5.0,0
13510,2077.79,0,681,1,0,32.76,0
13511,1621.46,0,1533,3,1,1.36,0
13512,2084.59,19,2799,5,0,32.74,0
13513,3060.88,12,2079,0,1,22.25,0
13514,1201.7,21,1431,3,0,9.94,0
13515,1071.8,2,2508,4,2,21.1,1
13516,1352.7,10,777,0,0,15.78,0
13517,830.99,21,1836,1,0,10.81,0
13518,4993.9,15,1055,0,0,18.74,0
13519,5797.3,19,2876,2,1,1.49,0
13520,1339.1,5,1628,2,0,21.14,0
13521,3175.0,13,2600,0,2,6.7,0
13522,1759.93,21,857,1,0,1.78,0
13523,674.69,5,2449,1,1,29.79,0
13524,3517.46,23,1297,0,0,33.58,0
13525,726.27,13,956,3,0,14.57,0
13526,514.79,8,758,3,2,29.55,0
13527,5800.88,14,2040,2,0,11.26,0
13528,2005.73,15,1307,2,1,1.98,0
13529,1761.01,5,656,6,2,36.03,0
13530,2984.6,11,2324,3,1,10.96,0
13531,9668.31,4,72,2,0,5.24,1
13532,5454.25,13,330,3,0,3.92,0
13533,3361.78,12,1431,1,1,18.91,0
13534,2212.74,17,343,0,0,7.84,0
13535,12307.12,4,2477,0,0,28.43,0
13536,3627.32,4,114,4,0,1.73,1
13537,2935.03,20,1511,4,0,33.77,0
13538,441.62,18,2971,0,0,9.78,0
13539,9747.51,5,619,1,1,19.0,0
13540,607.84,18,1171,0,1,18.51,0
13541,917.98,3,293,2,0,10.2,0
13542,621.11,10,1682,2,0,3.72,0
13543,742.26,6,173,1,0,8.05,0
13544,2267.05,4,2423,3,0,16.29,0
13545,408.45,10,1294,4,0,15.15,0
13546,3676.75,21,2872,3,2,0.92,0
13547,854.36,18,1648,1,0,32.04,0
13548,4048.64,7,1786,3,1,7.97,0
13549,5403.96,7,1898,3,0,0.01,0
13550,4648.28,21,2950,2,1,12.29,0
13551,4971.51,4,2646,2,0,35.83,0
13552,175.4,13,706,3,0,9.14,0
13553,1636.45,19,2961,0,2,42.09,0
13554,1478.96,9,2721,4,0,33.13,0
13555,92.65,5,176,5,1,4.35,0
13556,5224.44,13,1545,0,0,26.36,0
13557,6900.24,2,1374,4,1,34.86,0
13558,407.37,21,1062,2,0,27.28,0
13559,820.04,19,2107,1,1,3.59,0
13560,1958.35,0,2648,0,1,20.31,1
13561,5991.33,21,2258,0,2,21.4,0
13562,1413.76,10,398,2,0,4.79,0
13563,2313.6,6,839,1,0,42.39,0
13564,1222.05,23,439,1,0,17.42,0
13565,2441.74,7,2682,2,2,34.06,0
13566,1710.02,17,166,5,0,26.02,0
13567,2359.25,1,1117,0,0,8.81,0
13568,5590.94,18,2190,1,1,26.65,0
13569,2791.4,7,2886,1,0,5.73,0
13570,5897.64,5,264,2,1,31.63,0
13571,2050.32,20,343,3,0,4.58,0
13572,4465.83,5,622,1,0,23.24,0
13573,125.87,3,709,1,2,18.92,1
13574,499.73,2,1525,0,2,38.82,0
13575,2842.81,23,1213,1,1,3.81,0
13576,553.05,16,2715,3,2,7.45,0
13577,2076.99,3,2914,1,0,13.75,0
13578,1304.37,11,2205,2,0,12.07,0
13579,561.61,4,1784,1,1,27.71,0
13580,434.07,17,1709,1,0,10.15,0
13581,2585.51,17,2046,0,1,40.82,0
13582,3435.0,12,1221,1,0,20.96,0
13583,6695.17,0,426,5,1,19.57,1
13584,711.02,18,450,3,0,10.16,0
13585,7433.5,16,1339,4,0,44.74,0
13586,2438.85,8,2279,5,0,6.83,0
13587,259.11,17,240,2,0,1.91,0
13588,3027.5,12,1267,3,0,9.0,0
13589,3861.44,9,548,5,2,17.07,0
13590,604.95,21,4,2,0,22.37,1
13591,550.01,1,1591,1,0,7.05,0
13592,300.44,5,2335,2,1,16.19,0
13593,236.71,16,2040,3,1,42.41,0
13594,1806.54,14,2615,1,0,5.8,0
13595,118.53,16,1968,12,1,40.26,0
13596,5208.86,7,1285,3,0,20.01,0
13597,5087.8,16,1341,2,0,9.24,0
13598,1659.09,23,1589,1,2,8.91,0
13599,3263.04,20,1646,4,0,15.34,0
13600,13551.08,9,1636,2,0,19.32,0
13601,1276.06,23,1274,1,2,4.7,0
13602,4564.67,23,487,1,0,16.28,0
13603,3653.49,19,1784,3,1,17.7,0
13604,575.28,23,530,3,0,7.93,0
13605,1817.04,6,1214,3,0,5.09,0
13606,1104.38,21,739,0,0,0.19,0
13607,7612.04,3,2501,1,0,15.63,0
13608,1260.87,4,2929,1,0,5.47,0
13609,6340.62,13,594,5,1,49.66,0
13610,7210.61,5,308,1,1,3.79,0
13611,1941.34,6,750,2,0,4.33,0
13612,2523.79,0,1252,0,1,38.13,0
13613,7245.37,22,262,2,0,25.9,0
13614,763.89,1,1165,0,0,1.64,0
13615,2230.09,5,2506,6,1,1.08,0
13616,614.44,8,2179,1,1,34.75,0
13617,4815.3,6,462,3,1,13.31,0
13618,3399.53,9,1990,0,1,21.76,0
13619,184.34,16,2328,1,1,14.73,0
13620,4501.57,22,459,1,1,47.02,0
13621,2977.73,2,1930,1,0,11.4,0
13622,396.25,19,1829,5,1,10.35,0
13623,1651.89,4,1665,2,0,15.5,0
13624,1486.12,18,2497,2,0,4.73,0
13625,3902.38,19,2511,3,1,19.8,0
13626,6669.76,8,2357,3,0,38.11,0
13627,8854.87,22,2158,2,1,28.11,0
13628,337.97,3,2670,0,2,14.34,1
13629,8137.42,5,2105,6,0,0.68,0
13630,1292.06,22,816,0,0,32.57,0
13631,2388.09,3,2251,0,0,30.5,0
13632,2028.43,0,234,3,3,42.45,1
13633,6993.54,7,1770,0,0,8.38,0
13634,625.7,13,1679,1,0,19.07,0
13635,3320.49,0,2819,2,0,13.57,0
13636,2159.37,23,689,1,0,12.09,0
13637,8396.76,22,9,4,0,26.06,0
13638,1901.61,1,23,4,1,3.53,1
13639,5110.35,11,806,3,1,18.48,0
13640,1077.46,23,661,4,0,5.82,0
13641,1137.02,17,1379,3,0,17.48,0
13642,3526.92,6,2229,1,1,50.01,0
13643,642.43,12,773,3,0,51.24,0
13644,9239.59,3,16,2,0,10.02,1
13645,2186.82,10,2588,3,0,22.88,0
13646,5720.2,1,1338,1,1,6.79,0
13647,814.62,5,1107,3,0,7.89,0
13648,5495.5,7,2169,2,1,9.13,0
13649,4048.79,7,2253,5,0,9.13,0
13650,3471.75,22,8,1,0,14.41,1
13651,1373.3,11,2266,3,0,34.55,0
13652,5600.58,22,663,4,0,7.31,0
13653,263.17,13,2523,0,1,34.49,0
13654,3128.44,5,2704,2,2,61.74,0
13655,4001.6,18,2505,2,1,1.14,0
13656,636.01,1,245,3,1,12.11,0
13657,2038.58,14,1631,0,0,25.63,0
13658,2761.15,17,2857,2,1,11.39,0
13659,2229.82,13,672,5,1,17.87,1
13660,3262.16,14,1787,2,0,63.7,1
13661,4039.9,7,931,3,0,10.56,0
13662,1833.59,5,2277,4,0,29.08,0
13663,552.78,6,2055,4,0,11.91,0
13664,1391.27,19,1579,2,0,38.46,0
13665,2810.49,21,835,0,0,14.19,0
13666,257.62,6,1982,3,1,12.27,1
13667,10283.09,13,342,2,1,23.04,0
13668,3492.69,16,1378,3,1,52.2,0
13669,181.14,20,468,0,0,24.18,0
13670,2517.16,20,2222,7,0,19.12,0
13671,3588.6,12,726,3,0,34.2,0
13672,115.74,12,1864,3,0,6.01,0
13673,2839.15,3,1016,1,0,1.77,0
13674,2339.24,13,2262,1,0,30.17,0
13675,47.29,9,446,3,0,8.29,0
13676,1510.84,0,305,2,1,27.28,0
13677,2047.71,6,636,3,0,42.01,0
13678,8635.25,21,2072,1,0,59.82,0
13679,18401.21,5,824,4,0,24.04,0
13680,8753.91,7,2937,2,0,13.47,0
13681,3389.54,19,625,1,1,0.81,0
13682,1215.68,3,2757,1,1,14.18,0
13683,2392.53,17,2082,1,1,54.1,0
13684,437.99,23,917,6,0,8.92,0
13685,777.22,11,766,2,2,5.71,0
13686,5781.16,14,2458,1,1,28.52,0
13687,2246.97,23,260,3,0,38.06,1
13688,859.04,16,1954,1,1,9.54,0
13689,8767.3,10,2901,2,1,4.88,0
13690,1419.44,23,2869,1,1,26.9,0
13691,3891.48,0,1664,2,1,18.55,0
13692,2276.39,15,2020,1,0,26.0,0
13693,1876.9,12,390,1,2,12.69,0
13694,171.18,20,178,0,0,28.91,0
13695,4774.34,13,2577,1,0,33.09,0
13696,6964.09,23,1517,0,0,14.33,0
13697,528.65,18,685,0,0,4.81,0
13698,2229.96,0,2601,1,1,6.34,0
13699,6707.05,17,2141,2,0,33.06,0
13700,4474.98,3,2680,2,0,9.14,0
13701,174.17,8,1014,0,0,17.6,0
13702,1508.54,2,2545,1,1,21.03,0
13703,3883.13,4,1914,2,0,30.45,0
13704,711.04,19,1822,3,1,44.7,0
13705,11368.45,13,479,1,0,1.71,0
13706,1825.04,14,2061,2,0,24.53,0
13707,2778.27,22,454,1,1,51.07,0
13708,175.47,11,2431,3,0,42.44,0
13709,621.57,13,2374,2,0,5.64,0
13710,2158.75,17,2635,1,1,45.13,0
13711,8714.16,7,2217,2,1,13.57,0
13712,318.79,22,1225,1,1,7.98,0
13713,412.56,11,2707,1,0,10.27,0
13714,7414.8,15,730,3,0,24.58,0
13715,1531.18,23,2768,1,0,10.81,0
13716,7059.74,0,2934,2,0,7.49,0
13717,6849.09,23,618,3,1,7.12,0
13718,967.01,22,1601,3,0,29.89,0
13719,6113.54,12,1510,1,2,1.58,0
13720,2347.36,22,1636,4,0,22.43,0
13721,2693.16,17,1575,5,0,7.3,0
13722,9327.43,5,2506,2,0,54.06,0
13723,1081.82,11,2355,1,0,37.69,0
13724,731.09,3,567,2,1,7.76,0
13725,335.68,10,1836,3,1,13.1,0
13726,5109.11,6,1262,1,0,34.66,0
13727,3751.42,19,2078,2,1,32.75,0
13728,73.34,18,2317,0,0,20.8,0
13729,5800.79,5,1407,1,2,10.31,0
13730,2062.04,10,916,2,1,42.56,0
13731,80.59,19,1118,3,0,9.67,0
13732,1411.13,21,1783,4,0,30.06,0
13733,1180.09,20,2607,3,0,0.94,0
13734,623.06,0,1821,2,0,27.09,0
13735,1203.47,23,1221,1,0,22.72,0
13736,56.69,4,2373,2,2,11.29,0
13737,1678.64,19,93,3,0,10.45,0
13738,262.11,14,1099,0,1,11.41,0
13739,9072.96,20,1947,2,0,20.35,0
13740,3130.93,4,2529,2,1,7.06,0
13741,1213.04,13,1733,0,0,45.7,0
13742,1411.68,18,1248,2,0,56.49,0
13743,4115.46,2,1794,0,0,14.88,0
13744,454.68,18,2535,2,0,24.58,0
13745,2837.67,12,1985,2,0,36.7,0
13746,6.13,0,2304,4,0,7.69,0
13747,498.47,0,2267,2,0,16.41,1
13748,431.22,19,1874,1,1,5.52,0
13749,1575.69,9,2810,4,1,27.07,0
13750,1892.01,21,2040,1,0,8.74,0
13751,5877.28,8,2291,3,0,31.45,0
13752,1573.7,11,2809,0,0,3.9,0
13753,6410.42,19,2339,2,0,19.09,0
13754,4988.32,9,1662,3,0,48.16,0
13755,792.03,8,309,2,0,45.04,0
13756,2911.37,16,793,2,0,21.67,0
13757,156.11,19,2065,5,0,19.16,0
13758,535.02,9,461,1,1,29.42,1
13759,1086.7,13,1893,3,0,28.39,0
13760,2382.87,7,1184,4,1,19.47,0
13761,1197.62,14,2126,2,0,25.38,0
13762,3983.22,20,1407,0,0,30.84,0
13763,2167.84,6,1633,2,0,13.89,0
13764,13846.63,23,2382,1,1,19.2,0
13765,4220.31,17,2185,3,0,18.84,0
13766,4306.61,3,1560,4,1,5.97,0
13767,4586.54,9,2394,2,1,13.18,0
13768,282.56,17,115,3,0,16.57,0
13769,9087.56,8,1188,2,0,14.5,0
13770,1713.49,10,41,1,0,43.22,0
13771,8448.17,19,683,1,1,30.66,0
13772,390.42,21,2622,2,0,18.64,0
13773,9908.01,16,1616,3,0,9.41,0
13774,2610.28,0,1339,1,0,38.88,0
13775,125.12,5,485,2,0,7.59,0
13776,3081.36,1,672,3,0,5.97,0
13777,1982.98,12,572,4,0,36.11,0
13778,6942.39,14,161,5,0,21.54,0
13779,1210.68,12,1640,2,2,5.1,0
13780,7439.79,9,2265,0,0,31.55,0
13781,6936.21,19,251,3,0,11.77,0
13782,1633.51,0,2230,3,0,28.9,0
13783,2597.73,5,1109,1,0,43.6,0
13784,711.45,17,1035,2,1,28.05,0
13785,9723.6,11,2131,2,0,28.07,0
13786,1946.84,3,908,3,1,12.32,0
13787,16576.85,0,2279,0,0,13.92,0
13788,829.29,17,2348,1,0,33.02,1
13789,1143.26,17,779,3,0,17.5,0
13790,6036.13,21,169,0,1,14.98,0
13791,1981.83,10,1977,2,0,6.6,0
13792,2776.1,9,2732,4,0,22.49,0
13793,872.56,17,2258,2,0,5.73,0
13794,4513.67,7,2535,1,1,21.61,0
13795,4377.03,19,1941,0,1,41.91,0
13796,4060.3,8,435,3,0,9.2,0
13797,3821.12,17,1424,0,0,0.36,0
13798,4122.07,13,969,2,1,29.7,0
13799,231.25,0,612,1,0,35.58,1
13800,6394.7,14,1518,2,1,17.71,0
13801,505.0,0,194,4,0,7.22,0
13802,151.32,0,872,2,0,16.89,0
13803,1258.26,1,2784,0,0,9.37,0
13804,411.92,11,2950,2,0,16.5,0
13805,4314.12,12,2781,0,0,1.18,1
13806,3808.35,12,418,4,0,9.55,0
13807,9.84,18,2444,3,0,23.47,0
13808,3591.81,11,2643,4,1,50.63,0
13809,2438.29,6,71,3,0,18.39,0
13810,37.66,11,1587,3,1,8.08,0
13811,985.93,9,398,5,0,7.2,0
13812,7896.46,17,1070,3,1,1.31,0
13813,2236.67,18,785,1,0,45.28,1
13814,5044.29,14,2218,3,2,17.86,0
13815,3633.19,21,1206,4,0,59.68,0
13816,2436.16,13,1839,3,0,19.48,0
13817,7009.06,18,213,3,1,36.34,0
13818,673.92,16,1966,3,0,15.03,0
13819,1141.13,23,80,0,0,10.94,0
13820,5104.7,20,485,3,0,43.1,0
13821,677.76,16,1934,3,2,40.82,0
13822,5840.66,5,1698,2,0,2.04,0
13823,2934.26,20,144,5,1,7.02,0
13824,2338.17,0,463,4,0,11.2,0
13825,3210.98,20,836,1,0,21.56,0
13826,6786.82,13,1526,4,0,28.63,0
13827,540.56,22,504,3,2,19.27,0
13828,456.46,1,946,0,1,12.97,0
13829,2958.0,8,1211,2,1,13.75,0
13830,1689.25,9,1033,0,0,15.62,0
13831,436.07,4,2464,2,0,33.26,0
13832,3532.7,19,178,2,3,46.24,0
13833,7873.3,12,1983,4,0,4.93,0
13834,924.03,8,2725,3,0,24.24,0
13835,8353.08,10,1729,1,1,5.14,0
13836,379.88,17,1642,2,0,31.37,0
13837,2147.53,11,676,0,1,0.09,0
13838,1011.9,9,159,1,1,1.91,0
13839,3304.48,12,581,5,0,5.93,0
13840,4616.32,4,479,1,0,8.6,0
13841,2087.59,10,1410,2,0,53.0,0
13842,3292.49,19,2447,1,0,33.28,0
13843,4187.28,13,1957,3,3,19.98,1
13844,645.95,4,1292,3,0,36.83,0
13845,312.74,13,731,4,0,28.45,0
13846,2449.12,5,741,2,0,5.16,0
13847,1171.28,3,2495,1,0,1.47,0
13848,20642.74,0,1359,3,0,11.14,1
13849,522.16,7,883,5,0,38.49,0
13850,1550.22,20,2653,2,0,13.97,0
13851,6486.32,21,1208,2,0,2.48,0
13852,1301.8,14,121,2,0,14.29,0
13853,4570.21,8,2044,1,2,12.7,0
13854,477.31,9,1968,3,2,11.91,0
13855,305.26,12,1244,4,0,30.76,0
13856,2051.58,17,1182,4,0,6.9,0
13857,2248.94,21,1334,2,1,2.13,0
13858,823.31,11,2447,0,1,34.18,0
13859,368.24,7,2461,4,1,21.8,0
13860,1738.74,13,1337,2,0,40.05,0
13861,3184.15,5,395,2,0,25.75,1
13862,14133.55,7,2189,0,2,40.95,0
13863,1943.21,7,1281,1,0,14.37,0
13864,2002.34,0,2004,3,0,60.44,0
13865,3241.78,2,562,2,0,20.88,0
13866,8606.13,9,1365,1,0,5.69,0
13867,5285.71,23,1425,3,0,19.62,0
13868,5564.73,6,417,0,2,10.63,0
13869,6474.51,5,2874,2,0,43.24,0
13870,1504.9,19,231,4,2,15.93,0
13871,11559.76,0,1021,2,0,15.18,0
13872,174.03,12,524,4,0,25.19,0
13873,2162.71,21,758,1,0,21.0,0
13874,282.59,2,279,0,1,25.63,0
13875,6369.97,22,1935,3,2,12.04,0
13876,254.41,7,2622,3,0,4.93,0
13877,3697.26,4,2595,2,0,46.62,0
13878,4796.12,14,2027,0,0,10.2,0
13879,1929.11,5,1744,4,1,19.39,0
13880,2136.14,8,2196,0,0,28.24,1
13881,140.83,20,2235,4,1,11.76,0
13882,3201.96,23,1010,3,0,27.72,0
13883,2234.87,19,1420,2,0,13.6,0
13884,186.34,17,1315,0,0,5.31,0
13885,2069.1,22,2766,2,0,47.1,0
13886,2336.63,10,2270,2,2,15.58,0
13887,5683.08,10,701,1,1,17.23,0
13888,7715.05,5,2394,1,1,5.76,0
13889,237.29,21,1251,5,0,3.99,0
13890,235.66,5,2791,2,0,24.5,0
13891,4802.89,11,574,3,0,36.12,0
13892,1761.64,22,1281,0,0,34.04,0
13893,824.22,3,1664,2,0,15.09,0
13894,2265.68,3,2058,2,0,35.44,1
13895,4208.96,10,2004,1,0,11.82,0
13896,820.56,11,2519,2,1,23.16,0
13897,3000.19,2,1838,1,0,24.62,0
13898,803.33,2,225,3,0,15.69,0
13899,1603.43,10,214,1,1,24.28,0
13900,3525.09,16,2609,4,3,23.69,1
13901,1202.55,1,1488,1,0,28.85,0
13902,594.72,9,2455,1,1,34.64,0
13903,128.9,2,1059,3,1,15.01,1
13904,810.36,14,1861,3,0,40.88,0
13905,4837.21,9,1103,3,0,28.0,0
13906,11337.81,15,944,1,0,42.27,0
13907,3852.55,11,2616,0,0,28.63,0
13908,5200.58,6,1461,3,1,8.51,0
13909,3168.6,4,1219,1,2,27.12,0
13910,344.04,14,2167,4,0,5.58,0
13911,1198.34,23,3000,2,1,5.36,0
13912,2380.45,9,460,3,0,12.03,0
13913,1716.86,14,488,4,1,38.32,0
13914,4139.44,11,2379,2,0,25.12,0
13915,5107.75,9,2877,2,0,5.08,0
13916,2602.22,18,1882,3,0,7.64,0
13917,801.09,6,1065,4,1,5.31,0
13918,2252.74,9,2471,3,0,8.18,0
13919,3307.01,6,151,4,2,9.35,0
13920,3413.2,10,948,3,1,30.38,0
13921,1127.47,15,2092,1,2,18.17,0
13922,1263.41,17,125,1,0,19.79,0
13923,10378.77,7,800,2,0,4.72,0
13924,1507.33,3,2171,2,0,5.65,0
13925,537.23,6,1726,3,1,28.13,0
13926,393.59,2,282,4,0,27.97,1
13927,2452.03,22,824,0,1,22.48,0
13928,1156.95,7,2640,4,0,29.89,0
13929,2593.56,16,2462,1,1,17.59,0
13930,2222.55,5,1750,0,2,47.03,0
13931,18031.85,1,2102,0,0,24.07,0
13932,638.84,15,2073,3,0,40.89,0
13933,2079.57,17,718,3,0,34.29,0
13934,785.83,17,280,2,2,14.05,0
13935,612.95,11,714,1,0,12.53,0
13936,541.55,15,2226,1,0,16.16,0
13937,1001.7,15,805,2,0,46.76,0
13938,125.07,0,1169,3,1,19.28,1
13939,10624.97,17,1781,2,0,17.87,0
13940,7665.53,5,1295,0,0,21.24,0
13941,41.24,21,257,0,1,35.64,0
13942,2202.18,10,744,1,1,19.34,0
13943,3229.23,3,1824,0,0,12.21,1
13944,5764.53,22,1253,3,0,11.37,0
13945,1097.17,13,1339,4,1,22.46,0
13946,1667.59,21,872,1,1,1.63,0
13947,2987.71,10,2986,1,0,27.91,0
13948,2417.88,7,1977,3,1,19.09,0
13949,191.24,16,205,1,0,31.33,0
13950,2777.71,3,2097,0,1,16.91,0
13951,13381.65,18,440,0,1,18.35,0
13952,2424.8,11,1741,3,1,39.17,0
13953,1050.03,21,1960,2,1,21.46,0
13954,609.96,6,1199,0,0,22.53,0
13955,1535.35,8,1563,2,1,22.28,0
13956,4739.06,15,359,2,0,28.94,0
13957,705.66,23,1963,2,0,22.29,0
13958,2011.98,14,1552,2,0,34.51,0
13959,874.7,5,2427,1,0,3.35,0
13960,3671.23,12,2412,1,1,30.59,0
13961,651.95,2,1272,2,0,34.74,0
13962,4178.21,7,860,2,0,32.33,0
13963,3261.23,12,560,3,1,25.76,0
13964,716.87,18,2477,0,1,24.31,0
13965,2890.34,18,1053,1,0,2.59,0
13966,946.56,12,2577,1,1,13.07,0
13967,659.13,13,1074,4,0,4.63,0
13968,5578.29,10,216,1,0,12.01,0
13969,6394.77,19,2407,4,1,42.48,0
13970,5274.65,18,2400,1,4,13.89,0
13971,6378.5,0,2825,0,0,5.54,0
13972,1867.07,1,460,2,2,3.65,1
13973,362.67,1,2181,2,2,37.23,0
13974,3618.82,19,2270,0,0,43.88,0
13975,4949.94,10,1965,6,1,17.6,0
13976,2446.56,7,2366,3,0,10.93,0
13977,1838.61,0,2177,1,2,14.48,0
13978,7293.49,7,2801,0,0,50.67,0
13979,23243.46,22,1395,0,0,24.55,0
13980,1401.45,5,390,2,0,18.98,0
13981,917.32,22,349,2,1,7.58,0
13982,1209.87,17,2435,3,0,4.7,0
13983,1127.71,13,2718,3,0,1.9,0
13984,4532.86,16,1190,1,0,11.15,0
13985,4222.04,9,698,1,0,22.5,0
13986,5008.05,20,1208,2,1,23.4,0
13987,6665.16,12,1135,2,0,50.56,0
13988,6805.15,23,2108,0,0,50.65,0
13989,7934.54,16,1219,1,0,28.3,0
13990,1039.49,19,2745,2,2,37.98,0
13991,999.03,19,2967,2,1,5.36,0
13992,3234.29,14,2388,1,0,14.46,0
13993,4695.96,11,1795,1,1,29.19,1
13994,1906.13,5,2299,1,2,9.47,0
13995,404.7,11,2009,2,0,62.96,0
13996,4356.56,10,2602,1,0,1.89,0
13997,3290.0,22,2339,0,1,36.46,0
13998,3487.22,11,2130,2,1,27.45,0
13999,3605.28,4,2124,3,2,13.75,0
14000,784.8,23,456,2,2,32.25,0
14001,5169.34,18,211,1,1,13.71,0
14002,1504.53,5,588,0,0,5.77,0
14003,2141.9,2,1807,2,0,6.02,0
14004,1838.26,23,2392,1,3,12.84,0
14005,5663.32,14,2995,1,0,8.57,0
14006,23386.65,17,2496,1,2,30.27,0
14007,1103.11,21,2714,2,2,1.94,0
14008,700.43,20,304,3,1,14.63,0
14009,568.8,4,1226,2,0,20.21,0
14010,2037.33,16,2214,1,0,12.77,1
14011,3707.72,6,2619,4,0,40.21,0
14012,2397.97,19,1851,2,0,10.7,0
14013,1627.86,2,1893,1,0,1.01,0
14014,1493.83,0,1345,2,0,41.35,0
14015,28.25,18,2168,3,0,1.68,0
14016,403.58,9,1076,0,0,48.47,0
14017,5098.2,10,406,2,0,58.06,0
14018,4490.49,8,845,3,1,12.19,0
14019,1176.41,13,2034,2,1,0.91,0
14020,1891.97,5,2143,1,0,57.99,0
14021,2812.81,12,2144,2,0,13.66,0
14022,216.41,3,340,2,1,27.14,0
14023,3370.54,5,2975,0,0,8.83,0
14024,5433.06,6,2615,5,0,21.39,0
14025,4648.47,0,860,2,0,14.18,1
14026,218.46,16,2060,2,1,8.38,0
14027,9854.25,10,1780,2,1,31.41,0
14028,3664.38,17,468,1,0,12.11,0
14029,4910.26,2,2368,2,0,12.22,0
14030,1095.91,7,2498,0,1,25.95,0
14031,1100.87,15,2207,2,0,52.06,0
14032,798.09,2,1127,0,0,7.19,0
14033,1322.74,10,2362,0,0,19.99,0
14034,734.98,0,93,1,0,35.66,0
14035,4882.89,23,2529,4,0,7.77,0
14036,719.43,21,2950,4,0,24.87,0
14037,2219.82,18,2582,1,0,4.33,0
14038,2422.21,5,432,2,0,40.36,0
14039,7796.06,14,1917,0,0,29.42,0
14040,984.77,18,193,2,0,4.87,0
14041,3644.48,11,1293,1,1,11.97,0
14042,377.33,4,2295,0,0,0.04,0
14043,910.96,13,1733,0,0,8.82,0
14044,4250.33,18,851,1,0,22.57,0
14045,846.71,7,1531,2,2,8.81,0
14046,6939.64,2,2573,1,0,6.48,0
14047,356.28,21,1283,2,1,35.88,0
14048,1035.01,23,2067,1,1,44.56,1
14049,2743.54,17,85,1,0,19.26,0
14050,7804.57,23,1904,2,1,15.47,0
14051,1754.21,23,49,1,1,17.44,0
14052,2083.27,21,1305,3,2,30.32,0
14053,1596.8,6,519,2,0,33.83,0
14054,2608.23,21,1617,1,1,34.58,0
14055,2150.78,0,498,1,0,25.9,0
14056,194.21,3,2358,2,1,27.89,0
14057,64.99,7,2395,2,0,7.53,0
14058,2510.22,2,43,0,0,17.99,0
14059,959.15,7,2182,2,0,11.73,1
14060,3558.06,4,2350,0,0,9.29,0
14061,5108.08,15,1260,3,0,22.28,0
14062,928.52,4,2648,3,1,19.85,0
14063,5289.59,10,1432,0,0,35.01,0
14064,567.81,3,997,5,3,14.56,0
14065,1260.08,23,1748,1,1,56.29,0
14066,954.03,1,2351,1,0,46.23,0
14067,1764.76,1,2827,0,1,42.38,0
14068,799.91,16,1344,0,0,43.23,0
14069,298.24,17,414,2,1,23.41,0
14070,1037.51,16,2938,1,1,27.46,0
14071,934.34,3,175,2,0,2.47,0
14072,266.26,9,1343,2,0,6.83,0
14073,6620.48,1,556,2,0,0.22,0
14074,7346.02,9,870,3,0,5.07,0
14075,556.25,22,1889,1,0,10.06,0
14076,1140.46,6,1641,3,1,15.68,0
14077,890.38,2,1406,3,1,10.22,0
14078,2081.35,22,2175,1,1,10.41,0
14079,2159.47,15,843,2,1,27.34,0
14080,210.09,12,1647,1,1,35.33,0
14081,3764.99,4,1802,2,2,3.01,0
14082,8960.44,2,889,0,0,4.27,0
14083,3165.94,22,1429,1,0,19.48,0
14084,3160.9,16,2952,2,2,4.04,0
14085,1764.65,19,1643,3,1,82.21,0
14086,2788.23,18,1005,2,1,26.49,0
14087,4728.95,6,1447,1,0,14.91,0
14088,760.06,7,2535,2,0,17.37,0
14089,3358.22,1,2885,2,1,12.02,0
14090,5617.96,0,2567,2,1,21.82,0
14091,849.58,10,2231,2,0,11.57,0
14092,2283.09,10,1763,0,0,6.38,0
14093,1402.71,2,1503,2,2,31.45,0
14094,631.76,20,1196,1,2,17.69,0
14095,2500.17,14,2727,1,0,6.52,0
14096,971.11,7,353,3,1,27.86,0
14097,2070.53,20,1370,2,0,9.14,0
14098,2193.44,12,1539,1,2,36.27,0
14099,3805.44,7,2396,4,0,21.2,0
14100,4357.4,15,2327,0,1,36.35,0
14101,2883.84,5,1463,1,0,30.04,0
14102,5701.41,11,474,0,1,8.29,0
14103,8384.76,3,1556,1,0,4.39,0
14104,6732.03,9,1009,2,2,9.77,0
14105,4794.93,12,2781,1,1,26.9,0
14106,1653.23,19,175,3,0,25.64,0
14107,3335.37,21,549,1,0,32.21,0
14108,1853.42,16,983,1,0,23.52,0
14109,5620.55,15,1992,2,0,23.39,0
14110,47.62,5,1872,2,0,5.58,0
14111,1381.51,0,649,4,0,11.56,0
14112,703.01,17,2436,2,1,18.59,0
14113,1327.52,13,2664,0,0,30.29,0
14114,5342.47,12,1679,0,0,3.45,0
14115,4091.92,0,1406,0,0,6.13,0
14116,1151.38,7,1209,1,1,14.96,0
14117,6382.94,5,2135,1,1,37.25,0
14118,1615.98,2,1548,0,1,2.04,0
14119,2427.34,8,1051,1,1,16.89,0
14120,4094.17,2,2887,2,0,28.78,0
14121,1340.27,21,1689,2,1,10.52,0
14122,3128.5,2,144,1,2,12.59,0
14123,2331.57,3,2554,2,0,23.66,0
14124,613.16,22,1892,1,0,28.67,0
14125,5703.71,10,2600,2,0,28.44,0
14126,58.74,6,1372,5,1,16.11,0
14127,1054.33,17,2601,0,2,11.84,0
14128,2723.56,9,1678,4,0,3.17,0
14129,2752.99,8,176,1,2,62.61,0
14130,1360.57,11,510,0,0,30.41,0
14131,3350.2,1,774,4,0,24.33,1
14132,2047.59,21,2295,1,0,26.51,0
14133,145.62,17,6,1,0,23.89,0
14134,3041.23,4,2009,2,0,12.46,0
14135,102.0,6,34,5,0,14.28,0
14136,2828.39,8,585,2,1,58.18,0
14137,675.88,15,1720,1,0,11.35,0
14138,913.92,6,1730,2,1,9.38,0
14139,1328.53,4,2086,3,1,22.13,0
14140,3827.25,3,1079,3,0,1.1,0
14141,966.76,20,1062,5,0,27.94,0
14142,3418.1,21,1109,4,0,7.96,0
14143,4276.25,14,476,0,0,1.0,0
14144,2860.29,16,2372,3,0,14.12,0
14145,1513.06,7,2425,3,0,21.41,0
14146,338.66,10,866,3,0,6.15,0
14147,5213.13,0,2357,1,1,7.27,0
14148,1072.36,13,2356,4,0,18.83,0
14149,3460.77,1,1714,2,0,22.82,0
14150,160.1,15,1648,2,0,3.91,0
14151,2516.32,8,2848,5,1,25.62,0
14152,3783.5,21,2486,2,1,4.73,0
14153,2953.32,20,2835,2,1,27.02,0
14154,541.89,0,2334,2,0,1.19,0
14155,20.25,5,710,2,1,22.64,0
14156,1336.05,16,2198,1,0,13.73,0
14157,1250.08,8,2514,1,1,3.52,0
14158,3463.73,16,1861,1,0,1.2,0
14159,5397.2,8,1311,2,1,35.69,0
14160,1678.13,11,459,4,0,25.75,0
14161,5588.6,22,972,2,0,26.4,0
14162,3349.34,10,2203,6,1,2.07,0
14163,118.17,23,1859,0,0,16.2,0
14164,1143.42,4,2011,0,1,51.08,1
14165,1895.1,3,1858,3,1,0.05,0
14166,2848.75,8,806,1,1,10.38,0
14167,526.84,0,2629,3,0,14.67,0
14168,4369.64,13,2265,2,1,9.99,0
14169,6495.81,17,491,5,0,17.95,1
14170,955.33,3,1572,4,0,39.62,0
14171,4895.51,8,2953,4,1,0.95,0
14172,740.68,1,832,5,0,47.37,0
14173,114.68,9,854,2,1,32.74,0
14174,2830.53,18,2064,4,1,5.6,0
14175,1680.65,16,267,3,0,16.16,0
14176,4138.25,16,2022,3,0,53.89,0
14177,1963.49,6,2247,1,0,23.42,0
14178,1862.04,15,1816,2,1,26.64,0
14179,2741.99,20,1472,3,1,9.82,0
14180,640.08,16,912,5,0,18.07,0
14181,2262.61,23,959,1,0,29.97,0
14182,1483.09,6,1658,1,1,14.9,0
14183,64.21,9,1946,3,0,35.84,0
14184,10153.01,14,58,1,1,37.34,0
14185,2472.73,8,387,2,1,1.1,0
14186,2424.19,7,2939,4,0,0.66,0
14187,956.04,0,2479,2,0,24.87,0
14188,1946.61,0,2551,2,0,17.82,0
14189,2477.23,3,1430,6,0,14.95,0
14190,1289.64,6,2100,1,1,3.36,0
14191,5751.52,20,1717,1,0,2.96,0
14192,2016.06,0,764,1,0,17.81,0
14193,4038.56,17,524,2,0,48.36,0
14194,5574.32,12,546,2,1,16.84,0
14195,4892.71,11,1084,1,0,26.32,0
14196,4661.84,5,162,2,0,64.86,0
14197,1939.98,8,278,1,1,17.61,0
14198,444.61,20,698,2,0,33.04,0
14199,101.78,7,349,4,1,29.71,0
14200,8712.71,19,143,2,1,28.59,0
14201,8639.85,23,2673,5,0,32.38,0
14202,2919.84,11,1845,3,1,5.55,0
14203,3819.32,14,549,4,0,1.69,0
14204,628.13,0,1100,2,1,15.97,0
14205,2473.21,8,272,4,1,4.99,0
14206,4106.46,0,232,1,1,7.59,0
14207,2647.53,22,2827,1,0,42.91,0
14208,8541.79,15,2825,0,0,4.76,0
14209,2341.25,18,2885,2,1,2.46,0
14210,33.79,8,409,3,1,6.2,0
14211,953.54,18,882,0,0,33.62,0
14212,5251.68,5,1109,4,0,16.41,0
14213,2628.08,11,984,4,1,20.4,0
14214,2951.38,17,2635,2,1,3.86,0
14215,683.01,2,244,1,1,91.6,0
14216,664.17,19,1978,2,1,20.26,0
14217,11534.7,22,2524,1,0,27.66,0
14218,5097.73,9,405,4,0,3.35,0
14219,4079.08,20,592,1,1,1.45,0
14220,5187.14,4,1135,1,0,12.92,0
14221,788.28,17,1908,4,0,20.23,0
14222,111.86,0,2406,3,0,10.78,1
14223,396.16,23,2286,3,1,21.05,0
14224,1423.18,15,619,2,2,15.79,0
14225,305.2,23,1597,1,0,19.31,0
14226,582.83,8,2353,4,0,20.12,0
14227,1907.95,13,839,2,0,11.64,0
14228,740.78,5,727,0,0,4.13,0
14229,168.81,11,321,4,3,4.77,0
14230,3197.74,15,1223,4,0,35.25,0
14231,6009.33,4,760,3,0,26.82,0
14232,4139.82,9,58,3,0,9.17,0
14233,3903.89,8,2843,0,0,14.86,0
14234,297.01,20,2759,4,1,30.57,0
14235,279.69,6,707,3,3,49.12,0
14236,4868.74,13,409,3,0,28.43,0
14237,698.84,3,2186,2,2,3.77,0
14238,267.16,19,212,6,1,24.48,0
14239,1504.09,1,789,0,0,2.2,1
14240,4413.83,9,1568,1,2,36.38,0
14241,8646.89,16,1768,0,1,3.61,0
14242,8218.65,3,2817,3,0,0.36,1
14243,5518.29,12,882,4,0,22.33,1
14244,1677.37,1,1946,4,0,6.38,0
14245,1852.07,0,612,0,1,35.34,0
14246,5653.32,17,1636,2,0,8.12,0
14247,1586.33,14,2845,0,0,35.35,0
14248,3834.94,20,696,5,2,37.89,0
14249,859.36,1,621,1,1,21.38,0
14250,3536.13,1,131,1,0,5.88,0
14251,2919.84,19,1374,1,1,20.54,0
14252,965.69,7,1602,1,0,14.17,0
14253,1821.48,13,2956,1,2,7.93,0
14254,4093.14,4,288,1,1,17.6,0
14255,1490.37,18,1477,4,0,35.33,0
14256,8508.1,6,1677,0,1,27.68,0
14257,1950.3,17,2390,3,0,51.75,0
14258,3871.8,0,41,3,0,3.45,0
14259,391.96,10,1905,5,0,13.09,0
14260,4123.29,15,2478,1,1,36.14,0
14261,3347.8,10,123,2,0,11.95,0
14262,3658.04,1,393,2,0,36.55,0
14263,7473.47,15,997,5,1,13.43,1
14264,3531.97,4,1367,4,0,13.99,0
14265,1825.78,18,51,1,1,28.36,0
14266,31.52,0,1890,2,2,21.38,1
14267,5044.84,6,2521,4,0,39.54,0
14268,4547.22,14,367,1,1,1.2,0
14269,868.84,6,142,1,0,3.95,0
14270,39.02,20,1850,1,0,8.33,0
14271,12.24,5,657,2,0,4.69,0
14272,1329.27,2,448,1,1,31.24,0
14273,1923.14,6,2215,1,1,14.36,0
14274,1198.67,12,2320,4,1,2.79,0
14275,1114.31,1,2087,5,0,39.52,0
14276,1034.8,15,310,0,1,1.43,0
14277,2227.9,20,1597,4,0,11.85,0
14278,202.11,15,584,2,0,21.04,0
14279,96.91,5,492,3,1,28.82,0
14280,3624.5,0,1040,0,0,21.5,1
14281,545.46,10,2908,2,0,15.82,0
14282,8131.5,8,1670,2,1,46.24,1
14283,5682.84,3,2032,3,0,4.47,0
14284,2575.91,3,2333,0,0,13.85,0
14285,650.04,5,2242,2,0,18.28,0
14286,4030.39,2,1942,2,0,11.98,0
14287,191.57,0,1863,1,1,21.97,0
14288,452.47,8,1255,3,1,43.2,0
14289,1389.36,7,1668,3,0,1.42,0
14290,4246.02,1,593,3,0,28.89,0
14291,1197.45,7,1236,5,0,14.8,0
14292,1544.35,9,540,0,1,6.16,0
14293,2599.93,5,1477,2,0,36.84,0
14294,779.95,4,381,2,0,15.97,0
14295,84.01,20,1628,0,0,17.96,0
14296,5323.66,0,591,0,0,33.44,0
14297,3404.31,10,742,1,1,36.82,0
14298,1565.49,6,2408,0,0,41.19,0
14299,7763.12,8,338,0,0,17.84,1
14300,342.7,4,2722,6,0,20.63,1
14301,400.43,23,70,3,0,27.16,0
14302,786.78,18,1113,3,0,18.25,0
14303,4017.41,9,1828,0,0,5.3,0
14304,9.32,15,739,1,0,18.35,0
14305,1602.26,12,2528,2,0,8.92,0
14306,5166.7,0,853,1,0,29.54,0
14307,1162.34,21,749,2,0,17.16,0
14308,1421.7,13,2628,5,1,39.14,0
14309,296.21,20,1447,3,1,21.5,0
14310,3162.6,10,387,2,2,9.84,0
14311,4738.06,7,535,0,0,23.68,0
14312,1569.48,15,1676,2,0,34.12,0
14313,4873.05,2,2669,2,0,17.55,0
14314,1627.49,14,2469,2,0,41.67,0
14315,1307.2,9,2950,1,0,32.51,0
14316,2629.28,17,99,1,2,14.81,0
14317,1420.28,21,549,0,0,7.93,0
14318,604.52,8,1413,2,1,26.75,0
14319,524.58,22,1471,3,0,10.87,0
14320,4254.41,18,2213,2,0,21.75,0
14321,12885.09,11,459,1,0,10.01,0
14322,5657.7,12,152,1,2,20.36,0
14323,2182.61,4,434,3,1,17.76,0
14324,324.28,3,2356,4,0,3.59,1
14325,2660.15,21,453,2,0,27.53,0
14326,854.51,10,2200,0,1,28.75,0
14327,5737.03,18,373,0,0,21.93,0
14328,1148.77,5,1761,2,1,4.99,0
14329,1631.93,17,1658,1,1,8.8,0
14330,5453.78,22,1170,2,0,17.64,0
14331,13.13,23,2485,1,0,33.16,0
14332,573.17,17,1695,0,1,27.05,0
14333,963.55,8,1962,5,0,29.23,0
14334,1998.56,17,1753,5,1,36.91,0
14335,4021.13,16,2763,3,0,7.37,0
14336,15789.47,13,520,1,1,2.56,0
14337,10101.41,6,1899,0,0,22.6,0
14338,1104.34,12,241,2,0,25.59,0
14339,2593.39,0,2049,3,0,17.75,0
14340,2493.91,16,1103,2,0,3.97,0
14341,1161.26,9,1869,3,0,10.12,0
14342,1.04,8,97,1,0,26.13,0
14343,4343.34,16,946,2,1,10.49,0
14344,2588.81,14,2693,3,0,15.11,0
14345,15428.84,17,363,1,0,51.41,0
14346,1033.9,18,449,2,0,11.86,0
14347,4189.12,18,134,4,1,6.41,0
14348,1959.75,15,1195,3,1,18.64,0
14349,6540.73,19,2324,6,0,55.06,0
14350,3211.41,4,352,1,0,5.05,0
14351,1081.4,13,1232,4,1,40.69,0
14352,1602.61,1,207,1,0,32.46,0
14353,1131.65,12,2340,2,0,28.53,0
14354,3585.18,23,2975,2,1,36.81,0
14355,4329.9,16,826,3,0,16.65,0
14356,2335.11,12,2491,1,0,25.09,0
14357,168.61,23,2562,1,0,48.83,0
14358,1641.29,4,809,1,0,10.12,0
14359,1982.2,10,944,3,0,11.96,0
14360,2861.25,8,2214,2,0,8.49,0
14361,17092.15,8,2089,0,0,4.86,0
14362,869.42,13,1108,2,1,9.27,0
14363,6748.13,14,161,1,0,11.07,0
14364,1185.93,16,647,5,0,15.89,0
14365,295.42,3,918,3,1,18.33,0
14366,5731.16,18,2162,2,1,11.63,0
14367,127.9,13,1305,1,1,33.62,0
14368,421.05,8,1769,0,1,37.17,0
14369,2808.29,5,607,5,1,9.86,0
14370,3213.59,22,40,1,1,18.76,0
14371,175.06,5,271,0,0,27.46,0
14372,1319.37,5,817,3,0,30.92,0
14373,2609.8,23,2978,1,1,33.04,0
14374,13359.55,15,2812,2,1,13.62,0
14375,1135.87,23,608,0,0,9.04,0
14376,11927.03,0,1472,1,0,20.59,0
14377,6490.15,10,7,3,0,49.17,0
14378,833.94,6,893,0,1,54.31,0
14379,6146.32,0,250,1,0,10.94,0
14380,4962.22,0,75,1,0,30.06,0
14381,731.08,17,2126,1,3,12.95,0
14382,307.65,12,1019,1,0,15.3,0
14383,331.7,9,2926,0,3,18.61,1
14384,2157.43,12,1858,3,0,5.14,0
14385,6103.76,7,2432,1,1,12.84,0
14386,3720.65,3,2508,3,0,11.26,0
14387,310.53,0,14,5,0,0.88,0
14388,3170.45,16,2135,2,1,41.23,0
14389,1925.22,18,2328,2,0,26.61,0
14390,225.32,2,497,3,0,16.5,0
14391,310.84,8,488,2,0,27.67,0
14392,260.69,12,11,0,0,20.61,0
14393,538.58,0,2375,2,0,10.36,0
14394,761.79,2,1575,4,1,1.5,0
14395,478.78,18,2572,2,0,38.78,0
14396,535.57,4,963,1,2,10.5,0
14397,2881.19,4,2808,1,0,15.84,0
14398,2113.56,15,826,0,0,22.87,0
14399,7328.01,14,2384,2,0,27.3,0
14400,2582.43,21,2179,2,0,23.98,0
14401,513.5,18,2977,2,0,22.2,0
14402,1781.92,14,2935,2,0,20.69,0
14403,2494.4,19,184,0,2,10.9,0
14404,2196.53,12,37,3,0,19.17,0
14405,8210.38,17,1380,1,0,41.23,0
14406,9382.14,9,2226,1,0,14.33,0
14407,1209.51,2,2244,3,1,20.59,0
14408,6966.61,13,1967,1,0,6.95,0
14409,5510.07,8,1592,2,0,40.66,0
14410,1771.9,7,167,4,1,0.54,0
14411,971.18,1,95,2,0,8.35,0
14412,1365.21,19,2415,2,0,6.32,0
14413,1148.61,16,1136,4,0,2.16,0
14414,2852.11,21,898,3,0,24.76,0
14415,12963.02,7,1780,5,1,12.09,0
14416,4283.2,3,397,0,2,19.2,0
14417,127.0,23,1001,0,0,45.19,0
14418,498.14,14,338,2,0,14.16,0
14419,6845.77,3,2144,4,0,1.4,0
14420,467.55,2,1304,1,0,32.82,0
14421,3968.49,2,2713,4,1,50.73,1
14422,6190.08,19,2275,2,2,4.24,0
14423,3611.11,20,1513,4,0,47.14,0
14424,1229.44,22,1062,1,0,16.2,0
14425,1014.76,10,2054,2,0,21.32,0
14426,1776.98,4,2349,5,0,9.37,0
14427,4957.06,9,615,2,0,0.77,0
14428,993.87,0,775,1,1,16.27,0
14429,13013.84,20,1065,0,0,20.25,0
14430,5402.78,21,50,0,2,10.5,0
14431,759.56,2,1487,2,0,39.03,1
14432,2403.38,6,1327,3,0,23.75,0
14433,96.7,7,1138,3,0,10.15,0
14434,441.01,13,1684,3,2,1.86,0
14435,271.04,0,1829,2,1,6.44,0
14436,1140.14,10,1537,3,0,21.66,0
14437,4146.19,18,2488,2,0,40.23,0
14438,1993.22,19,1026,2,0,11.08,0
14439,170.23,9,2384,2,0,29.61,0
14440,1942.54,22,1120,0,0,18.18,0
14441,2520.14,12,1770,2,0,3.65,0
14442,433.57,14,608,0,0,36.95,0
14443,448.97,22,220,1,2,54.07,0
14444,244.51,3,240,2,0,7.7,0
14445,8022.85,17,566,1,1,30.73,0
14446,323.5,8,2638,3,2,22.45,0
14447,1464.87,23,66,3,2,0.03,0
14448,572.62,4,2894,3,1,19.63,1
14449,945.92,17,376,2,1,11.31,0
14450,810.0,22,2077,2,1,11.55,0
14451,648.91,4,565,3,1,8.52,0
14452,865.7,20,912,2,1,0.45,0
14453,2820.87,16,1830,2,0,3.21,0
14454,8029.7,19,1184,2,0,39.41,0
14455,2345.03,0,612,1,0,11.02,0
14456,94.54,12,577,1,2,15.71,0
14457,7016.85,1,2175,3,0,10.34,0
14458,633.85,11,2052,3,0,11.58,0
14459,2417.61,2,2036,4,0,67.74,0
14460,2523.38,8,2822,5,0,10.95,0
14461,3757.46,10,557,1,0,10.86,0
14462,3359.07,14,932,1,0,0.76,0
14463,8902.8,11,2610,1,1,20.08,0
14464,5643.27,6,1686,4,1,32.75,0
14465,4661.65,9,655,3,0,4.54,0
14466,5401.78,7,1411,3,0,40.96,0
14467,4129.55,14,72,1,0,18.16,0
14468,4510.95,0,1207,2,1,6.85,0
14469,4759.48,2,654,0,0,32.72,0
14470,1485.24,19,388,3,0,28.21,0
14471,15799.93,17,572,2,1,19.8,0
14472,7011.06,17,2873,3,1,18.03,0
14473,3163.55,10,440,2,0,13.17,0
14474,8527.24,17,476,2,2,16.47,0
14475,12370.56,21,1715,2,2,2.75,0
14476,4783.83,2,2574,1,1,25.5,0
14477,3164.94,5,2587,0,0,18.65,0
14478,5432.4,10,1418,2,2,8.47,0
14479,2420.61,18,74,2,0,8.62,0
14480,1724.2,9,2727,1,1,15.98,0
14481,9486.11,12,469,1,1,28.43,0
14482,2274.08,1,250,1,0,14.02,0
14483,2359.31,14,2465,0,1,24.33,0
14484,3639.66,5,898,3,0,26.29,0
14485,1003.09,1,1084,2,1,30.65,0
14486,7925.98,13,1673,2,1,10.07,0
14487,4063.58,0,221,2,1,30.84,0
14488,2214.38,2,524,3,0,20.39,0
14489,647.52,17,993,0,0,13.83,0
14490,2667.32,16,588,2,0,24.48,0
14491,3423.12,14,355,1,1,29.64,0
14492,184.76,0,368,2,0,35.7,0
14493,5819.83,23,720,1,1,0.16,0
14494,1343.6,6,521,2,0,37.69,0
14495,3526.39,18,2569,3,0,34.33,0
14496,1141.9,13,282,3,0,13.4,0
14497,4937.68,11,367,0,0,1.16,0
14498,2827.93,4,121,1,0,28.2,0
14499,713.93,20,1084,0,0,7.75,0
14500,1792.02,17,2930,2,0,21.4,0
14501,4661.3,11,48,0,3,13.5,1
14502,4010.02,15,1759,3,3,29.12,0
14503,1429.98,13,1332,0,2,0.52,0
14504,2503.81,7,2993,0,3,41.52,1
14505,3134.7,8,1279,1,0,2.08,0
14506,8036.79,12,2972,1,0,25.11,0
14507,895.92,1,1252,2,1,8.9,1
14508,4315.15,20,728,2,0,16.02,1
14509,3067.94,4,1802,5,1,2.89,0
14510,5026.96,13,897,1,0,13.98,0
14511,1360.22,20,1229,3,0,7.7,0
14512,199.13,12,104,0,0,31.77,1
14513,1078.2,3,2548,2,0,20.86,0
14514,503.46,2,1364,0,1,24.92,0
14515,3566.62,7,29,4,0,12.91,0
14516,4415.46,11,2045,1,0,39.43,0
14517,1484.69,23,2564,1,0,5.4,0
14518,55.99,6,2998,1,0,23.94,0
14519,172.4,9,2015,4,0,8.62,0
14520,2456.23,4,1063,3,0,1.76,0
14521,5133.29,7,1433,2,0,11.94,0
14522,449.79,17,1728,0,0,17.99,0
14523,5583.96,2,2012,2,0,11.57,0
14524,3222.2,13,2191,1,1,17.93,0
14525,4331.1,5,669,2,1,15.7,0
14526,1755.91,10,416,3,0,15.47,0
14527,1911.02,23,2783,2,0,13.52,0
14528,34.03,4,1880,5,0,27.35,0
14529,5495.46,21,751,0,0,7.62,0
14530,62.79,12,1856,1,0,28.51,0
14531,1237.93,0,2087,4,0,33.83,0
14532,72.95,12,1714,1,0,23.21,0
14533,1189.79,22,1587,2,0,21.4,0
14534,5142.94,11,2863,2,0,18.88,0
14535,3336.68,12,626,1,1,32.8,0
14536,5591.98,4,1131,1,0,36.8,0
14537,11933.96,2,2546,0,1,46.11,0
14538,133.91,14,1675,4,2,14.68,0
14539,3723.04,17,1811,2,0,16.46,0
14540,3956.78,16,1105,2,3,21.9,0
14541,11898.32,19,1202,3,1,19.41,0
14542,15487.6,15,1914,1,0,13.98,0
14543,1346.42,2,2714,2,0,47.25,0
14544,1773.94,5,2369,1,0,57.73,0
14545,11754.99,1,2618,0,1,27.56,0
14546,1832.95,6,1482,0,2,2.64,0
14547,53.0,0,150,1,1,23.28,0
14548,8277.31,13,446,5,2,10.89,0
14549,224.57,16,1243,3,0,35.56,0
14550,3455.9,16,2317,1,0,28.33,0
14551,4801.93,15,1235,2,0,28.8,0
14552,577.23,4,515,3,3,9.74,0
14553,1141.85,7,1283,1,0,20.0,0
14554,3772.42,8,859,1,0,19.99,0
14555,629.07,9,220,0,0,2.05,0
14556,1435.95,9,2974,4,0,34.43,0
14557,614.73,13,1550,4,0,22.9,0
14558,3453.14,17,625,1,0,7.59,0
14559,7803.2,3,618,2,0,11.56,0
14560,7633.05,2,1378,2,0,5.47,1
14561,6022.81,20,1773,1,1,20.87,0
14562,962.63,8,2477,2,1,12.3,0
14563,7682.41,23,1460,3,2,23.92,0
14564,5950.3,5,1462,2,1,55.94,0
14565,3312.8,8,2355,1,3,16.01,0
14566,1807.86,5,71,1,2,4.41,0
14567,4894.1,12,2704,1,2,34.74,0
14568,4393.28,22,1133,3,0,13.26,0
14569,174.51,9,2633,2,1,10.53,0
14570,989.34,2,507,2,1,15.39,0
14571,1600.83,3,2747,2,0,8.95,0
14572,2315.55,22,2509,3,1,3.35,0
14573,4881.05,15,802,2,2,45.6,0
14574,616.11,17,2255,1,0,38.74,0
14575,577.85,2,2176,0,0,20.08,0
14576,1127.45,4,1899,4,3,5.98,1
14577,631.29,7,11,2,1,1.18,1
14578,8845.17,21,1758,1,1,19.91,0
14579,3327.66,7,1257,1,1,29.04,0
14580,1620.95,7,1382,2,0,9.52,0
14581,2532.37,21,2404,1,1,5.0,0
14582,2534.77,9,2050,0,0,29.46,0
14583,502.39,16,733,1,3,15.06,0
14584,3820.74,23,266,2,1,35.32,0
14585,3186.53,16,2117,0,0,18.34,0
14586,4013.01,8,2404,1,0,6.22,0
14587,4071.16,13,2199,2,1,0.21,0
14588,255.65,0,1660,3,1,9.68,0
14589,9106.8,12,1064,2,1,11.19,0
14590,1120.7,0,1423,0,1,41.48,0
14591,368.62,3,413,4,0,7.16,0
14592,1495.42,1,745,2,2,4.92,0
14593,263.65,2,660,4,1,0.64,0
14594,3970.41,11,1274,3,1,35.47,0
14595,1395.3,6,2690,1,0,6.12,0
14596,1418.93,23,1143,0,0,18.12,0
14597,1185.48,2,2975,6,0,2.32,0
14598,3730.54,5,1013,1,0,2.63,0
14599,248.63,0,486,1,1,8.67,0
14600,137.09,22,1645,1,0,12.19,0
14601,4498.87,1,1274,3,1,9.51,0
14602,553.08,19,2163,1,1,40.06,0
14603,432.22,13,18,3,1,9.44,0
14604,1759.2,7,2035,2,1,25.39,0
14605,464.11,4,412,2,0,29.9,0
14606,3814.62,22,2991,3,1,15.47,0
14607,4436.66,20,2070,2,0,18.04,0
14608,1156.12,12,217,3,1,54.04,0
14609,10136.05,1,830,2,0,42.65,0
14610,634.41,5,256,0,1,53.8,0
14611,8014.52,22,826,2,0,2.47,0
14612,1263.03,3,2436,2,1,6.65,1
14613,4719.01,14,2256,3,2,15.43,0
14614,2592.84,18,2552,1,0,22.31,0
14615,9505.91,19,203,1,0,56.91,0
14616,3011.6,2,367,3,0,9.3,0
14617,1741.29,8,133,3,1,28.38,0
14618,236.96,0,860,1,1,24.55,0
14619,1428.99,9,1945,3,2,12.43,0
14620,2371.47,3,986,2,0,34.12,0
14621,2640.5,3,2826,2,2,13.23,0
14622,834.44,15,406,3,0,45.07,0
14623,1798.23,18,1912,1,0,15.15,0
14624,5371.1,20,2273,1,1,28.2,0
14625,1414.66,13,187,1,2,35.01,0
14626,3793.36,23,430,1,1,39.71,0
14627,4320.58,20,1590,1,2,7.85,0
14628,24.74,4,1454,4,0,13.72,0
14629,3354.43,21,2930,1,1,45.0,0
14630,2503.45,19,209,1,0,38.4,0
14631,10426.66,23,2079,4,0,2.84,0
14632,3108.64,8,404,1,0,29.13,0
14633,3269.52,18,2655,1,0,47.44,0
14634,4068.42,9,2606,3,0,17.31,0
14635,2755.45,14,2146,0,1,25.08,0
14636,6465.71,10,1494,0,0,1.68,0
14637,1598.93,0,2576,2,2,49.05,0
14638,3352.79,3,316,2,0,26.06,0
14639,100.47,6,1793,2,0,33.52,0
14640,1701.03,10,916,1,0,2.44,0
14641,1775.18,10,2172,1,0,24.82,0
14642,3137.99,5,2893,0,0,6.65,0
14643,259.17,3,93,0,0,24.24,0
14644,2788.08,15,682,1,0,26.32,0
14645,2815.4,17,2165,1,2,29.61,0
14646,4906.71,21,1818,4,1,25.01,0
14647,1494.41,16,15,0,0,29.67,0
14648,2781.82,15,564,0,1,7.34,0
14649,2180.54,14,2453,3,1,28.78,1
14650,6046.2,1,2929,2,2,33.94,0
14651,2744.0,7,1917,4,0,3.98,0
14652,2027.62,3,1702,4,1,36.86,0
14653,1942.45,3,1748,2,0,21.71,0
14654,6972.22,0,2264,4,1,32.87,0
14655,108.62,22,2098,2,1,40.91,0
14656,3481.35,3,2522,1,0,9.43,0
14657,99.07,15,634,1,0,14.21,0
14658,4891.52,4,831,2,0,23.1,0
14659,1751.64,21,2441,0,1,0.39,0
14660,1794.65,18,2596,0,0,14.23,0
14661,7364.84,12,1030,2,0,14.22,0
14662,4265.93,15,2009,2,0,3.78,0
14663,1176.89,3,2194,1,1,18.45,0
14664,4557.27,6,1988,2,0,20.07,0
14665,5370.74,10,929,3,0,27.14,0
14666,1074.23,1,1833,1,0,15.72,0
14667,5118.5,13,2293,2,0,32.09,0
14668,51.24,3,29,1,0,67.74,0
14669,3708.0,5,1175,1,2,22.94,0
14670,4419.47,17,62,1,0,40.78,0
14671,512.69,21,2961,2,0,16.71,0
14672,525.43,22,2249,1,0,7.44,0
14673,2051.87,11,1442,3,1,20.3,0
14674,1323.15,14,2051,2,1,20.53,0
14675,6948.5,1,61,2,1,15.21,0
14676,291.26,5,2668,3,0,5.42,0
14677,9499.79,8,2741,1,1,13.2,0
14678,2329.97,9,796,0,1,30.81,0
14679,6561.96,4,874,2,2,2.45,0
14680,266.71,12,763,4,0,30.44,0
14681,5288.95,5,498,3,1,8.51,0
14682,3345.47,12,2397,1,0,19.87,0
14683,1706.34,1,1575,0,0,27.23,0
14684,1263.69,19,2740,0,2,2.28,0
14685,111.46,12,2259,2,0,3.98,0
14686,908.67,11,1868,1,1,4.82,0
14687,11332.96,8,1632,0,0,71.18,0
14688,703.8,21,1934,1,1,26.91,0
14689,2877.8,0,1594,0,1,8.93,0
14690,489.52,14,2795,1,0,18.59,0
14691,661.52,21,1461,1,1,7.39,0
14692,2111.02,2,1790,4,0,5.75,0
14693,6808.38,19,2827,2,1,42.06,0
14694,1056.6,3,1008,3,0,5.69,0
14695,2880.21,18,1494,0,1,27.01,0
14696,2763.86,22,582,1,1,30.83,0
14697,1728.67,2,1319,1,0,12.17,0
14698,570.04,1,473,2,0,6.49,0
14699,1950.48,13,1222,2,1,42.17,0
14700,335.05,4,1591,1,0,19.94,0
14701,3301.82,2,19,3,2,12.51,0
14702,210.5,15,40,1,0,31.61,0
14703,781.96,6,810,0,2,27.64,0
14704,3681.61,11,191,0,0,16.33,0
14705,2917.24,20,2141,2,1,14.62,0
14706,3480.48,8,642,1,0,14.83,0
14707,132.51,9,868,2,0,8.36,0
14708,1784.16,22,2847,2,0,17.62,0
14709,2851.4,3,2540,4,0,44.83,0
14710,45.55,17,910,0,2,4.17,0
14711,6261.62,18,561,2,0,26.0,0
14712,3399.3,9,2220,2,0,4.18,0
14713,5069.54,9,2062,5,0,33.86,0
14714,9434.55,2,903,4,1,24.78,0
14715,0.94,0,42,2,0,18.03,0
14716,7866.73,9,439,1,0,25.41,0
14717,3942.26,23,1742,2,1,16.39,0
14718,3427.68,19,306,1,1,39.88,0
14719,7849.84,0,1296,2,0,22.38,0
14720,2060.64,7,192,0,2,17.53,0
14721,7892.5,4,414,4,1,20.05,0
14722,1079.12,11,292,1,0,42.67,0
14723,1158.15,12,1951,2,0,19.89,0
14724,1769.86,23,1494,1,2,2.11,0
14725,1723.24,22,2254,2,1,40.93,0
14726,2635.03,12,2861,1,0,9.92,0
14727,4817.21,9,1656,1,1,13.49,0
14728,639.69,22,1004,2,0,2.51,0
14729,889.82,7,2736,1,2,8.15,0
14730,1774.3,19,1352,1,1,23.83,0
14731,1351.28,7,1270,5,0,1.51,0
14732,2413.79,17,372,4,0,42.31,0
14733,2204.84,2,13,2,0,9.02,0
14734,227.93,10,70,2,0,9.67,0
14735,623.15,3,1132,0,0,46.2,1
14736,2214.19,15,1723,1,3,24.27,0
14737,6182.76,8,637,3,0,48.95,0
14738,1815.31,15,2071,3,1,8.11,0
14739,77.65,18,1739,2,1,20.31,0
14740,11037.71,3,1311,3,1,32.36,0
14741,324.49,15,1011,2,0,34.87,0
14742,5913.29,17,1381,1,0,21.22,0
14743,316.56,10,456,2,2,39.63,0
14744,2863.27,4,2237,3,0,10.51,0
14745,2518.05,2,1840,6,0,15.81,0
14746,2708.88,15,1350,3,1,0.75,0
14747,4050.7,3,549,1,1,32.59,0
14748,891.93,7,2426,1,0,5.34,0
14749,1411.94,11,2306,1,0,4.76,0
14750,2399.78,15,2076,4,0,9.29,0
14751,2981.91,3,1399,2,0,3.0,0
14752,3829.28,11,1064,3,0,23.29,0
14753,3576.27,4,1542,1,0,2.42,0
14754,5069.45,20,187,3,0,24.68,0
14755,1484.54,21,2452,0,0,18.59,0
14756,876.81,14,659,0,1,36.26,0
14757,6102.19,7,1571,0,3,15.38,0
14758,0.16,0,629,2,0,15.63,0
14759,11732.48,9,1199,0,0,51.24,0
14760,1307.34,13,1515,2,2,40.19,0
14761,416.02,8,1732,2,2,18.42,0
14762,379.88,14,1920,1,2,17.6,0
14763,6993.28,4,151,1,1,36.03,0
14764,2370.06,11,265,1,0,6.61,0
14765,491.36,14,417,5,0,3.91,0
14766,628.47,0,1887,3,0,71.36,0
14767,5596.44,6,251,2,0,22.77,0
14768,3634.93,16,1900,3,0,10.99,0
14769,990.5,3,1482,1,1,40.81,0
14770,1135.48,12,1080,2,0,39.57,0
14771,1703.2,20,1969,4,0,36.73,0
14772,3868.75,17,2627,0,1,37.66,0
14773,2281.38,7,1971,2,1,3.82,0
14774,5060.71,21,2961,1,1,18.16,0
14775,4562.77,1,887,3,2,37.91,0
14776,172.16,3,1994,2,0,5.03,0
14777,4477.45,10,1258,1,1,10.88,0
14778,3663.13,7,2172,3,1,21.55,0
14779,675.21,0,761,1,0,18.8,1
14780,3668.99,14,1215,2,1,19.7,0
14781,7641.39,2,1236,3,1,28.39,0
14782,412.36,16,1329,2,1,6.83,0
14783,2370.63,22,1881,2,0,1.87,0
14784,1217.15,21,742,0,0,17.25,0
14785,1166.23,12,205,3,0,31.77,0
14786,1450.78,5,2305,2,1,25.59,0
14787,2664.56,5,1362,3,2,10.46,0
14788,3355.66,8,1616,4,0,26.34,0
14789,494.87,21,2164,1,0,0.19,0
14790,2611.48,12,605,1,0,5.8,0
14791,2261.46,14,762,2,1,28.38,0
14792,5836.57,17,2115,2,1,26.8,0
14793,525.11,9,188,0,0,36.69,0
14794,4291.25,14,1707,2,1,13.17,1
14795,180.65,13,1027,3,0,26.27,0
14796,33.35,4,43,2,0,29.51,0
14797,692.87,14,2674,3,0,27.04,0
14798,1359.29,12,2799,0,0,30.6,0
14799,1628.81,6,590,1,1,9.87,0
14800,13601.28,15,277,3,0,25.89,0
14801,2118.53,22,846,5,0,22.81,0
14802,355.74,10,853,3,0,16.27,0
14803,810.81,23,2247,2,0,40.0,0
14804,8.38,12,1950,1,0,49.12,0
14805,708.3,13,2833,2,1,11.39,0
14806,1534.9,4,1467,1,1,39.33,0
14807,10026.91,19,514,2,1,28.05,0
14808,412.54,6,2167,1,0,34.29,0
14809,10509.89,13,2958,1,0,35.06,0
14810,4527.37,16,1947,3,1,10.43,0
14811,2572.9,19,214,0,1,9.27,0
14812,1675.16,13,2752,2,1,0.91,0
14813,10505.53,22,124,5,0,0.95,0
14814,1258.75,8,2118,1,0,2.0,0
14815,2961.32,16,1612,2,0,37.49,0
14816,927.13,18,2783,2,1,9.83,0
14817,9064.27,7,723,2,3,31.75,0
14818,8137.66,1,2843,1,0,12.36,0
14819,1677.35,10,1518,2,0,8.89,0
14820,166.75,7,1064,0,0,8.4,0
14821,3505.13,0,1421,2,1,39.08,0
14822,169.02,0,2816,2,0,36.03,0
14823,174.07,16,2474,1,0,29.71,0
14824,3670.16,4,1943,3,1,0.78,0
14825,2411.76,6,2367,1,0,2.19,0
14826,4875.23,13,344,0,1,1.59,0
14827,717.87,10,2442,2,0,0.85,0
14828,2066.66,14,1758,2,0,13.92,0
14829,8872.15,8,37,5,0,21.54,0
14830,626.77,10,786,1,0,1.11,0
14831,65.93,21,2688,1,1,48.08,0
14832,5176.44,23,1318,2,0,12.9,0
14833,10269.97,13,1845,2,1,5.76,0
14834,610.75,1,1941,1,0,41.47,0
14835,577.88,16,2439,0,1,11.43,0
14836,910.73,14,2048,0,0,51.83,0
14837,8924.14,22,1389,6,0,0.52,0
14838,34.99,11,1044,1,0,4.21,0
14839,481.94,5,1788,0,1,40.45,0
14840,6703.13,2,2404,3,0,15.36,0
14841,6911.45,22,114,1,0,15.0,0
14842,1899.57,7,2159,3,0,4.99,0
14843,726.58,8,603,2,0,5.13,0
14844,4883.63,5,1954,1,0,15.48,0
14845,5521.69,6,1649,2,1,27.9,0
14846,356.38,23,534,2,1,16.54,0
14847,1011.15,14,2985,1,0,28.27,0
14848,1171.85,6,739,1,1,3.62,0
14849,2241.85,1,2893,2,0,59.06,0
14850,3597.93,5,719,4,1,25.48,0
14851,5966.16,20,604,1,0,12.29,0
14852,661.53,15,424,2,0,28.49,0
14853,727.28,3,308,3,1,6.04,0
14854,2468.47,14,1520,1,1,24.58,0
14855,3017.84,20,2008,2,1,11.42,0
14856,9510.13,13,2486,6,1,44.9,0
14857,3040.19,3,2015,1,2,22.09,0
14858,54.47,3,1733,4,0,12.96,0
14859,667.1,5,235,1,0,49.54,0
14860,2517.33,9,646,2,0,13.04,0
14861,220.34,19,2225,3,0,27.15,0
14862,1201.34,11,468,3,1,15.37,0
14863,4801.13,9,1099,4,0,2.9,0
14864,865.58,17,1656,3,0,20.0,0
14865,2724.21,18,2267,4,0,10.02,0
14866,3209.5,7,133,2,0,1.26,0
14867,134.38,11,720,2,0,3.71,0
14868,3328.66,3,1741,4,1,8.96,0
14869,1415.16,18,33,2,0,7.41,0
14870,7353.33,6,2395,5,1,7.02,0
14871,2651.0,5,767,1,0,31.28,0
14872,3155.49,0,739,1,0,7.27,0
14873,4857.87,23,1693,3,0,5.07,0
14874,3264.76,18,2252,1,0,32.07,0
14875,7858.82,0,392,0,0,40.92,0
14876,1871.74,8,756,1,1,7.53,0
14877,1368.33,21,1629,1,0,30.5,0
14878,2737.83,8,2030,1,2,47.12,0
14879,9581.91,2,249,5,0,9.78,0
14880,3913.36,13,2238,3,1,13.22,1
14881,917.96,0,293,1,1,18.1,0
14882,11041.07,14,1903,0,0,37.85,0
14883,13877.75,0,885,1,0,15.78,0
14884,700.71,2,1639,2,1,20.64,0
14885,3359.43,6,1826,3,2,11.09,0
14886,5012.09,1,1403,3,3,19.18,1
14887,2851.83,21,45,2,2,22.94,0
14888,9931.21,1,1193,2,0,36.86,0
14889,13354.83,18,813,3,0,28.99,0
14890,2090.97,6,757,1,0,14.54,0
14891,348.35,13,1880,3,0,14.04,0
14892,7124.68,5,1040,2,0,43.69,0
14893,1300.48,8,1544,4,1,1.91,0
14894,1238.34,18,917,1,0,9.64,0
14895,727.29,3,1805,0,0,13.21,0
14896,1530.4,5,2307,2,0,23.51,0
14897,1562.69,8,1817,2,1,3.57,0
14898,3145.75,13,990,1,0,22.45,0
14899,4055.67,17,22,1,1,37.58,0
14900,5686.65,17,911,6,0,9.97,0
14901,4152.65,18,134,1,0,25.66,0
14902,380.85,23,1629,1,0,14.42,0
14903,2042.66,10,1066,0,1,5.77,0
14904,4474.09,1,641,1,0,43.46,0
14905,2275.61,11,2523,4,3,1.4,0
14906,885.12,23,2510,4,0,4.68,0
14907,3723.73,17,1332,2,1,11.12,0
14908,694.62,3,2863,3,0,30.69,0
14909,4321.64,19,897,3,1,15.66,0
14910,33.38,23,2477,2,1,46.14,0
14911,1667.9,7,522,3,1,27.61,0
14912,1774.31,14,2871,2,0,11.17,0
14913,2760.63,5,2021,1,1,3.17,0
14914,6788.34,5,2216,4,0,13.04,0
14915,2531.43,2,656,2,0,25.3,0
14916,3848.05,18,483,2,0,51.35,0
14917,660.84,12,911,2,0,4.05,0
14918,4101.26,11,2672,1,1,37.57,0
14919,759.51,1,1223,4,2,16.48,0
14920,318.31,18,1759,1,1,38.66,0
14921,328.45,1,514,0,0,7.73,0
14922,11155.94,13,2944,4,0,31.57,0
14923,2510.79,13,1854,3,0,21.28,0
14924,2170.59,12,2646,3,0,0.18,0
14925,1241.34,10,704,2,0,18.97,0
14926,1747.35,14,681,1,0,25.82,0
14927,3286.74,17,2640,2,0,18.92,0
14928,1138.54,9,1458,1,0,15.07,0
14929,1546.49,6,2409,1,1,0.98,0
14930,3821.28,15,1085,1,0,30.05,0
14931,642.02,19,2567,3,0,8.29,0
14932,262.6,18,1531,3,0,27.97,0
14933,4523.84,0,1855,2,0,30.61,0
14934,1262.73,23,3,2,1,0.37,0
14935,1624.27,16,2237,3,1,17.76,0
14936,885.47,13,1235,2,0,36.24,0
14937,1164.46,0,1715,2,0,80.85,1
14938,577.65,23,2029,2,0,45.51,0
14939,181.45,11,1691,1,1,25.05,0
14940,3383.31,0,695,3,0,17.72,0
14941,952.87,1,2235,1,0,23.32,0
14942,2028.78,0,2725,2,0,30.82,0
14943,3840.11,22,424,4,1,14.96,0
14944,9212.49,18,704,3,2,11.45,0
14945,2599.84,19,191,1,0,13.21,0
14946,1800.7,5,763,1,1,19.61,0
14947,842.06,2,1522,6,0,12.4,0
14948,281.93,9,976,2,0,39.33,0
14949,3876.3,19,134,4,0,21.32,0
14950,3702.84,8,1062,1,1,16.61,0
14951,772.65,17,2345,2,0,6.56,0
14952,6672.12,1,2396,1,0,37.71,1
14953,593.48,7,711,1,0,31.73,0
14954,2134.76,5,1428,1,0,24.3,0
14955,6763.28,6,1013,3,1,25.95,0
14956,274.67,6,710,3,0,0.54,0
14957,361.42,0,688,2,0,0.28,0
14958,2497.44,7,1465,1,0,50.29,0
14959,1967.32,2,167,4,1,21.32,0
14960,501.67,4,1533,4,0,40.64,0
14961,4581.36,20,1358,3,2,32.09,0
14962,718.19,11,244,3,1,22.28,0
14963,4047.14,3,2533,0,0,14.21,0
14964,683.92,23,927,1,0,33.78,0
14965,42.34,10,1162,3,1,28.85,0
14966,5823.92,10,2941,6,1,1.17,0
14967,165.34,21,137,3,0,1.28,0
14968,4877.94,7,1659,4,0,19.66,0
14969,3512.91,18,2066,0,1,41.85,0
14970,181.88,17,2295,0,0,8.48,0
14971,2227.78,9,2848,3,2,19.3,0
14972,896.86,6,2556,2,2,4.43,0
14973,156.18,6,1006,1,0,15.62,0
14974,2049.52,6,665,0,0,18.44,0
14975,1245.93,9,1009,1,0,9.68,0
14976,2901.36,12,669,1,0,30.37,0
14977,1383.4,18,1748,2,0,13.89,0
14978,1303.71,4,30,3,0,2.04,0
14979,986.67,17,110,0,0,13.28,0
14980,126.57,11,2312,2,0,35.49,0
14981,2276.76,23,2206,1,0,34.99,0
14982,3158.74,20,945,1,0,10.64,0
14983,649.56,3,518,1,1,19.23,1
14984,6105.86,8,1107,2,0,3.84,0
14985,2305.35,2,663,3,1,4.48,0
14986,7151.26,18,236,1,0,19.84,0
14987,2871.02,14,1366,0,1,36.94,0
14988,3493.35,19,1609,4,2,12.36,0
14989,5473.06,10,2506,0,1,15.56,0
14990,491.94,19,2519,1,0,13.13,0
14991,3881.08,4,232,1,1,3.58,0
14992,661.13,3,585,0,1,0.5,0
14993,2109.61,7,2034,4,0,55.55,0
14994,4161.8,12,812,2,0,21.4,0
14995,488.96,2,1971,1,0,0.53,0
14996,457.92,14,1266,2,0,30.43,0
14997,207.32,18,1523,4,0,27.07,0
14998,10252.53,8,656,3,0,2.52,0
14999,6861.97,2,61,0,0,11.97,0
15000,877.39,12,747,1,0,28.63,0
15001,2398.95,19,1099,2,1,30.74,0
15002,3727.06,20,381,0,1,13.12,0
15003,3598.7,18,833,5,1,4.71,0
15004,693.68,14,1401,5,2,28.74,0
15005,609.69,19,401,2,0,11.9,0
15006,415.39,18,543,1,0,39.43,0
15007,950.17,5,1621,0,2,28.47,0
15008,3435.07,14,312,0,2,6.95,0
15009,880.12,22,939,0,0,22.17,0
15010,1709.52,3,1973,1,1,11.77,0
15011,1334.03,11,951,0,0,29.6,0
15012,16084.94,23,1642,1,0,29.61,0
15013,1630.61,4,1735,6,2,31.82,0
15014,2066.57,8,1940,1,1,26.69,0
15015,1619.88,10,620,3,1,42.91,1
15016,3819.13,21,2084,1,0,24.44,0
15017,2824.25,20,1633,3,0,8.14,0
15018,5394.14,8,1570,3,0,18.77,0
15019,4911.95,3,582,3,0,59.18,0
15020,3410.49,22,105,3,0,18.68,0
15021,270.34,19,1744,4,3,41.91,0
15022,8503.54,3,1838,1,0,12.06,1
15023,474.35,7,109,2,0,14.63,0
15024,1255.85,0,2340,2,0,47.79,1
15025,3825.44,18,649,0,1,12.26,0
15026,2823.27,21,2184,0,0,27.38,0
15027,1739.88,8,1292,1,0,0.83,0
15028,2857.78,4,1108,3,0,33.22,0
15029,393.1,1,783,2,1,14.0,0
15030,3886.19,5,2889,0,0,4.64,0
15031,1516.15,3,258,2,0,15.94,0
15032,147.08,11,2831,1,1,30.12,0
15033,1193.44,7,1360,2,0,15.92,0
15034,6472.21,11,41,3,0,18.4,0
15035,156.53,10,386,0,0,8.2,0
15036,307.36,8,860,4,1,5.92,0
15037,19.23,23,572,0,0,1.54,0
15038,2569.27,3,2384,1,0,31.21,0
15039,6526.04,20,431,2,2,51.93,0
15040,2298.2,9,974,0,0,40.22,0
15041,4428.91,21,203,2,0,10.33,0
15042,5743.06,16,1809,2,0,32.1,0
15043,7803.06,15,2422,1,0,22.48,0
15044,410.79,14,2613,4,2,36.19,0
15045,908.76,4,1069,3,0,49.05,0
15046,315.9,14,2480,4,0,40.41,0
15047,2973.42,4,1534,2,0,23.33,0
15048,91.08,22,1030,2,0,9.41,0
15049,1371.85,4,629,2,0,7.2,0
15050,9188.8,2,2056,1,0,9.12,0
15051,901.46,17,968,1,0,6.0,0
15052,1658.76,22,1042,3,1,43.57,0
15053,1038.41,20,2767,4,0,30.72,0
15054,1351.9,10,2869,4,1,23.63,0
15055,1363.55,17,449,0,1,6.28,0
15056,4769.66,18,739,2,0,19.23,0
15057,4328.53,23,31,5,0,15.88,0
15058,5579.37,9,2224,4,1,15.53,0
15059,3069.01,15,2018,3,0,48.88,0
15060,2053.9,1,1768,3,1,34.81,0
15061,6598.83,15,2598,0,0,27.59,0
15062,2337.42,12,2354,1,0,21.11,0
15063,1935.03,6,856,2,0,18.09,0
15064,4549.67,7,697,2,0,39.17,0
15065,1386.83,18,2415,4,1,4.73,0
15066,838.37,17,1762,5,3,18.83,0
15067,4750.63,11,391,1,1,24.56,0
15068,7830.61,11,2530,2,0,28.04,0
15069,4801.49,1,680,2,0,8.56,0
15070,971.02,10,1914,1,0,3.45,0
15071,3317.69,22,2224,3,1,15.76,0
15072,2681.73,21,1188,1,1,3.3,0
15073,453.38,13,1127,2,0,42.32,0
15074,362.66,1,2129,2,0,8.19,0
15075,1494.71,10,2608,0,0,32.81,0
15076,2533.65,16,1472,1,0,10.62,0
15077,32.34,23,2160,3,0,21.15,0
15078,465.9,16,787,2,0,1.61,0
15079,2834.37,23,2218,1,0,16.4,0
15080,3082.39,5,1314,1,0,60.7,0
15081,2144.19,22,1791,1,0,11.9,0
15082,350.66,22,1958,2,0,15.91,0
15083,1378.85,4,1657,2,0,26.18,0
15084,1684.29,5,74,4,2,9.37,0
15085,1121.15,23,2081,2,0,62.71,0
15086,8825.43,8,1630,0,1,24.02,0
15087,711.18,15,514,1,0,0.27,0
15088,250.95,21,2395,2,1,29.94,0
15089,544.26,5,1485,2,1,47.07,0
15090,130.74,9,888,4,0,1.4,0
15091,1912.1,20,1307,3,1,0.41,0
15092,3058.6,23,1529,0,1,29.86,0
15093,121.59,2,2399,4,1,1.06,0
15094,6491.96,12,692,2,1,16.32,0
15095,865.64,17,652,2,0,9.53,0
15096,4255.67,5,752,2,1,19.05,0
15097,2738.78,11,36,4,1,13.64,0
15098,1707.9,3,2185,0,0,51.25,0
15099,1715.18,5,1445,1,1,24.18,0
15100,2166.67,23,2719,0,0,24.97,0
15101,299.36,20,1662,1,0,34.48,0
15102,3260.82,5,1229,5,0,42.15,0
15103,934.68,14,705,5,1,10.76,0
15104,7870.49,17,1685,6,0,7.19,0
15105,551.69,6,2413,3,2,13.74,0
15106,1048.92,8,739,1,0,3.7,0
15107,1349.28,20,53,1,0,17.21,0
15108,3194.81,2,695,1,0,1.15,0
15109,2446.94,5,1007,1,0,3.99,0
15110,1257.17,8,358,1,3,19.08,0
15111,4048.63,9,2334,1,0,42.74,0
15112,1426.64,18,717,3,0,17.49,0
15113,9092.54,19,47,2,0,8.86,0
15114,4469.64,0,2481,3,0,15.92,0
15115,3555.31,22,2684,1,3,14.78,0
15116,2254.57,13,1616,3,2,14.95,0
15117,376.4,5,2842,3,0,13.57,0
15118,537.59,14,163,4,0,16.05,0
15119,2734.4,4,1679,1,0,8.39,0
15120,2641.1,12,2,3,1,2.14,0
15121,1433.81,8,1404,3,2,20.41,0
15122,4500.92,1,2379,3,0,18.16,0
15123,2815.63,11,1763,1,0,4.7,0
15124,1604.89,6,759,0,0,15.13,0
15125,1751.5,2,1955,3,2,0.01,1
15126,2414.78,9,2651,1,0,2.48,0
15127,3276.44,1,77,2,0,34.97,0
15128,675.95,22,949,2,1,8.99,0
15129,183.82,19,307,2,0,23.22,0
15130,4749.71,1,346,1,0,17.38,1
15131,1480.88,18,900,1,1,20.32,1
15132,3442.04,7,1519,4,0,37.52,0
15133,1868.4,6,2207,2,3,5.18,0
15134,10247.58,19,728,2,0,31.0,0
15135,1468.04,4,657,3,0,12.79,1
15136,2892.32,9,1900,2,1,13.29,0
15137,124.61,2,356,3,1,6.36,0
15138,2139.99,18,911,2,1,11.97,0
15139,2768.45,12,24,3,0,11.01,0
15140,2718.43,22,192,1,1,35.13,0
15141,2672.66,13,88,2,1,33.49,0
15142,3579.16,16,589,0,0,16.12,0
15143,2326.17,14,1991,1,0,5.6,0
15144,2387.94,21,153,0,1,7.31,0
15145,3836.89,10,1639,3,0,43.62,0
15146,795.24,8,1640,4,0,10.91,0
15147,3503.57,3,2807,1,0,56.66,0
15148,1136.08,23,1713,0,0,3.34,0
15149,253.04,1,1942,2,0,30.45,0
15150,321.6,13,532,1,3,16.43,1
15151,6973.23,12,1153,0,1,8.42,0
15152,209.71,6,2903,0,1,15.17,0
15153,1514.32,16,2922,2,2,14.83,0
15154,5371.1,11,43,2,1,41.27,0
15155,687.11,0,2345,1,1,14.23,0
15156,402.72,10,935,3,0,24.15,0
15157,1511.14,14,711,2,0,5.28,0
15158,2683.94,6,1112,1,0,16.98,0
15159,1149.79,13,370,1,0,20.5,0
15160,2049.27,14,1744,0,0,25.29,0
15161,6245.32,21,601,2,0,29.17,0
15162,6213.62,7,2758,3,1,23.32,0
15163,2605.03,3,843,3,0,61.34,0
15164,1930.07,6,1681,1,1,12.04,0
15165,505.11,3,51,1,0,25.1,0
15166,6030.8,20,2529,2,1,25.21,0
15167,2084.31,8,1160,0,1,6.64,0
15168,2135.56,22,382,1,0,0.24,0
15169,1547.3,13,1228,5,1,6.2,0
15170,16.63,4,820,1,0,0.18,0
15171,603.65,22,407,2,0,20.9,0
15172,4893.07,12,1430,3,1,9.99,0
15173,13270.48,8,1179,2,0,69.48,0
15174,4959.62,3,806,3,1,17.15,0
15175,7550.06,14,732,1,0,22.19,0
15176,3930.85,14,1925,1,0,21.76,0
15177,343.89,21,1591,1,0,55.82,0
15178,579.87,16,1483,3,1,48.02,0
15179,4407.85,15,1722,1,0,35.01,0
15180,1125.5,1,1729,1,0,16.64,0
15181,473.21,22,854,4,0,11.19,0
15182,516.75,8,2476,1,0,35.64,0
15183,116.61,9,738,0,0,14.66,0
15184,1822.27,19,185,1,1,10.52,0
15185,11.38,8,1756,2,2,26.18,0
15186,6049.48,2,1939,3,0,35.94,0
15187,1514.09,10,1394,2,0,4.05,0
15188,1265.48,3,2096,1,0,39.4,0
15189,2867.75,17,1808,2,0,15.27,0
15190,808.39,0,355,3,1,33.29,0
15191,3625.64,15,2539,5,0,18.21,0
15192,882.49,19,2313,4,0,24.42,0
15193,2141.96,6,707,1,0,39.72,0
15194,4496.9,9,2857,0,0,4.69,0
15195,310.45,5,169,5,0,10.91,0
15196,6360.76,5,1176,3,2,19.99,0
15197,6535.2,17,898,3,0,28.92,0
15198,269.39,14,1261,2,0,28.63,0
15199,5446.64,8,1095,3,0,3.7,0
15200,1642.58,2,2033,2,0,11.15,0
15201,1420.4,5,898,0,0,32.04,0
15202,27.61,8,1415,0,0,6.43,0
15203,1045.6,13,1374,1,0,26.61,0
15204,7307.42,6,2053,2,0,2.94,0
15205,859.97,12,2346,2,0,8.78,0
15206,3825.63,8,1838,3,0,12.93,0
15207,742.87,18,45,1,0,12.04,0
15208,2603.12,5,1471,4,1,27.13,0
15209,335.47,9,2196,2,2,7.4,0
15210,3491.98,11,924,6,0,3.85,0
15211,1429.36,12,561,0,0,3.7,0
15212,7183.39,13,2292,5,0,41.2,0
15213,1655.95,18,170,4,2,15.54,0
15214,60.35,8,2819,4,0,12.35,0
15215,8863.31,14,709,0,0,22.77,0
15216,11160.84,6,2113,0,0,15.59,0
15217,474.27,13,2893,3,0,22.53,0
15218,2784.44,8,259,0,2,1.46,0
15219,1571.78,20,50,5,1,1.33,0
15220,1595.15,0,2440,2,1,27.32,0
15221,5024.9,10,931,0,1,15.19,0
15222,9223.41,16,1382,3,1,15.48,0
15223,7334.31,20,1282,3,1,24.48,0
15224,1664.71,15,1098,2,1,45.93,0
15225,1832.46,5,375,4,1,18.84,0
15226,4026.19,12,2975,1,0,11.26,0
15227,687.84,8,961,1,1,1.9,0
15228,3819.07,10,2417,3,1,17.76,0
15229,15779.18,19,66,2,2,19.76,0
15230,10202.18,1,2383,2,0,12.94,0
15231,2022.82,7,1954,2,1,2.59,0
15232,1746.77,17,319,6,1,21.6,0
15233,1652.17,8,2753,2,0,19.03,1
15234,5021.49,13,205,1,0,25.54,0
15235,1158.34,9,2002,3,4,18.85,0
15236,15408.63,20,2602,0,0,16.35,0
15237,2865.26,13,385,1,0,15.12,0
15238,1502.14,9,910,1,2,19.12,0
15239,527.0,14,2070,2,0,13.44,0
15240,6523.12,16,1073,0,1,31.53,0
15241,1696.22,8,870,3,0,38.04,0
15242,6172.01,14,210,0,0,28.78,0
15243,270.19,12,2981,1,1,2.11,0
15244,7675.78,12,338,3,0,6.8,0
15245,193.76,17,1849,3,1,20.07,0
15246,2433.91,20,1440,2,0,12.48,0
15247,227.76,13,1051,0,0,8.96,0
15248,477.7,13,1915,2,2,22.26,0
15249,913.39,4,2783,1,0,7.45,0
15250,4762.13,12,958,2,0,8.25,0
15251,373.67,12,2267,2,2,7.23,0
15252,2828.32,2,1507,3,0,8.1,0
15253,3120.88,21,1217,4,0,16.4,0
15254,7190.49,22,357,1,0,1.62,0
15255,3975.03,16,1527,3,0,40.15,0
15256,187.75,16,2495,2,0,16.21,0
15257,2264.12,18,138,1,0,30.69,0
15258,1623.41,1,611,2,0,1.76,0
15259,3966.31,14,1948,0,0,5.16,0
15260,2581.66,22,684,1,0,9.8,0
15261,1998.49,18,451,2,1,14.8,0
15262,170.38,0,2118,0,0,31.66,0
15263,252.3,9,1371,0,0,59.46,0
15264,250.77,1,2857,4,0,43.36,0
15265,30.24,14,2662,0,0,50.67,0
15266,2907.26,17,1578,3,0,29.63,0
15267,789.92,0,1189,4,0,21.08,0
15268,573.79,7,1489,4,1,16.93,0
15269,5776.77,13,1755,4,0,5.66,0
15270,1638.28,1,1383,4,0,12.09,0
15271,5776.87,1,934,4,1,36.4,0
15272,9569.94,22,1016,4,2,9.78,0
15273,811.09,14,1094,1,1,3.28,0
15274,2141.22,13,2426,2,0,14.23,0
15275,1986.98,16,1007,2,1,4.06,0
15276,248.63,6,111,2,1,39.29,0
15277,1449.28,12,1979,4,0,9.87,0
15278,150.09,20,1803,5,1,11.27,0
15279,3781.18,21,865,1,0,8.11,0
15280,2910.34,0,1658,1,0,4.78,0
15281,4258.52,15,2871,3,0,12.77,0
15282,1403.01,3,2245,4,1,1.4,0
15283,8288.92,4,750,1,0,34.55,0
15284,678.78,23,752,1,1,24.26,0
15285,2217.57,13,1681,4,0,7.89,0
15286,118.04,15,2354,1,0,0.37,0
15287,4213.01,20,1152,3,1,22.05,0
15288,1305.19,2,2517,2,2,23.3,1
15289,4715.3,0,2097,2,0,16.59,0
15290,2689.12,14,2082,3,1,18.01,0
15291,2556.33,20,2077,4,2,34.88,0
15292,493.81,13,1348,2,0,18.65,0
15293,4950.33,6,2058,0,1,4.96,0
15294,933.32,10,2770,0,1,6.83,1
15295,4785.11,19,192,1,0,23.75,0
15296,3522.97,12,1929,2,1,11.46,0
15297,4386.64,6,2346,4,0,1.86,0
15298,2717.36,13,838,1,0,6.96,0
15299,6139.96,9,2785,0,0,8.19,0
15300,4902.77,5,2853,3,0,10.4,0
15301,368.71,16,2841,1,0,36.16,0
15302,1219.74,19,2064,1,0,43.11,0
15303,447.69,15,1638,2,0,10.3,0
15304,10865.87,0,1290,2,0,20.59,0
15305,2871.23,20,1322,3,0,10.21,0
15306,1223.52,0,2748,2,0,9.75,0
15307,546.82,20,1240,2,1,26.75,0
15308,6935.36,18,566,3,0,14.06,0
15309,2274.28,4,484,1,1,20.93,0
15310,1139.16,22,1866,2,0,17.35,0
15311,2762.62,1,1075,3,1,2.39,0
15312,7939.99,20,2298,1,0,3.37,0
15313,3904.82,13,2868,2,1,28.71,0
15314,142.08,2,2233,1,0,25.2,0
15315,2591.97,12,2797,2,0,2.03,0
15316,3656.72,23,1814,1,0,5.5,0
15317,1836.02,0,1668,2,0,10.12,0
15318,3599.47,12,844,2,0,5.28,0
15319,6900.7,5,251,2,0,10.55,0
15320,1282.55,2,1648,1,3,44.54,1
15321,642.02,5,2367,1,0,14.21,0
15322,2679.92,21,61,2,0,12.67,0
15323,831.6,15,786,1,0,29.05,0
15324,1900.64,18,2382,1,2,58.84,0
15325,3162.6,5,2085,1,3,2.06,0
15326,1821.61,19,329,2,0,25.59,0
15327,5886.2,21,2321,2,0,39.94,0
15328,882.65,17,655,1,0,20.25,0
15329,7546.24,15,492,6,2,5.68,0
15330,2826.01,17,631,1,2,31.04,0
15331,1495.29,13,2878,4,1,23.33,0
15332,119.8,10,836,4,1,6.34,0
15333,2327.35,7,1900,1,0,40.18,0
15334,8423.74,2,1875,3,1,4.76,0
15335,1096.12,23,25,1,2,2.86,0
15336,1959.61,17,1733,1,0,5.66,0
15337,12158.36,9,2502,5,0,9.46,0
15338,160.33,8,703,2,0,13.03,0
15339,154.76,12,2406,1,0,38.1,0
15340,26.46,9,647,5,0,18.36,0
15341,122.38,0,845,1,1,18.24,0
15342,611.94,22,2849,1,0,29.22,0
15343,3247.3,18,2194,1,0,0.57,0
15344,2102.87,21,2724,5,0,19.19,0
15345,807.1,7,357,2,1,4.84,0
15346,187.7,21,973,2,0,15.09,0
15347,1213.84,10,1239,1,0,13.19,0
15348,10391.49,21,2621,2,1,19.35,0
15349,6346.95,19,2836,5,0,2.34,0
15350,7906.08,0,463,3,0,20.3,0
15351,662.37,9,1470,3,1,14.35,0
15352,463.25,18,2501,0,1,19.77,0
15353,2397.61,13,1842,4,0,19.19,0
15354,2744.61,0,1559,2,0,1.48,0
15355,1657.33,19,736,1,1,27.79,0
15356,470.75,2,2527,1,0,9.21,0
15357,1012.05,10,2207,2,0,28.67,0
15358,227.79,14,778,4,2,16.28,0
15359,787.88,0,1507,3,0,7.15,0
15360,4464.41,8,2488,2,2,2.43,0
15361,4947.1,16,666,2,0,10.29,0
15362,1165.21,8,951,1,0,39.55,0
15363,3191.35,17,2100,3,0,34.53,0
15364,1309.21,23,1139,3,0,19.87,0
15365,11933.1,21,1005,3,0,4.37,0
15366,5343.13,1,2857,0,0,6.24,0
15367,9730.7,4,2842,3,2,27.35,0
15368,371.5,21,309,2,1,9.23,0
15369,265.28,14,2969,1,2,52.47,0
15370,2186.15,17,458,2,1,21.97,0
15371,975.81,13,1932,5,1,8.08,0
15372,301.08,16,23,1,0,14.89,0
15373,4858.35,12,2597,0,1,28.15,0
15374,3172.27,12,2626,1,1,38.28,0
15375,796.29,8,2717,4,0,23.9,0
15376,4934.07,7,2777,3,0,0.45,0
15377,3048.7,3,1408,2,0,5.77,0
15378,254.08,20,2162,1,0,18.53,0
15379,3604.19,18,213,1,0,34.34,0
15380,797.22,3,1555,1,0,19.41,0
15381,233.66,20,1035,2,1,37.9,0
15382,4290.35,18,2961,1,1,29.78,0
15383,43.04,21,582,2,1,0.06,0
15384,2016.39,20,2094,3,0,68.41,0
15385,103.31,2,1346,2,0,36.71,0
15386,7022.42,0,819,4,0,15.04,0
15387,2450.34,14,190,2,0,7.09,0
15388,2334.38,3,1950,2,0,39.27,0
15389,8015.33,1,2454,0,1,2.99,1
15390,4900.4,4,1689,0,1,36.74,0
15391,927.85,20,1223,2,1,25.76,0
15392,6369.93,1,1828,3,1,5.83,0
15393,2530.34,1,834,0,0,3.49,0
15394,1799.27,0,2102,2,1,30.54,0
15395,7583.23,20,2210,0,0,10.47,0
15396,4374.5,1,2121,2,2,11.43,0
15397,2642.27,20,269,5,0,27.86,0
15398,919.16,14,653,2,1,4.75,0
15399,4813.71,12,616,2,0,39.71,0
15400,6952.75,16,679,4,1,46.16,0
15401,190.82,19,1699,0,0,2.38,0
15402,2189.49,17,713,1,2,43.23,0
15403,1340.46,20,1213,0,2,13.56,1
15404,3623.58,9,2157,2,0,7.32,0
15405,2910.44,10,124,1,0,11.59,0
15406,1298.63,21,79,3,2,29.63,0
15407,186.98,14,604,4,1,9.19,0
15408,690.55,16,2080,1,0,55.59,0
15409,1358.0,21,2374,2,1,11.76,0
15410,6685.92,10,2315,2,0,5.26,0
15411,4149.59,5,2628,3,0,1.46,0
15412,589.48,20,1913,3,0,51.29,0
15413,316.9,20,1129,1,1,25.81,0
15414,3363.49,2,309,2,0,4.3,0
15415,6059.31,13,2212,4,1,41.21,0
15416,412.52,0,1733,1,0,6.75,0
15417,5606.11,18,2808,5,0,10.8,0
15418,1646.46,3,2946,3,0,16.76,0
15419,1012.07,19,1577,0,0,2.38,0
15420,560.78,3,703,1,1,19.0,0
15421,413.98,15,1664,1,0,28.99,1
15422,4888.44,12,543,2,0,22.33,0
15423,114.47,0,2284,1,0,18.53,0
15424,2783.77,1,2173,3,1,51.32,0
15425,2571.87,4,69,3,2,21.11,0
15426,636.99,7,2560,1,0,48.11,0
15427,1418.29,3,1869,2,1,7.69,0
15428,1502.51,1,2604,3,1,21.97,0
15429,1253.71,5,1726,1,0,28.04,0
15430,5536.53,6,2755,0,1,21.15,0
15431,3635.29,8,1150,3,0,0.63,0
15432,2943.48,8,895,1,0,34.43,0
15433,2832.0,10,2437,1,0,12.8,0
15434,1419.51,12,2582,3,1,39.07,0
15435,424.19,20,754,5,0,14.85,0
15436,760.2,20,1037,4,0,4.18,0
15437,1376.74,10,2138,4,0,10.92,0
15438,3996.84,21,1985,1,1,31.95,0
15439,2590.0,0,333,3,0,2.71,0
15440,2206.91,5,45,2,0,1.45,0
15441,1672.33,23,1210,1,0,13.07,0
15442,5587.68,21,2695,3,0,6.25,0
15443,1320.72,4,1222,3,0,27.09,1
15444,8105.21,5,2694,3,0,10.36,1
15445,1026.44,11,881,1,0,17.32,0
15446,2126.03,13,2444,1,0,6.59,0
15447,11166.62,0,2399,2,0,1.24,0
15448,1431.09,2,640,2,0,40.04,0
15449,6524.25,7,1879,1,0,32.13,0
15450,2934.3,11,1019,5,1,6.5,0
15451,4067.72,0,749,1,0,46.61,0
15452,1430.72,17,1091,2,0,26.93,0
15453,2733.38,18,1849,3,0,9.53,0
15454,2655.48,12,2885,2,0,42.46,0
15455,39.46,1,1024,3,0,20.28,0
15456,1145.64,19,1544,2,0,1.15,0
15457,532.57,20,1839,1,1,37.83,0
15458,105.58,0,541,1,0,12.98,1
15459,350.72,9,993,2,0,45.94,0
15460,100.61,12,1304,2,0,56.38,0
15461,1994.88,4,2826,3,0,24.39,0
15462,10887.41,9,173,0,0,46.94,0
15463,4049.17,11,1454,1,2,14.17,0
15464,293.73,7,2861,2,0,3.61,0
15465,2676.7,13,1048,2,0,31.96,0
15466,727.15,16,325,0,0,31.81,0
15467,1821.19,22,2183,2,3,24.92,1
15468,605.54,14,1505,2,0,31.77,0
15469,789.92,8,2784,2,0,5.78,0
15470,482.3,0,996,3,0,13.21,0
15471,779.67,12,2875,1,1,15.57,0
15472,792.96,8,2090,6,2,25.26,0
15473,2467.99,17,602,1,0,13.46,0
15474,3652.37,3,1443,0,0,27.68,0
15475,2141.43,22,2335,3,0,34.2,0
15476,4589.71,14,2042,1,0,15.44,0
15477,14605.1,7,2121,1,0,0.88,0
15478,854.76,11,1133,1,0,68.95,0
15479,2600.17,22,1639,0,1,35.25,0
15480,4715.94,13,624,3,0,30.56,0
15481,1429.47,6,521,2,1,12.09,0
15482,1442.59,7,1753,1,1,8.07,0
15483,437.3,1,1562,3,0,30.86,1
15484,889.75,12,1899,2,1,21.93,0
15485,1646.56,19,2560,0,2,34.28,0
15486,448.99,16,1671,2,0,4.54,0
15487,7513.88,9,2398,2,1,3.84,0
15488,4111.07,2,530,4,2,45.74,0
15489,1062.82,11,2382,3,0,4.17,0
15490,21.4,9,2323,2,0,36.6,0
15491,246.62,15,2731,1,0,7.2,0
15492,11955.43,5,553,0,0,40.84,0
15493,1027.85,23,207,2,0,33.28,0
15494,7147.01,8,762,1,0,2.68,0
15495,3064.34,19,2149,0,2,2.83,0
15496,6272.3,12,756,1,0,5.28,0
15497,4041.08,5,1683,1,0,28.3,0
15498,112.43,18,2540,1,1,14.87,0
15499,803.93,4,46,1,0,1.66,0
15500,938.77,12,1708,2,1,8.21,0
15501,792.95,12,298,2,1,4.15,0
15502,1164.45,14,2332,2,0,33.13,0
15503,600.71,18,1672,2,0,8.46,0
15504,371.9,5,775,0,0,19.11,0
15505,2860.85,11,1545,0,0,4.19,0
15506,1502.75,19,2417,4,0,33.02,0
15507,578.9,19,2693,2,0,40.67,0
15508,3231.03,4,2409,4,0,37.03,1
15509,4039.23,23,2471,1,0,20.0,0
15510,451.61,23,2246,2,2,21.36,0
15511,7285.31,7,883,4,0,10.64,0
15512,1541.01,10,2265,0,0,5.41,0
15513,726.0,23,1956,3,1,4.37,0
15514,678.28,12,2278,6,2,24.06,0
15515,311.22,16,1901,4,2,34.52,0
15516,2.95,22,2030,3,0,14.14,0
15517,4771.17,14,2503,0,1,17.69,0
15518,160.32,5,1525,0,2,33.84,0
15519,2265.13,13,51,1,0,25.37,0
15520,6034.39,9,498,1,1,13.73,0
15521,2493.26,7,1044,4,0,9.87,0
15522,9949.38,16,708,1,0,13.08,0
15523,5863.9,1,2144,0,0,13.68,0
15524,4456.1,8,2491,1,1,0.1,0
15525,4000.48,7,392,3,0,50.22,0
15526,1734.23,10,820,2,0,35.61,0
15527,1870.6,19,2163,3,0,4.04,0
15528,6008.42,23,777,1,2,0.39,0
15529,1344.93,19,347,1,0,6.04,0
15530,2792.52,4,517,4,1,3.88,0
15531,890.62,12,41,1,0,21.11,0
15532,148.81,0,19,0,2,28.02,1
15533,12945.3,2,1187,4,0,4.09,0
15534,10304.21,9,204,2,0,39.93,0
15535,2925.21,20,2697,2,0,39.13,0
15536,1522.19,22,1911,2,0,22.85,0
15537,2768.24,12,602,1,0,11.4,0
15538,1696.42,19,2968,1,0,0.09,0
15539,4092.36,23,276,4,1,33.77,0
15540,996.66,9,2671,3,0,27.0,0
15541,41.68,21,930,2,1,20.55,0
15542,47.9,1,1165,4,0,35.17,0
15543,245.01,23,2311,0,1,18.65,0
15544,928.58,2,892,4,0,25.62,0
15545,806.57,9,485,1,0,27.35,0
15546,2536.1,0,837,3,1,29.12,0
15547,3897.99,16,2355,1,0,40.27,0
15548,479.01,15,1317,4,0,6.72,0
15549,7604.31,4,2604,6,1,39.83,0
15550,4178.84,17,1926,4,2,11.34,0
15551,6029.53,4,136,0,0,37.74,0
15552,6591.83,18,2511,2,0,18.34,0
15553,1966.0,17,1781,1,0,15.44,1
15554,2804.11,20,1341,3,1,10.48,0
15555,753.84,21,1572,1,1,19.29,0
15556,2522.89,9,655,1,0,7.54,0
15557,942.46,23,2733,4,0,8.55,0
15558,5121.82,22,555,1,0,50.38,0
15559,1347.32,9,47,1,1,10.05,0
15560,6885.13,10,2544,1,0,20.98,0
15561,2774.04,22,2659,2,0,5.39,0
15562,8372.3,4,228,1,0,1.17,0
15563,1030.44,16,749,4,0,0.53,0
15564,4240.45,7,1380,2,0,5.07,0
15565,1970.88,7,127,2,1,5.28,0
15566,2960.59,18,1985,3,0,12.17,0
15567,12954.69,13,1754,1,0,8.45,1
15568,1697.71,19,420,1,0,7.7,0
15569,4446.82,19,1070,3,1,3.46,0
15570,6317.05,17,2542,3,0,2.84,0
15571,711.38,12,513,1,1,22.04,0
15572,1851.43,18,2234,3,0,20.99,0
15573,2634.01,1,2659,1,1,13.85,0
15574,2864.0,11,1648,4,0,28.09,0
15575,11198.11,17,540,2,0,6.46,0
15576,6450.07,0,349,6,0,1.84,0
15577,3137.32,15,2699,3,0,1.67,0
15578,2036.33,11,1008,3,1,61.9,0
15579,1682.85,20,12,1,0,39.56,0
15580,2547.93,14,2522,2,1,11.97,0
15581,2299.01,13,1676,4,0,13.74,0
15582,2407.44,3,2156,5,0,18.33,0
15583,8542.7,13,2343,2,0,23.52,1
15584,5330.72,10,1968,3,0,35.66,0
15585,3455.56,4,2670,2,0,19.31,0
15586,8618.36,23,2630,1,1,2.61,0
15587,10138.01,9,28,1,2,8.67,0
15588,1937.53,9,1016,2,0,2.07,0
15589,1306.86,9,2011,2,2,0.38,0
15590,7430.15,8,494,4,0,24.86,0
15591,4850.15,22,670,3,0,61.41,0
15592,118.33,10,924,2,1,7.74,0
15593,404.44,2,2690,4,0,9.75,0
15594,1702.95,6,1975,3,0,8.99,0
15595,8803.86,21,2535,2,2,4.2,0
15596,1758.82,10,1658,2,0,1.28,0
15597,4471.14,3,53,5,0,3.67,0
15598,1194.52,1,2033,1,0,22.84,0
15599,1568.62,15,2032,1,0,28.96,0
15600,640.49,6,2632,4,0,33.95,0
15601,7224.07,5,301,1,0,0.93,0
15602,4460.98,15,1433,2,0,17.19,0
15603,13357.94,1,925,0,0,5.37,0
15604,544.31,13,353,2,0,43.16,0
15605,1397.55,18,2717,4,1,36.13,0
15606,455.36,5,185,1,0,41.61,0
15607,498.41,4,2847,4,0,4.36,0
15608,2913.15,10,2548,1,0,0.97,0
15609,4428.1,23,2392,4,0,26.59,0
15610,518.28,19,2959,2,0,8.31,0
15611,972.7,2,2420,1,1,3.21,0
15612,4623.5,6,2113,3,1,1.27,0
15613,6107.01,15,793,2,1,9.26,0
15614,738.74,6,1883,0,0,4.08,0
15615,4755.32,1,778,1,0,25.92,0
15616,2062.59,9,2998,0,1,59.1,0
15617,1016.22,5,1204,0,4,9.96,0
15618,9972.79,9,1127,1,0,25.13,0
15619,1576.69,14,1174,2,0,40.51,0
15620,780.78,17,2495,4,0,41.24,0
15621,4765.78,0,1110,1,0,11.32,1
15622,114.92,15,1767,1,1,24.99,0
15623,2280.82,0,1819,3,0,5.78,0
15624,936.62,23,2190,1,1,7.41,0
15625,1598.95,13,528,4,0,11.98,0
15626,6880.62,7,1292,3,0,12.46,0
15627,1949.15,2,22,6,2,25.92,0
15628,2784.04,22,1927,1,1,43.59,0
15629,842.69,13,1317,1,0,28.2,0
15630,295.25,2,2492,5,0,46.88,0
15631,3239.13,2,1931,1,0,18.48,0
15632,1477.53,20,140,2,0,14.47,0
15633,10204.72,22,2283,4,1,14.35,0
15634,3957.64,11,368,2,1,37.5,0
15635,54.17,15,2848,1,0,31.49,0
15636,765.31,7,2693,3,0,3.73,1
15637,1686.48,5,2205,2,1,37.76,0
15638,717.98,18,1422,2,0,14.6,0
15639,750.63,2,1098,2,0,0.96,0
15640,2662.74,11,1571,0,1,2.38,0
15641,1209.86,6,1048,2,0,7.29,0
15642,2688.3,1,2479,2,2,2.29,0
15643,6859.22,2,2287,2,0,16.56,0
15644,491.64,11,2085,3,1,3.38,0
15645,77.69,0,1411,3,1,20.85,0
15646,11015.18,11,2231,4,0,22.02,0
15647,1021.43,23,324,1,0,34.04,0
15648,2465.52,23,391,2,1,33.08,1
15649,988.44,10,1851,1,0,1.47,0
15650,7907.45,8,1112,1,1,10.96,0
15651,1173.98,22,2537,2,0,13.26,0
15652,2982.24,12,2741,5,3,42.67,0
15653,672.83,11,1020,0,0,19.4,0
15654,271.31,19,2730,1,1,1.68,0
15655,4364.31,3,1632,1,0,0.09,0
15656,3891.6,1,2649,3,0,22.01,0
15657,9448.19,15,1937,2,0,10.62,0
15658,5119.06,0,208,1,1,15.42,0
15659,1464.63,9,47,1,0,18.74,0
15660,1048.69,18,1007,1,1,36.98,0
15661,7418.43,0,2937,3,1,22.64,0
15662,1711.22,9,1307,3,1,7.92,0
15663,14952.76,9,481,1,1,35.52,0
15664,2550.45,17,1132,1,0,37.1,0
15665,767.4,0,1019,3,0,7.17,0
15666,515.78,19,2916,1,1,19.74,0
15667,1838.71,17,613,0,1,36.81,0
15668,249.25,5,334,3,0,16.76,0
15669,2734.31,17,99,3,0,1.16,0
15670,2481.14,21,857,2,0,3.98,0
15671,238.48,18,1568,1,1,23.74,0
15672,93.27,12,657,3,1,18.02,0
15673,1078.21,23,2996,3,0,11.49,0
15674,162.56,1,978,1,0,13.25,0
15675,3563.5,16,1523,1,0,4.35,0
15676,197.57,17,2272,2,0,47.18,0
15677,5373.69,12,2804,1,0,3.73,0
15678,3999.54,8,2574,2,1,7.11,0
15679,6532.23,22,87,2,0,24.03,0
15680,3009.83,21,1822,2,0,9.31,0
15681,37.22,17,2214,1,0,43.93,0
15682,1144.82,0,621,2,0,19.64,0
15683,1050.34,12,1318,1,0,17.14,0
15684,119.51,5,2491,2,0,1.39,0
15685,793.68,22,1385,4,0,12.25,0
15686,462.88,2,1566,3,0,80.87,0
15687,1461.43,9,2835,0,0,1.4,0
15688,237.79,13,2906,2,0,13.47,0
15689,4069.28,19,847,0,0,10.52,0
15690,3805.15,6,2959,1,0,13.67,0
15691,6981.53,7,1404,1,0,0.01,0
15692,1694.04,23,1711,3,0,19.56,0
15693,9632.36,4,820,2,1,50.58,0
15694,14095.99,1,778,1,0,9.43,0
15695,3285.34,19,1919,0,0,44.91,0
15696,7376.02,9,1080,2,2,20.22,0
15697,7420.49,0,2061,2,1,11.54,0
15698,6856.98,16,219,1,1,3.89,0
15699,3831.24,13,1997,2,2,7.93,0
15700,3179.12,1,2071,3,1,5.14,0
15701,281.63,23,2479,2,0,7.21,0
15702,552.35,17,1979,2,2,20.78,0
15703,2370.68,1,2444,4,0,50.34,0
15704,4590.21,5,169,1,2,16.19,0
15705,2419.39,21,2932,3,0,3.56,0
15706,724.05,3,2456,5,0,16.57,0
15707,150.82,22,2520,1,2,5.02,0
15708,5748.1,2,2216,5,4,11.36,1
15709,3766.22,23,2838,4,0,7.41,0
15710,747.28,20,1156,2,1,46.75,0
15711,342.51,7,324,2,1,10.23,0
15712,5498.35,2,818,0,1,4.18,0
15713,2444.21,21,595,2,1,54.26,0
15714,2687.42,12,1551,0,1,5.43,0
15715,3616.01,3,395,1,1,25.83,0
15716,2900.23,10,2201,0,1,6.41,0
15717,1096.45,8,2268,1,0,8.19,0
15718,5436.12,10,2298,1,0,12.41,0
15719,2351.76,1,1405,3,1,28.39,0
15720,2702.76,5,1636,4,1,19.93,0
15721,221.07,7,764,3,1,12.53,0
15722,3864.37,21,489,3,1,6.75,0
15723,20925.12,3,2434,2,2,17.16,1
15724,1665.5,20,1652,1,1,30.68,0
15725,4381.76,1,1210,1,1,25.29,0
15726,882.36,14,2801,3,0,7.01,0
15727,7520.71,21,651,2,0,38.61,0
15728,907.46,4,75,0,0,19.52,1
15729,2596.45,10,926,2,0,35.04,0
15730,712.89,19,1927,0,0,1.54,0
15731,510.3,21,29,4,0,10.99,0
15732,10548.4,15,1956,1,1,17.82,0
15733,1223.71,8,1489,2,1,12.79,0
15734,18608.21,22,1141,1,0,19.91,0
15735,447.83,9,1968,3,0,8.3,0
15736,4694.86,23,2860,3,0,20.68,0
15737,4670.46,1,2179,2,0,4.45,0
15738,3700.92,21,2781,2,0,24.3,0
15739,3687.55,4,2624,2,2,7.66,0
15740,300.8,6,328,4,0,34.36,0
15741,2391.14,14,261,1,0,23.3,0
15742,1095.13,9,1600,3,1,5.31,0
15743,3.67,23,301,2,0,30.04,0
15744,1573.36,19,2345,2,1,48.34,0
15745,229.58,10,2987,1,0,5.78,0
15746,8046.23,7,2362,1,0,20.83,0
15747,273.12,8,1726,4,2,15.95,0
15748,1480.4,15,1588,2,0,11.73,0
15749,3757.96,13,542,3,0,12.0,0
15750,4497.2,13,737,1,0,31.52,0
15751,226.28,7,1339,2,0,0.09,0
15752,2123.68,22,2361,4,2,19.94,0
15753,1009.83,12,12,3,1,13.17,0
15754,6453.51,11,951,2,1,14.48,0
15755,489.88,0,565,1,3,17.21,1
15756,4217.28,23,1575,3,0,43.9,0
15757,12.21,2,2190,1,2,45.38,1
15758,2361.88,9,68,0,1,23.74,0
15759,1718.03,4,1532,2,2,37.47,1
15760,669.01,15,2276,0,0,27.33,0
15761,1550.14,14,25,3,0,45.37,1
15762,910.34,6,1591,2,1,28.37,0
15763,1192.25,16,1644,1,1,3.67,0
15764,2613.31,1,1355,2,1,19.28,0
15765,6146.51,1,1612,1,0,23.19,0
15766,15289.35,7,171,2,0,24.87,0
15767,3141.04,12,1622,1,0,18.69,0
15768,145.28,7,1778,5,1,26.7,0
15769,1089.84,0,1520,1,1,25.55,0
15770,3754.5,1,530,2,0,18.17,0
15771,539.43,23,2175,3,0,6.74,0
15772,2653.98,20,360,2,1,7.8,0
15773,5793.26,20,2594,2,1,5.71,0
15774,5698.52,13,1090,0,0,12.53,0
15775,4628.91,0,2556,2,1,10.48,0
15776,1921.26,17,2408,2,0,17.77,0
15777,1251.62,3,45,2,0,17.35,1
15778,3899.98,6,2403,4,0,5.65,0
15779,3453.46,1,2427,2,0,18.85,0
15780,975.47,3,676,2,1,57.11,1
15781,4093.77,1,972,1,0,35.44,0
15782,344.69,20,119,2,1,5.53,0
15783,2010.94,4,1495,2,2,0.25,0
15784,483.77,4,96,1,0,11.64,0
15785,31.64,19,1075,3,0,22.48,0
15786,545.62,10,648,2,1,48.99,0
15787,569.73,22,820,3,1,26.34,0
15788,1888.95,14,1520,2,0,4.34,0
15789,316.97,18,1915,3,0,12.04,0
15790,582.06,22,2448,4,2,0.59,0
15791,930.88,11,948,4,0,25.69,0
15792,2065.76,3,2354,2,2,31.99,0
15793,1089.82,20,765,1,1,4.87,0
15794,2297.77,12,171,2,0,55.21,0
15795,3574.63,1,2553,3,0,46.76,0
15796,667.44,22,2185,1,0,31.12,0
15797,2023.2,13,177,6,1,42.12,0
15798,5576.83,4,1899,1,0,15.81,0
15799,4944.72,11,2020,1,0,23.02,0
15800,2485.03,9,2710,2,0,12.9,0
15801,1767.58,10,1056,0,0,8.42,0
15802,2245.71,8,2582,1,1,36.18,0
15803,274.37,18,562,1,0,16.97,0
15804,2.22,1,1307,3,0,28.63,0
15805,2628.33,9,2281,3,0,4.3,0
15806,811.5,19,1154,0,0,12.08,0
15807,118.23,22,1169,1,0,18.99,0
15808,1837.12,10,923,0,2,28.74,0
15809,868.43,16,371,0,1,26.85,0
15810,2367.51,3,2284,1,0,40.79,0
15811,12141.74,0,2584,2,0,16.46,0
15812,8286.87,17,495,2,1,16.4,0
15813,1360.79,22,2245,0,0,4.63,0
15814,3507.25,19,1595,1,0,9.4,0
15815,488.05,11,2578,0,0,12.34,0
15816,4328.62,11,2169,2,0,20.58,0
15817,2742.55,6,1161,1,0,0.59,0
15818,2335.61,9,1353,2,0,15.65,0
15819,503.39,12,1664,4,1,28.51,0
15820,5079.52,5,688,2,0,6.0,0
15821,1338.1,19,2810,1,1,7.6,0
15822,961.77,11,612,3,0,14.14,0
15823,238.75,3,2021,3,0,2.66,0
15824,4986.19,19,2028,1,0,62.49,0
15825,24.34,1,1290,2,0,13.19,1
15826,3380.39,22,1669,0,0,0.24,1
15827,801.3,12,50,0,0,27.04,0
15828,5909.77,7,1673,2,1,38.8,0
15829,3279.98,3,1721,2,0,11.37,0
15830,2681.43,4,1269,3,1,12.58,0
15831,175.35,17,1733,2,0,26.27,0
15832,4514.65,0,1834,2,0,22.3,0
15833,3873.43,0,1214,1,0,14.66,0
15834,48.21,14,2623,4,2,16.85,0
15835,4626.92,4,1727,3,1,24.65,0
15836,3805.59,12,66,3,0,21.01,0
15837,1416.72,4,806,2,1,33.49,0
15838,5762.9,11,258,2,1,5.99,0
15839,1411.61,11,2065,1,0,13.82,0
15840,4003.17,11,112,1,1,41.4,0
15841,6087.34,2,1534,1,0,21.56,0
15842,576.76,6,2789,3,0,27.63,0
15843,3068.04,0,278,2,0,14.97,0
15844,9.9,14,944,0,0,4.03,0
15845,2449.29,21,2974,2,2,19.77,0
15846,207.73,20,370,1,1,37.65,0
15847,2279.56,13,2036,0,1,1.27,0
15848,3271.92,3,1295,2,2,1.11,0
15849,574.5,13,222,0,0,21.69,0
15850,2881.7,11,2157,2,1,12.65,0
15851,768.36,14,2344,0,2,34.26,0
15852,46.41,1,1530,1,0,18.64,0
15853,1315.99,4,735,0,1,23.96,0
15854,5279.15,8,1238,1,0,15.66,0
15855,2116.17,2,857,1,0,24.36,0
15856,1132.0,7,2420,0,2,0.0,0
15857,520.07,10,1260,0,1,26.81,0
15858,2349.41,14,2324,3,0,32.73,0
15859,696.36,8,232,4,1,51.97,0
15860,2426.49,22,1538,3,1,6.53,0
15861,4359.13,8,2998,2,0,29.39,0
15862,2846.61,23,1497,2,0,0.05,0
15863,262.48,6,398,5,1,23.13,0
15864,1088.87,21,1311,0,0,7.36,0
15865,1513.18,22,1916,1,0,17.01,0
15866,1113.59,18,223,5,1,46.74,0
15867,2765.64,10,2961,1,0,16.92,0
15868,1742.46,14,505,2,0,41.61,0
15869,35.75,18,328,2,0,7.61,1
15870,10680.27,20,2150,2,0,8.22,0
15871,1603.63,20,2358,1,0,21.99,0
15872,717.86,17,1630,2,2,16.61,0
15873,1950.82,13,1231,1,0,18.75,0
15874,3564.85,22,1658,4,0,20.61,0
15875,3459.14,18,880,2,0,32.95,0
15876,1229.7,13,1353,1,1,24.13,0
15877,1294.43,12,505,3,0,0.82,0
15878,6844.6,17,963,1,0,47.79,0
15879,20494.71,6,1321,2,0,4.38,0
15880,1449.94,22,2488,3,0,5.94,0
15881,2861.69,15,1081,2,0,34.72,0
15882,669.97,20,2747,1,0,19.07,0
15883,4367.89,17,1885,5,1,4.71,0
15884,2026.45,12,2241,3,0,10.85,0
15885,2760.92,0,1533,2,0,4.7,0
15886,469.12,21,1920,1,2,5.81,0
15887,1863.82,1,761,0,0,11.66,0
15888,2878.15,7,2843,2,0,23.22,0
15889,1995.74,15,1942,3,0,26.08,0
15890,1801.6,23,364,1,0,30.1,0
15891,202.76,17,1087,2,0,3.61,0
15892,621.59,7,25,2,0,14.51,0
15893,1906.87,20,411,2,0,5.88,0
15894,144.25,18,761,1,1,20.93,0
15895,2375.37,5,105,3,1,10.3,0
15896,780.83,19,1475,3,0,26.66,0
15897,3635.18,13,2003,3,0,20.52,0
15898,1796.6,7,889,1,1,19.42,0
15899,770.81,6,589,1,0,4.21,0
15900,528.4,22,2894,1,1,23.17,0
15901,3684.2,19,2862,3,0,12.15,0
15902,610.36,15,872,3,0,38.35,0
15903,9035.93,21,546,2,0,19.32,0
15904,3074.07,6,2317,0,0,4.47,0
15905,3562.39,12,1185,2,0,1.38,0
15906,2049.09,8,164,0,0,60.3,0
15907,497.55,5,2297,3,1,29.75,0
15908,25.35,4,1320,2,0,42.29,0
15909,604.59,7,672,1,1,18.79,0
15910,9556.0,12,1885,0,0,31.67,0
15911,3635.57,12,2529,2,0,1.88,0
15912,1459.3,18,2674,4,1,2.3,0
15913,401.37,5,1058,1,1,10.41,0
15914,3363.34,5,1800,3,0,6.84,0
15915,371.89,15,970,1,0,3.3,0
15916,1278.17,19,2905,1,1,32.53,0
15917,1751.04,5,917,2,0,49.94,0
15918,1418.21,23,2192,4,1,0.5,0
15919,1103.84,10,2670,2,0,0.81,0
15920,4177.65,4,192,0,1,42.66,0
15921,9009.23,4,977,1,0,21.52,0
15922,2110.98,21,747,3,0,21.32,0
15923,3990.15,0,2357,3,0,50.46,0
15924,5.09,3,1030,2,0,22.22,0
15925,6421.15,22,1,0,1,14.16,0
15926,7579.3,2,1734,0,1,23.0,0
15927,448.04,19,774,0,1,15.58,0
15928,456.55,7,718,1,0,19.63,1
15929,3797.72,16,1143,1,0,15.14,0
15930,3561.81,9,567,1,0,12.24,0
15931,4070.84,6,1217,5,2,22.83,0
15932,2816.37,15,2703,1,0,17.64,0
15933,1227.01,2,2477,1,0,6.93,0
15934,2376.2,18,2152,0,0,19.95,0
15935,1504.98,4,2491,4,0,1.34,1
15936,2265.32,0,2756,1,0,1.26,1
15937,3914.21,15,1358,5,0,41.1,0
15938,297.09,10,345,2,0,45.31,0
15939,3391.26,10,1101,3,0,28.93,0
15940,5687.75,22,1402,2,2,15.85,0
15941,4049.96,4,1594,1,0,15.06,0
15942,1099.44,1,1813,1,1,11.74,0
15943,588.34,10,1788,3,0,48.4,0
15944,436.56,18,2826,3,1,22.64,0
15945,5693.92,19,2550,1,1,49.39,0
15946,2598.73,2,827,2,0,40.43,0
15947,477.42,17,906,2,0,19.21,0
15948,4744.65,3,121,2,0,30.94,1
15949,1577.18,0,2936,2,0,24.0,0
15950,7142.83,12,1165,1,1,9.83,0
15951,4394.0,7,875,1,0,12.56,0
15952,341.34,21,634,1,0,58.87,0
15953,994.04,5,1772,3,1,12.27,0
15954,379.66,20,2969,3,0,16.45,0
15955,39.36,4,526,1,1,8.09,1
15956,194.78,15,1841,1,1,31.8,0
15957,17434.03,14,1913,2,0,4.63,0
15958,10791.1,6,835,1,1,20.12,0
15959,3198.97,2,1697,5,0,36.6,0
15960,1309.82,23,2074,1,1,49.51,0
15961,1934.07,22,139,0,0,4.08,0
15962,7265.01,12,1646,1,1,6.34,0
15963,3403.82,9,2991,1,0,4.92,0
15964,1941.13,15,116,2,2,32.11,0
15965,462.24,14,15,2,1,35.01,0
15966,2184.87,6,2288,5,0,8.4,0
15967,559.95,11,215,1,0,0.71,0
15968,6810.13,7,1551,2,0,37.27,0
15969,13744.67,1,1373,1,0,12.72,0
15970,678.08,19,1283,2,0,19.83,0
15971,218.52,5,2556,1,0,23.55,0
15972,1734.12,16,1247,3,0,20.28,0
15973,3127.07,4,2582,2,0,21.3,0
15974,449.57,9,348,1,0,29.41,0
15975,1208.74,23,154,0,0,38.28,0
15976,4564.74,20,1938,4,0,11.59,0
15977,6929.61,22,1219,2,0,14.99,0
15978,4651.94,23,220,1,1,76.22,0
15979,1539.52,4,2032,2,1,0.06,0
15980,781.0,8,76,2,1,30.78,0
15981,5384.94,21,2655,1,0,22.71,0
15982,2266.0,13,1939,1,0,45.21,0
15983,7314.04,11,2074,2,1,47.25,0
15984,1005.69,5,1754,0,0,8.45,0
15985,1022.3,14,1722,1,0,42.97,0
15986,8286.01,4,1521,2,0,0.84,0
15987,2463.43,18,10,2,1,5.29,0
15988,5166.85,13,655,2,0,14.72,0
15989,1488.35,0,164,4,0,5.94,0
15990,529.36,7,2895,2,0,10.23,0
15991,31.02,12,782,2,1,27.61,0
15992,99.37,16,2714,1,1,1.08,0
15993,707.95,11,2599,5,1,6.74,0
15994,3641.31,12,1075,2,1,3.4,0
15995,2852.53,13,2986,1,2,32.6,0
15996,1613.11,2,1159,1,0,39.03,0
15997,3458.45,18,1835,2,0,44.79,0
15998,660.71,8,1291,2,0,28.17,0
15999,1326.08,19,1990,4,1,18.05,0
16000,598.17,20,2402,2,1,23.69,0
16001,715.12,6,428,2,0,25.51,0
16002,3353.07,16,892,2,0,28.74,0
16003,1727.82,18,2864,1,0,5.88,0
16004,5854.54,18,2783,1,0,0.17,0
16005,4724.19,15,2353,2,0,23.07,0
16006,1939.53,17,2901,2,0,19.46,0
16007,740.01,8,2451,1,0,17.25,0
16008,259.5,2,1056,3,0,41.87,0
16009,313.88,19,2893,1,2,10.25,0
16010,789.82,16,1751,2,0,22.89,0
16011,3587.59,1,2414,0,1,9.55,0
16012,4012.16,23,2541,2,0,12.78,0
16013,3760.97,10,1285,3,0,19.89,0
16014,1789.13,0,1156,6,0,16.77,0
16015,3955.34,19,2877,1,0,20.55,0
16016,4396.76,21,851,6,0,18.77,0
16017,1330.33,4,1708,2,0,39.05,0
16018,2552.64,13,1215,1,2,29.7,0
16019,1220.75,6,523,1,1,27.8,0
16020,1522.99,4,912,2,0,51.74,0
16021,9705.79,18,1054,2,0,14.12,0
16022,237.41,12,416,0,0,20.21,0
16023,1470.41,4,414,1,1,5.53,0
16024,746.65,5,2944,1,0,17.4,0
16025,237.07,17,2400,2,0,4.65,0
16026,3403.62,22,2186,2,1,0.24,0
16027,2951.47,20,306,2,0,11.83,0
16028,210.08,21,428,3,0,12.58,0
16029,3379.67,10,2523,1,1,13.39,0
16030,955.5,9,2304,2,0,53.18,0
16031,31.84,10,934,0,1,4.23,0
16032,3995.95,8,67,0,0,7.14,0
16033,2023.32,0,2867,2,0,28.33,0
16034,3836.81,2,748,1,2,30.45,0
16035,7898.09,21,1845,2,0,16.77,0
16036,1368.53,13,2864,3,0,16.04,0
16037,3079.42,5,564,5,1,49.29,0
16038,3928.01,6,2424,0,0,18.62,0
16039,4303.04,16,2881,2,0,14.83,0
16040,923.63,9,2039,1,0,33.57,0
16041,909.52,9,708,0,0,7.92,0
16042,3244.8,20,662,0,1,0.37,0
16043,268.24,10,1629,3,0,5.82,0
16044,1654.91,22,1889,2,1,8.18,0
16045,1413.39,23,2065,1,2,18.27,0
16046,1700.56,22,2014,1,0,12.39,0
16047,915.89,2,2103,1,2,8.35,1
16048,8994.01,16,2156,2,1,18.13,0
16049,5359.87,4,528,3,1,12.68,0
16050,8977.49,6,1845,7,2,4.18,0
16051,13583.65,16,2634,1,0,17.73,0
16052,5092.88,17,2659,1,1,1.46,0
16053,1385.77,15,237,0,0,44.4,0
16054,8372.73,10,2693,1,0,38.23,0
16055,5032.75,17,1189,0,1,27.05,0
16056,495.33,2,1589,2,0,19.92,0
16057,3392.45,16,203,0,0,0.43,0
16058,645.2,12,2858,2,2,23.71,0
16059,1156.57,2,2996,1,0,19.59,0
16060,1054.21,6,2859,6,2,4.25,0
16061,3202.63,23,1047,2,0,0.49,0
16062,3263.35,18,2632,3,0,32.64,1
16063,1265.15,11,1642,2,0,13.14,0
16064,7078.94,9,1916,1,1,24.84,0
16065,1239.42,23,2356,3,1,24.08,0
16066,2508.09,19,2198,3,0,40.27,0
16067,364.08,8,1604,4,0,22.22,0
16068,394.39,0,2784,1,0,3.78,0
16069,1044.52,10,2111,3,0,3.48,0
16070,2874.08,13,2813,3,0,17.71,0
16071,2188.27,14,2554,1,0,35.15,0
16072,111.46,8,2324,4,1,6.22,0
16073,8163.15,12,790,2,0,25.61,0
16074,552.2,21,2219,3,1,45.08,0
16075,875.45,7,16,1,2,33.96,0
16076,801.34,19,1822,3,0,21.34,0
16077,1109.44,4,825,2,1,10.76,0
16078,2021.74,12,489,2,1,21.77,0
16079,3987.87,1,2225,1,2,11.28,0
16080,1547.8,1,2351,1,0,28.03,0
16081,15426.4,4,1709,0,0,15.31,1
16082,2306.84,2,1574,2,1,4.7,0
16083,1752.9,12,543,3,2,14.32,0
16084,7145.74,0,406,1,1,28.84,0
16085,2339.09,13,1322,1,0,13.37,0
16086,1754.57,11,1306,1,1,7.45,0
16087,1641.51,23,1842,0,0,14.96,0
16088,720.55,21,2075,2,0,8.55,0
16089,2724.9,13,1138,2,0,6.33,0
16090,2070.86,10,2045,2,0,34.03,0
16091,293.47,21,2142,2,0,26.29,0
16092,1883.13,12,1321,0,0,28.03,0
16093,5814.65,10,1469,1,0,25.51,0
16094,2597.97,15,1443,3,1,5.98,0
16095,415.7,3,706,2,1,2.67,0
16096,2712.44,8,1927,1,0,39.29,0
16097,3179.86,13,1125,1,0,5.31,0
16098,15329.05,0,29,2,0,29.6,1
16099,6124.01,1,1583,3,1,13.75,0
16100,10319.72,16,1829,1,1,7.13,0
16101,1858.18,10,2135,5,1,26.66,0
16102,2654.67,13,2175,0,1,47.73,0
16103,676.3,4,1193,0,0,7.54,0
16104,3467.95,21,236,6,0,32.7,0
16105,2775.96,11,293,1,1,21.35,0
16106,459.83,13,1568,3,0,27.24,0
16107,3129.46,11,1046,2,0,23.88,0
16108,4069.31,10,437,0,0,17.07,0
16109,96.67,4,718,2,0,28.49,0
16110,99.95,8,1240,0,0,4.86,0
16111,2719.63,8,282,2,1,15.39,0
16112,3533.87,16,2412,2,0,3.76,0
16113,842.32,19,1935,6,0,37.8,1
16114,1461.34,9,21,2,0,5.9,0
16115,58.25,4,827,2,0,13.45,0
16116,5977.72,6,2168,2,1,4.31,0
16117,60.63,13,2189,1,0,18.19,0
16118,5634.13,13,70,2,0,26.23,0
16119,252.67,16,956,2,0,14.66,0
16120,858.32,10,1925,3,0,28.69,0
16121,1240.03,1,2991,2,0,51.78,0
16122,21.2,2,1854,2,1,26.71,0
16123,1412.01,0,1005,1,0,27.6,0
16124,1518.62,13,795,2,0,0.17,0
16125,4830.73,1,2549,0,0,9.42,0
16126,9931.57,9,1097,3,0,54.64,0
16127,7330.39,4,870,3,1,14.3,0
16128,3995.74,16,2634,1,1,0.35,0
16129,6039.82,13,249,3,0,13.21,0
16130,3154.57,5,186,2,0,15.36,0
16131,4442.81,22,1364,1,0,14.32,0
16132,2320.23,23,199,0,1,1.71,0
16133,3108.54,17,2505,0,1,16.55,0
16134,10265.47,23,2191,0,0,10.72,0
16135,2357.73,7,125,3,0,34.44,0
16136,959.71,19,1139,2,0,18.66,0
16137,499.86,23,284,3,0,19.24,0
16138,926.24,6,1103,5,1,11.9,0
16139,4963.35,21,2370,1,1,10.98,0
16140,428.23,0,2392,4,0,47.57,1
16141,1619.82,13,2614,0,0,16.41,0
16142,1877.55,2,2488,0,0,14.26,1
16143,20.18,15,2443,2,1,1.46,0
16144,710.54,15,2359,2,0,27.66,0
16145,12554.56,15,553,2,0,10.24,0
16146,936.0,8,1379,1,0,41.18,0
16147,2442.22,4,2275,0,0,19.57,0
16148,1458.95,8,449,2,0,53.44,0
16149,3.67,6,1486,3,1,17.48,0
16150,446.74,12,2497,1,1,39.13,0
16151,7745.69,8,2158,1,0,52.8,0
16152,5180.88,0,1224,5,1,1.43,0
16153,4766.4,10,174,1,0,5.22,0
16154,2825.48,14,839,5,0,8.79,0
16155,4538.01,11,1547,3,1,15.9,0
16156,2433.63,22,2016,1,1,40.93,0
16157,1605.79,9,2087,4,1,26.77,0
16158,1823.69,0,2348,1,0,2.21,0
16159,4860.14,10,2041,0,0,28.96,0
16160,2537.1,20,2618,3,0,15.39,0
16161,1866.55,7,2348,6,0,31.97,0
16162,4159.05,8,2773,3,2,50.64,0
16163,6145.68,0,1380,4,0,15.45,0
16164,5337.32,18,2573,1,1,74.3,0
16165,2270.81,17,185,4,1,20.53,0
16166,2121.71,4,2695,3,1,13.34,0
16167,4206.82,13,5,3,0,3.0,0
16168,1637.2,5,2938,0,0,15.2,0
16169,524.17,19,1028,0,3,28.65,0
16170,180.31,8,603,2,0,20.75,0
16171,3732.36,20,182,6,2,31.45,0
16172,3543.34,7,369,2,0,16.78,0
16173,1639.35,11,2173,6,0,25.3,0
16174,2076.66,19,574,1,0,7.25,0
16175,1155.31,10,2133,0,1,5.0,1
16176,270.55,8,2501,3,1,18.09,0
16177,55.71,0,1920,1,1,30.64,0
16178,106.32,6,1279,1,1,0.64,0
16179,884.15,4,168,1,0,5.76,0
16180,2939.23,7,395,3,2,40.93,0
16181,1783.19,18,1803,2,0,36.3,0
16182,2054.6,21,1884,1,0,36.37,0
16183,6834.88,15,1171,3,0,29.2,0
16184,13939.4,17,1790,1,0,25.35,0
16185,1218.45,14,1486,2,0,9.27,0
16186,472.43,19,1497,2,2,11.28,0
16187,1412.9,3,2689,0,0,16.23,0
16188,9958.67,9,274,2,0,64.23,0
16189,7165.77,16,1743,2,0,1.99,0
16190,1057.71,23,1095,4,0,9.29,0
16191,928.83,21,2141,2,1,2.6,0
16192,3413.29,23,652,2,0,11.99,0
16193,2267.1,6,16,2,1,8.57,0
16194,10177.03,16,2139,0,1,3.44,0
16195,5373.84,23,529,1,2,2.21,0
16196,785.5,19,1311,2,2,3.33,0
16197,6370.72,20,2130,2,0,9.1,0
16198,1260.35,12,2853,3,0,9.08,0
16199,846.31,16,1133,0,0,0.33,0
16200,1142.24,3,2337,1,0,42.03,0
16201,1550.35,13,652,0,1,11.97,0
16202,84.79,7,2649,1,0,39.35,0
16203,869.98,7,690,0,1,2.28,0
16204,1313.88,13,128,3,1,30.88,0
16205,684.37,23,2634,1,0,12.44,0
16206,2771.71,11,2960,1,0,9.52,0
16207,1253.3,17,1544,4,1,15.66,0
16208,1299.02,22,2551,3,2,40.59,0
16209,1380.04,8,679,6,0,53.3,0
16210,3288.56,14,1721,0,0,18.73,1
16211,4728.93,15,1199,0,0,4.82,0
16212,4029.3,16,860,2,0,26.34,0
16213,1713.35,3,1817,4,0,5.14,0
16214,1390.71,6,2867,4,2,18.07,0
16215,136.48,0,1573,1,1,4.88,0
16216,5572.34,12,745,1,1,24.99,0
16217,3194.04,18,876,1,0,9.47,0
16218,6599.59,21,2631,2,1,18.75,0
16219,4153.75,21,355,3,1,12.61,0
16220,5004.07,11,378,1,0,11.29,0
16221,789.1,16,370,1,0,4.4,0
16222,32.19,14,2216,3,1,30.68,0
16223,873.84,16,613,0,0,21.53,0
16224,3518.19,9,601,5,1,13.16,1
16225,6027.92,12,1482,2,0,61.08,0
16226,776.73,10,2307,1,0,13.74,0
16227,3786.2,9,1698,2,1,34.12,0
16228,1399.35,19,2248,2,0,22.53,0
16229,1481.13,18,96,3,1,8.93,0
16230,3398.23,13,626,2,1,12.83,0
16231,8729.39,7,547,2,0,29.1,0
16232,8380.45,14,2970,3,1,26.64,0
16233,2410.06,4,902,1,1,4.43,0
16234,4934.56,20,1941,2,1,13.19,0
16235,4670.6,3,1845,4,0,1.86,1
16236,1525.83,19,2059,1,0,15.66,0
16237,2312.15,18,111,2,0,20.98,0
16238,966.33,4,702,1,1,23.27,0
16239,8735.29,7,1932,2,2,3.03,0
16240,914.16,21,2348,1,0,25.71,0
16241,4779.18,1,148,2,0,11.09,0
16242,3300.4,22,1755,4,0,27.15,0
16243,272.27,10,1118,4,0,0.08,1
16244,8757.38,22,2221,4,0,16.07,0
16245,1552.3,20,2613,1,0,1.29,0
16246,1914.59,14,228,2,1,4.6,0
16247,5550.02,21,2262,2,1,15.67,0
16248,1564.36,8,1909,0,1,47.63,0
16249,15465.95,14,2380,2,0,8.79,0
16250,8409.57,10,2881,1,0,21.05,0
16251,6659.53,8,290,1,0,26.9,0
16252,1955.1,20,1824,1,0,14.8,0
16253,1991.4,13,2034,2,2,25.61,0
16254,448.37,10,1286,1,0,3.38,0
16255,2749.07,6,2431,0,0,9.44,0
16256,1377.53,16,318,2,0,2.8,0
16257,1058.0,17,2216,1,0,25.48,0
16258,224.39,19,2808,4,1,17.71,0
16259,187.16,1,1854,1,1,24.72,0
16260,1971.93,23,861,1,1,12.05,1
16261,478.86,14,2107,1,1,15.75,0
16262,2178.09,2,1445,2,0,17.92,0
16263,1462.65,18,266,2,0,28.16,0
16264,584.94,10,2024,0,0,1.79,0
16265,4229.08,19,238,5,1,62.47,0
16266,522.17,17,2380,2,0,5.44,0
16267,1324.17,9,1514,0,0,36.7,0
16268,3981.27,16,2493,1,0,8.49,0
16269,4636.34,22,2569,2,0,1.65,0
16270,2209.02,12,687,3,0,13.71,0
16271,22.85,12,2253,6,1,14.04,0
16272,923.31,6,2071,4,0,30.36,0
16273,10565.62,8,2255,2,1,39.59,0
16274,2493.04,16,1816,2,2,20.5,0
16275,3286.23,13,842,9,0,10.08,1
16276,2493.99,16,94,1,0,7.24,0
16277,154.34,4,70,1,1,18.55,0
16278,7736.9,21,1962,2,0,2.42,0
16279,3819.22,12,325,2,1,25.44,0
16280,856.09,4,975,4,0,26.05,0
16281,3200.03,18,1635,2,0,52.23,0
16282,1638.58,21,446,0,0,33.71,0
16283,2310.43,5,470,0,0,14.6,0
16284,2588.02,20,2736,2,1,30.59,0
16285,26.75,19,115,4,0,21.02,0
16286,624.43,20,1367,0,0,12.91,0
16287,332.89,23,362,2,0,16.36,0
16288,791.13,17,2240,4,0,15.1,0
16289,2099.58,3,634,3,0,43.43,0
16290,3302.68,18,2651,0,0,27.89,0
16291,1158.38,17,2143,1,1,19.24,0
16292,2563.08,20,1586,3,0,52.7,0
16293,661.57,20,403,1,1,13.17,0
16294,962.01,16,549,0,0,29.97,0
16295,5370.56,0,2658,2,0,37.66,0
16296,4291.77,15,29,2,0,28.93,0
16297,1428.54,12,1590,1,0,33.34,0
16298,4488.01,22,2442,4,0,11.3,0
16299,2069.72,1,486,0,0,17.89,0
16300,980.55,1,1863,2,1,18.27,0
16301,1650.27,18,541,1,2,25.81,0
16302,2136.18,7,1971,1,1,6.13,0
16303,1166.84,4,2415,0,1,7.0,0
16304,2689.73,17,590,6,0,46.93,0
16305,2209.69,12,2267,2,2,2.45,0
16306,2513.4,19,947,2,1,30.93,0
16307,1917.76,7,1126,2,0,10.3,0
16308,603.15,22,2095,1,1,15.68,0
16309,195.28,21,1789,3,0,11.02,0
16310,1351.11,21,1245,2,1,8.7,0
16311,1818.64,19,1861,2,1,2.95,0
16312,388.18,1,994,2,0,21.23,0
16313,3288.76,22,1296,1,1,45.12,0
16314,9197.42,1,1724,2,2,4.65,0
16315,6527.09,15,1344,3,0,6.42,0
16316,593.73,14,2094,4,0,0.12,0
16317,2202.46,19,1695,0,1,43.36,0
16318,17198.56,16,2989,2,0,40.77,1
16319,1282.0,7,783,1,0,2.99,0
16320,2127.66,10,1452,1,0,1.64,0
16321,1950.96,22,1828,0,1,5.41,0
16322,1290.43,0,1995,4,1,15.6,1
16323,152.83,14,968,1,0,42.95,0
16324,2567.62,23,416,2,1,25.77,0
16325,2249.94,5,2696,1,0,1.77,0
16326,5546.85,6,411,2,0,9.67,0
16327,5822.73,10,1349,4,1,10.77,0
16328,219.89,10,2590,1,2,2.24,0
16329,5562.45,1,2791,4,1,24.8,0
16330,6256.69,10,1803,4,0,21.17,0
16331,4617.49,21,135,1,0,6.16,0
16332,2709.17,11,521,4,1,53.52,0
16333,1357.16,20,384,2,1,38.94,0
16334,2887.58,16,1960,3,0,1.09,0
16335,49.24,19,2472,0,0,22.49,0
16336,1760.8,21,912,4,0,58.46,0
16337,1320.18,16,1122,2,0,19.38,0
16338,3087.26,22,1148,0,1,3.97,0
16339,443.56,8,184,2,0,7.34,0
16340,6324.36,9,1506,3,1,5.76,0
16341,9950.26,16,2202,1,0,30.3,0
16342,5830.49,6,429,2,1,1.45,0
16343,871.46,2,1276,2,1,15.08,0
16344,5417.75,2,1264,1,0,2.06,0
16345,1202.04,15,211,4,1,0.61,0
16346,264.51,20,2874,3,1,52.43,0
16347,2066.68,3,625,1,1,35.69,0
16348,1567.65,7,2655,0,0,28.04,0
16349,90.99,10,202,3,0,17.6,1
16350,477.37,6,1641,2,0,21.25,0
16351,6278.19,17,1819,2,0,44.84,0
16352,1910.43,3,1329,1,1,5.38,0
16353,6894.32,20,1612,4,0,11.0,0
16354,1743.5,17,2465,4,0,18.62,0
16355,1297.46,2,154,3,0,8.2,0
16356,6147.24,18,2617,3,1,7.91,0
16357,676.59,14,1845,0,1,14.17,0
16358,1.22,19,1829,2,0,4.12,0
16359,3741.63,17,219,1,0,4.4,0
16360,902.75,4,951,3,0,22.16,0
16361,80.61,20,1240,2,1,15.58,0
16362,2115.23,20,1094,4,2,13.56,0
16363,2185.17,11,1747,0,0,21.96,1
16364,7192.11,16,1196,4,0,21.75,0
16365,2615.97,8,1688,4,0,41.92,0
16366,583.94,15,2354,1,0,3.96,0
16367,3107.51,9,102,6,0,25.82,0
16368,1477.04,7,1734,0,2,2.15,0
16369,2028.99,23,1751,2,1,6.08,0
16370,4765.08,9,89,2,0,5.73,0
16371,746.64,2,1770,1,0,16.72,0
16372,2631.15,6,552,5,2,12.72,0
16373,5465.93,19,1308,0,0,20.65,0
16374,1496.43,15,896,2,0,30.17,0
16375,4033.37,15,2073,4,0,41.82,0
16376,1766.29,21,854,3,1,23.89,0
16377,5074.1,3,1455,3,1,10.78,0
16378,3444.68,18,2041,2,1,17.4,1
16379,878.26,11,1856,4,0,6.23,0
16380,487.5,22,657,1,0,9.97,0
16381,4329.93,19,2881,3,0,19.66,0
16382,2373.14,21,604,0,0,35.07,0
16383,4549.54,21,1799,3,0,23.97,0
16384,2063.59,7,428,1,0,15.77,0
16385,2068.95,16,1612,1,1,22.56,0
16386,37.1,17,854,4,1,43.71,0
16387,93.47,22,155,1,1,14.75,0
16388,3834.61,4,2314,1,0,4.92,0
16389,5454.55,2,1358,0,0,13.28,0
16390,318.71,17,1509,0,0,16.4,0
16391,7670.67,22,2712,1,1,11.66,0
16392,431.59,9,2632,2,1,12.24,0
16393,669.78,5,929,3,0,31.6,0
16394,3517.88,7,718,5,1,3.69,0
16395,4073.78,9,371,1,0,25.45,0
16396,148.08,12,1528,1,0,13.95,0
16397,75.06,2,2253,2,0,25.56,0
16398,990.38,11,2568,1,0,50.71,0
16399,1422.82,23,1042,3,1,18.3,0
16400,1529.98,17,1014,4,0,21.78,0
16401,4358.45,18,1773,1,0,23.99,0
16402,6445.11,12,99,0,0,40.29,0
16403,1848.57,14,850,3,2,11.46,0
16404,464.48,9,1195,2,0,4.38,0
16405,5230.56,12,1929,6,0,33.95,0
16406,244.16,22,1043,1,0,2.87,0
16407,2345.0,12,724,5,2,0.33,0
16408,713.33,23,502,3,1,2.24,0
16409,4583.09,11,2590,3,0,12.26,0
16410,1103.84,18,1462,4,0,24.84,0
16411,1818.92,17,1161,2,0,5.28,0
16412,6439.32,20,338,2,0,10.61,0
16413,10357.15,20,1995,3,1,28.37,0
16414,1057.35,8,2498,2,2,24.57,0
16415,420.92,3,1740,2,0,42.67,1
16416,2440.19,2,1811,3,2,4.23,0
16417,674.0,0,1380,0,1,14.05,0
16418,1782.37,0,662,1,0,13.77,0
16419,2880.15,5,316,4,0,10.79,0
16420,1844.55,16,2722,0,1,3.43,0
16421,4173.38,3,1657,5,1,50.0,1
16422,635.79,18,2261,2,2,30.11,0
16423,360.39,2,2645,2,1,13.13,1
16424,1552.93,9,406,2,0,12.33,0
16425,10050.39,7,1229,2,0,46.07,0
16426,14388.38,8,2735,1,0,38.39,0
16427,3436.01,15,1584,2,0,4.79,0
16428,8936.3,22,240,2,1,5.2,0
16429,1044.56,22,2420,1,0,31.15,0
16430,5029.42,8,2304,0,0,31.68,0
16431,5116.12,6,2843,2,0,52.05,0
16432,226.88,15,1843,2,0,35.92,0
16433,78.99,9,106,1,0,43.58,0
16434,587.27,23,527,1,1,15.39,0
16435,207.22,18,2945,2,0,14.53,0
16436,3815.77,4,2196,5,0,5.62,0
16437,7941.76,12,1183,1,1,15.81,0
16438,839.65,21,2609,0,0,0.85,0
16439,6026.36,7,825,1,0,4.69,0
16440,6220.79,0,621,1,1,18.0,0
16441,2590.43,13,2599,2,2,7.92,0
16442,1724.65,11,122,3,0,14.19,0
16443,508.97,18,2974,3,0,4.03,0
16444,2311.47,20,2397,2,0,2.57,0
16445,8995.62,12,2897,1,1,27.9,0
16446,5384.51,5,478,2,1,17.87,0
16447,5747.43,17,773,0,0,28.15,0
16448,4324.09,13,1545,1,0,34.49,0
16449,5133.13,14,1883,2,1,9.49,0
16450,1389.98,3,2457,1,0,30.67,1
16451,1837.0,23,1547,1,0,36.66,0
16452,2278.65,13,1696,1,0,48.21,0
16453,228.59,13,320,5,0,19.51,0
16454,3447.12,0,572,1,2,1.42,0
16455,756.68,10,1615,1,0,35.89,0
16456,5897.86,7,1139,3,0,49.86,0
16457,417.24,5,132,3,1,8.57,0
16458,829.18,4,525,2,0,14.84,0
16459,2970.37,4,2786,2,0,7.76,0
16460,4605.61,22,902,2,0,17.42,0
16461,152.9,8,2514,1,1,14.79,0
16462,1485.82,18,2230,6,0,7.0,0
16463,2457.92,1,297,1,2,42.9,0
16464,2753.68,6,2971,2,1,6.96,0
16465,3584.44,14,1735,1,0,16.15,0
16466,2529.04,17,905,2,0,34.71,0
16467,1659.91,13,2000,1,0,7.29,0
16468,5166.84,11,2529,4,0,4.12,0
16469,6631.61,23,67,3,0,3.55,0
16470,1912.93,3,1943,2,0,49.48,0
16471,175.25,14,2517,1,0,34.67,0
16472,830.83,2,1342,2,0,43.63,0
16473,2059.38,4,2604,3,1,47.82,0
16474,209.73,9,1131,5,0,22.85,1
16475,1336.68,12,493,0,1,58.89,0
16476,845.59,8,1204,1,0,39.01,0
16477,1157.17,0,2527,2,0,54.08,0
16478,25.66,5,866,3,1,8.91,0
16479,3231.3,7,1436,2,1,4.21,0
16480,446.52,2,1876,2,0,44.41,0
16481,211.95,9,1620,3,0,18.94,0
16482,1660.44,11,1779,1,1,1.67,0
16483,732.96,9,574,2,1,22.9,0
16484,132.49,12,216,2,1,29.72,0
16485,3606.49,3,2252,3,1,8.94,0
16486,2760.74,12,1009,1,0,23.65,0
16487,1055.76,15,526,0,0,16.24,0
16488,2114.01,12,894,2,0,24.67,0
16489,1797.66,2,2325,1,0,29.65,0
16490,5066.76,18,1462,3,0,29.32,1
16491,5467.55,23,2634,2,1,13.08,1
16492,1894.34,12,2509,1,2,20.07,0
16493,781.94,20,1372,4,0,31.43,0
16494,3598.83,11,2387,1,2,17.27,0
16495,1961.46,5,2619,4,0,0.32,0
16496,151.35,5,1991,3,0,49.65,0
16497,107.47,21,1797,5,0,5.68,0
16498,325.94,12,1077,1,1,5.27,0
16499,990.01,2,1224,0,1,6.92,0
16500,2189.37,19,185,2,0,9.1,1
16501,283.34,0,887,1,0,17.76,0
16502,325.34,17,1325,0,0,24.01,0
16503,3310.76,0,733,3,0,29.79,0
16504,1356.41,23,1371,1,0,25.87,0
16505,1904.05,10,261,3,0,14.65,0
16506,3835.4,23,2958,5,1,20.96,0
16507,6683.2,6,1111,3,0,17.38,0
16508,6002.98,9,2799,1,2,23.93,0
16509,2841.99,8,2251,3,0,1.99,0
16510,5860.11,12,1971,2,0,0.68,0
16511,1001.27,4,740,3,1,21.42,0
16512,1998.78,17,2196,1,0,9.15,0
16513,2178.73,7,2346,1,0,25.73,0
16514,4887.95,0,1232,1,0,1.64,0
16515,291.29,15,988,2,0,0.24,0
16516,3430.42,7,271,5,0,9.08,0
16517,657.18,8,1480,3,0,10.29,0
16518,14282.36,8,1549,1,1,19.44,0
16519,1430.29,23,2850,2,0,14.14,0
16520,26.18,2,1532,3,0,15.29,1
16521,806.16,21,1976,2,1,28.8,0
16522,2839.58,9,2377,1,0,12.41,0
16523,630.53,6,610,0,0,1.97,0
16524,4346.5,11,381,4,0,14.92,0
16525,4793.67,3,1068,1,1,23.0,0
16526,475.3,22,2410,6,0,16.68,0
16527,5205.74,14,2155,1,1,5.29,0
16528,1258.34,16,1912,1,0,9.21,0
16529,3822.43,18,1298,0,1,13.67,0
16530,1093.38,6,261,1,1,19.54,0
16531,5125.54,4,2819,2,0,37.09,0
16532,1836.21,0,1186,2,0,21.74,0
16533,2007.43,0,2389,2,0,19.85,0
16534,926.06,10,1170,2,1,21.39,0
16535,2528.12,7,1806,2,2,4.07,0
16536,7776.17,15,2665,2,0,20.2,0
16537,3994.12,13,1741,3,0,8.08,0
16538,1429.12,3,2105,3,0,15.61,0
16539,6625.99,6,213,4,0,36.03,0
16540,702.71,22,2165,1,0,14.72,0
16541,4903.21,11,2057,0,0,19.52,0
16542,10352.01,1,245,0,1,3.34,1
16543,1247.6,3,2962,1,2,35.96,1
16544,1159.4,22,2196,3,3,44.27,1
16545,6799.13,15,997,2,0,18.99,0
16546,3388.77,2,1279,3,0,25.88,0
16547,414.76,6,2386,5,0,33.36,0
16548,4900.28,2,1330,3,0,0.15,0
16549,4199.72,2,266,3,1,20.94,0
16550,2502.85,8,938,2,1,29.46,0
16551,4590.99,13,1972,1,1,28.55,0
16552,830.9,17,1690,3,1,8.51,0
16553,106.9,5,2586,3,0,13.11,0
16554,268.5,3,61,0,0,26.07,0
16555,5225.48,15,2247,6,0,14.52,0
16556,6150.6,2,2248,1,0,41.87,0
16557,1319.87,14,399,5,0,33.16,0
16558,6077.74,1,2520,3,0,13.71,0
16559,2172.59,21,1661,4,0,26.57,0
16560,5042.33,20,2149,4,0,44.69,0
16561,200.95,10,1734,1,0,43.92,0
16562,130.85,9,528,2,0,15.82,0
16563,1408.5,10,1861,4,0,13.79,0
16564,3108.35,1,1666,2,1,27.81,0
16565,494.76,20,2245,1,0,36.94,0
16566,3450.58,20,10,3,0,2.21,0
16567,1805.19,4,1753,3,0,37.15,0
16568,141.94,18,2690,0,0,11.87,0
16569,6701.25,6,1002,3,0,41.56,0
16570,4397.96,23,296,5,0,1.06,0
16571,2266.02,11,1079,1,0,6.15,0
16572,3039.73,5,2895,0,0,9.02,0
16573,5816.7,23,804,1,0,8.67,0
16574,2718.83,0,1656,3,0,58.01,0
16575,440.48,1,217,1,1,35.43,0
16576,727.79,5,800,3,2,10.84,0
16577,220.96,1,758,1,0,6.8,0
16578,5805.93,16,1769,0,1,2.18,0
16579,649.79,10,2651,2,0,14.41,0
16580,608.0,22,1373,2,0,13.13,0
16581,3042.59,22,78,1,1,4.36,0
16582,772.38,21,1338,3,0,11.02,0
16583,1240.84,4,689,5,0,12.04,1
16584,566.41,9,392,3,0,2.78,0
16585,2061.14,3,1185,1,0,19.22,0
16586,2799.97,4,112,2,0,15.71,0
16587,5917.28,12,1675,2,0,44.44,0
16588,975.4,15,151,0,1,10.85,0
16589,1436.44,3,1291,1,1,25.56,0
16590,2101.08,2,1049,3,1,14.55,0
16591,3043.0,10,2412,1,0,1.78,0
16592,885.88,18,581,1,1,26.9,0
16593,4158.88,0,391,1,0,8.89,1
16594,1393.44,12,1739,6,2,26.76,0
16595,6422.26,7,843,1,0,24.4,0
16596,2250.72,23,2128,2,1,27.09,0
16597,6340.69,4,528,2,0,26.77,0
16598,5461.99,4,560,4,0,26.21,0
16599,172.67,8,154,4,0,8.86,0
16600,5863.75,1,1309,4,0,8.06,1
16601,166.14,7,2405,4,0,40.53,0
16602,562.93,4,755,2,0,1.0,0
16603,6573.87,21,722,3,1,7.27,0
16604,160.59,1,1526,3,1,21.71,0
16605,1338.73,12,573,3,0,7.28,0
16606,2930.07,20,113,2,0,20.09,0
16607,3832.07,3,2717,1,1,23.03,0
16608,3539.48,23,2515,5,0,13.59,0
16609,1791.28,1,310,2,1,5.04,0
16610,6822.23,3,851,3,0,28.53,1
16611,203.82,8,2189,5,1,61.71,0
16612,3647.6,9,857,0,1,21.21,0
16613,6462.1,7,2359,1,1,11.71,0
16614,265.11,3,789,2,1,27.75,1
16615,263.29,7,2629,0,0,19.81,0
16616,690.33,5,1490,5,1,25.26,0
16617,115.04,5,2118,1,1,6.47,0
16618,1758.78,12,479,1,0,2.82,0
16619,1019.89,6,649,1,2,11.18,0
16620,159.55,7,2449,0,0,29.46,0
16621,1653.54,8,1375,2,0,7.64,0
16622,6295.83,13,2783,3,1,11.79,0
16623,272.98,9,1366,0,0,28.23,0
16624,905.84,4,888,4,0,45.31,0
16625,4500.71,9,761,1,0,15.17,0
16626,5414.79,16,1638,0,0,18.22,0
16627,3143.46,9,1221,1,0,23.63,0
16628,5436.23,19,1814,2,0,32.2,0
16629,276.31,13,21,2,1,0.79,0
16630,385.11,5,1081,2,0,11.32,0
16631,6154.91,18,2098,2,1,29.94,0
16632,4926.72,13,1759,2,1,47.1,0
16633,367.77,6,1097,3,0,9.5,0
16634,2721.63,5,224,3,1,17.28,0
16635,66.12,23,2390,5,0,10.06,0
16636,1109.88,11,1014,0,1,17.26,0
16637,857.74,13,1859,1,0,15.36,0
16638,12263.35,20,2745,3,1,15.44,0
16639,981.71,15,2561,1,1,27.86,0
16640,2111.5,7,1134,2,0,17.17,0
16641,824.27,21,2347,1,0,4.21,0
16642,1386.63,17,2610,2,2,0.56,0
16643,163.39,20,1477,3,0,3.21,0
16644,1883.44,5,2548,1,0,20.69,0
16645,1914.24,15,951,0,0,18.88,0
16646,231.89,11,1658,4,2,25.92,0
16647,399.15,2,1371,2,1,23.44,1
16648,1881.38,22,728,3,2,11.11,0
16649,2443.82,12,1656,3,0,13.52,0
16650,4128.28,11,1362,4,2,0.01,0
16651,2023.44,18,272,4,0,13.28,0
16652,1013.65,8,1999,2,1,4.56,0
16653,2704.57,12,646,4,1,7.93,0
16654,389.53,11,1009,1,0,6.36,0
16655,530.12,20,2093,2,1,16.44,0
16656,4897.56,1,2538,4,1,0.18,0
16657,1733.25,13,1706,1,0,7.03,0
16658,3670.23,9,432,1,0,61.54,0
16659,3982.45,8,1937,0,2,29.21,0
16660,415.28,11,898,2,0,1.49,0
16661,1210.48,7,1657,1,1,65.97,0
16662,5115.11,18,2859,0,0,20.01,0
16663,10025.02,11,653,0,0,50.01,0
16664,1605.0,9,1809,0,0,19.18,0
16665,6.09,8,1614,2,0,12.05,1
16666,259.78,13,2948,1,0,37.85,0
16667,679.31,10,2732,0,1,18.05,0
16668,1352.06,7,1385,2,0,42.01,0
16669,964.86,6,2299,3,0,9.16,0
16670,1574.27,18,2863,1,0,63.98,0
16671,1747.21,22,2867,4,1,7.86,0
16672,8073.15,13,522,2,0,38.27,0
16673,7156.76,20,2362,3,0,3.47,0
16674,10614.32,17,1389,1,0,8.71,0
16675,667.92,23,1024,4,0,35.01,0
16676,1185.09,4,1187,5,0,14.38,0
16677,1940.14,6,2897,3,1,40.18,0
16678,2103.09,12,2023,4,0,46.7,0
16679,1787.21,18,618,3,0,6.35,0
16680,1567.39,9,423,3,1,17.21,0
16681,364.15,10,1945,2,0,37.23,0
16682,6084.52,2,642,3,0,4.57,0
16683,5532.59,20,1875,0,1,6.29,0
16684,2526.21,20,2859,3,1,10.59,0
16685,3065.26,13,805,1,0,25.6,0
16686,1437.37,23,2562,3,0,27.11,0
16687,3898.4,17,920,0,1,12.51,0
16688,716.37,10,1112,2,1,14.6,0
16689,2200.22,6,2701,1,0,15.65,0
16690,8772.65,9,1683,1,1,17.18,0
16691,989.66,17,1346,1,1,19.79,0
16692,1869.32,16,1758,1,1,6.9,0
16693,1342.77,7,2740,1,1,16.72,0
16694,10763.15,18,108,2,1,2.85,0
16695,5005.02,13,415,0,0,5.58,0
16696,1096.96,12,2994,3,0,25.61,0
16697,2574.37,17,603,0,0,0.37,0
16698,2085.96,9,2317,3,0,20.21,0
16699,2995.15,15,2418,3,0,22.63,0
16700,1327.01,20,969,5,0,20.56,0
16701,15243.8,19,2493,4,0,12.86,0
16702,3744.71,17,2693,1,0,9.95,0
16703,259.82,2,1701,2,0,29.16,1
16704,7114.92,3,1452,2,0,59.92,0
16705,2627.93,7,2760,1,0,34.89,0
16706,7277.47,16,342,1,0,10.51,0
16707,10493.82,3,1613,1,1,24.19,0
16708,751.91,16,2687,0,1,0.87,0
16709,2903.34,6,2846,2,1,6.18,0
16710,1931.02,14,363,1,0,8.43,0
16711,13112.88,0,1003,4,2,3.75,0
16712,1798.62,0,2037,3,0,19.7,0
16713,535.6,6,1942,3,0,7.24,0
16714,793.06,4,1555,2,0,15.5,0
16715,3660.87,1,1932,2,1,43.14,1
16716,7467.89,22,681,5,0,17.32,1
16717,1736.12,0,391,0,0,41.06,0
16718,457.89,8,2197,2,0,47.59,0
16719,3896.87,19,1736,3,3,44.01,1
16720,441.63,15,2269,1,0,0.62,0
16721,3694.06,22,79,0,0,10.59,0
16722,4327.6,17,574,3,0,7.76,0
16723,529.82,12,2998,1,1,20.63,0
16724,10807.11,8,2351,1,0,39.68,0
16725,2468.62,6,483,3,0,17.48,0
16726,3295.28,4,502,2,0,8.03,1
16727,9983.91,9,1632,2,0,23.68,0
16728,1740.06,6,2426,3,2,8.21,0
16729,2589.51,9,1811,0,1,32.86,0
16730,3116.89,12,754,0,0,2.27,0
16731,1428.48,10,2632,1,1,52.25,0
16732,209.48,8,591,2,0,31.92,0
16733,292.28,23,2369,3,0,40.66,0
16734,354.09,20,674,3,1,34.48,0
16735,3837.55,12,2878,0,0,16.53,0
16736,459.88,9,1411,2,1,34.58,1
16737,2369.68,12,841,3,0,3.78,0
16738,374.24,6,2449,2,0,46.24,0
16739,725.89,3,1885,2,1,39.15,0
16740,5525.88,4,2397,3,1,8.0,0
16741,22.91,18,2583,2,0,26.54,0
16742,3992.35,9,47,0,0,18.25,0
16743,4194.64,6,1620,2,0,5.18,0
16744,170.64,18,1075,1,0,6.93,0
16745,4075.82,16,2724,1,0,30.49,0
16746,2139.69,2,2736,0,1,14.08,1
16747,2016.24,3,744,4,0,14.52,0
16748,772.79,20,1695,2,0,11.29,1
16749,5418.06,22,1570,0,1,20.8,1
16750,759.26,22,1197,2,0,3.25,0
16751,639.09,18,1885,4,1,42.25,0
16752,1700.97,2,2542,1,1,43.06,0
16753,289.58,13,1850,2,1,44.47,0
16754,3270.84,21,105,4,0,54.1,0
16755,5976.95,13,2794,5,1,14.91,0
16756,977.19,17,919,3,0,27.25,0
16757,3149.18,6,1347,2,2,15.4,0
16758,184.76,7,2458,3,1,33.11,0
16759,3396.65,3,135,2,0,25.75,0
16760,286.91,3,1596,0,0,24.43,0
16761,579.86,3,696,2,0,8.41,0
16762,3336.07,11,2340,0,2,11.83,0
16763,11392.17,0,466,0,0,11.14,0
16764,1610.63,12,2943,2,3,19.8,1
16765,1609.16,7,2326,5,1,0.94,0
16766,1337.68,19,1115,1,0,16.98,0
16767,10493.82,23,2397,1,0,8.28,0
16768,4172.62,1,334,2,0,8.55,0
16769,1879.82,6,928,2,0,9.7,0
16770,15071.93,7,1115,1,0,8.62,0
16771,2546.39,8,883,1,0,1.16,0
16772,1426.35,15,2728,0,2,32.67,0
16773,1812.05,13,1975,1,0,33.38,0
16774,17523.44,21,841,1,0,14.71,0
16775,8996.97,21,1121,4,1,6.87,1
16776,2571.9,17,412,2,1,18.07,0
16777,945.56,9,187,1,0,40.43,0
16778,654.36,18,2235,2,0,15.43,0
16779,1112.98,22,1087,1,0,15.07,0
16780,502.51,2,2984,0,0,51.47,0
16781,1787.09,1,292,3,0,37.57,0
16782,403.14,13,2022,1,0,29.46,0
16783,1594.45,19,887,4,0,4.03,0
16784,8996.86,1,303,2,1,28.25,1
16785,922.39,8,2230,0,0,31.31,0
16786,16.13,2,425,2,0,29.33,0
16787,824.24,12,43,3,1,37.84,0
16788,4539.81,9,2369,1,0,34.28,0
16789,14924.01,20,2910,1,0,44.91,0
16790,1814.43,18,2716,2,0,18.84,0
16791,1252.02,21,341,3,3,9.73,0
16792,1202.77,0,195,2,0,17.64,0
16793,4426.7,9,2688,2,0,5.57,0
16794,128.9,5,159,4,0,5.56,0
16795,2081.2,4,2170,3,2,36.74,0
16796,4139.95,17,1709,2,0,3.58,0
16797,3705.31,13,488,0,0,22.7,0
16798,3181.19,12,2230,1,0,16.81,0
16799,2011.37,1,297,1,1,63.0,0
16800,2653.48,19,2467,0,1,28.41,0
16801,564.63,1,1010,1,2,29.13,0
16802,1237.68,9,592,2,0,14.04,0
16803,4366.99,3,822,2,1,19.01,0
16804,3052.36,8,2056,2,0,39.8,0
16805,1356.92,23,1349,2,3,8.9,0
16806,3812.72,9,2268,1,1,55.11,0
16807,5051.04,8,639,2,0,8.39,0
16808,1256.93,1,859,0,0,0.93,0
16809,1607.9,10,809,0,0,20.63,0
16810,2444.92,2,1743,2,1,19.02,0
16811,2124.08,1,2849,0,1,36.6,0
16812,227.01,15,2317,2,0,43.61,0
16813,1311.74,21,394,2,2,3.43,0
16814,2371.87,15,2424,1,1,32.5,0
16815,593.67,3,842,2,0,33.58,0
16816,598.98,17,1566,3,2,13.55,0
16817,2655.65,1,328,4,2,29.58,0
16818,2953.94,10,1969,2,0,20.02,0
16819,6753.09,3,2875,5,0,17.24,0
16820,4500.64,2,2030,2,0,44.28,0
16821,86.09,3,833,3,1,29.5,0
16822,1303.27,4,2890,2,0,32.18,0
16823,101.42,3,2388,1,1,30.58,1
16824,957.11,21,1268,3,0,23.24,0
16825,3635.66,0,555,1,0,44.53,0
16826,10560.24,9,1901,3,1,50.19,0
16827,1651.66,21,18,1,0,23.94,0
16828,14029.99,5,2134,0,0,10.7,0
16829,1110.56,17,2684,1,0,9.26,0
16830,9117.83,2,1186,2,0,1.58,0
16831,6928.54,2,489,3,1,30.06,0
16832,3478.81,4,2186,1,1,0.16,0
16833,4941.22,14,2589,1,0,38.51,0
16834,1530.26,9,1299,2,0,35.49,0
16835,1039.71,4,1985,1,0,3.49,0
16836,192.85,22,308,4,0,19.25,0
16837,3134.25,19,873,0,2,24.34,0
16838,1375.63,13,1952,1,1,6.03,0
16839,312.4,16,1510,1,2,7.81,0
16840,1978.6,15,1559,0,0,21.93,0
16841,1864.73,9,1756,1,0,23.2,1
16842,2761.76,6,2479,0,0,44.67,0
16843,10348.75,2,979,2,1,63.44,0
16844,430.14,17,327,1,0,12.23,0
16845,3239.31,1,2610,2,0,17.15,0
16846,449.56,15,1236,1,0,10.76,0
16847,312.04,19,456,3,0,14.76,0
16848,3719.64,21,1553,1,0,25.12,0
16849,2578.85,3,2366,2,3,17.56,0
16850,3386.71,9,694,2,0,7.28,0
16851,1154.6,7,2628,2,0,2.05,0
16852,1831.16,4,488,4,3,31.69,1
16853,17195.89,11,1164,1,1,4.01,0
16854,3529.25,1,312,1,0,17.96,1
16855,2956.25,22,973,2,1,0.3,0
16856,4660.17,2,1375,1,1,32.19,0
16857,4048.03,6,1358,1,0,44.69,0
16858,6015.67,1,1684,2,0,11.88,0
16859,1752.92,19,2718,2,1,4.73,0
16860,3872.24,13,2712,1,0,56.2,0
16861,2529.98,5,1592,3,0,3.98,0
16862,360.22,2,1666,3,1,17.21,0
16863,1000.01,17,1038,2,0,34.19,0
16864,1222.73,11,1381,1,1,8.33,0
16865,1595.99,5,1324,2,1,15.89,0
16866,5965.56,5,2687,1,0,11.11,0
16867,2127.27,15,1278,4,0,5.65,0
16868,292.64,2,9,2,0,34.08,0
16869,2513.79,4,2593,1,0,1.89,0
16870,1872.29,11,1160,2,0,1.76,0
16871,3763.89,15,2952,2,1,62.14,0
16872,2.89,2,2899,1,1,9.59,0
16873,212.19,14,2392,2,1,15.08,0
16874,7128.92,17,2447,0,0,20.44,0
16875,3538.16,22,2514,3,1,54.38,0
16876,614.6,8,2133,1,0,26.13,0
16877,7257.48,16,1471,3,0,10.62,0
16878,3360.99,13,1600,1,0,4.43,0
16879,6580.4,19,1157,4,0,53.95,0
16880,4654.35,16,2336,2,0,3.6,0
16881,73.63,19,905,2,2,13.15,0
16882,1992.91,1,126,3,1,22.98,0
16883,2958.36,11,435,2,0,1.47,0
16884,1205.04,18,2576,1,2,43.32,0
16885,7576.43,22,2993,4,0,4.52,1
16886,4699.67,10,1773,2,2,21.49,0
16887,846.13,14,1425,1,2,8.86,0
16888,1148.14,21,1647,1,0,26.86,0
16889,2257.16,6,1498,4,0,19.36,0
16890,36.46,11,2068,2,1,1.4,0
16891,4056.58,9,597,1,0,30.26,0
16892,4305.67,5,1837,1,0,16.81,0
16893,1907.46,20,2968,3,1,39.34,0
16894,6798.84,2,1867,1,1,8.2,0
16895,4927.31,4,1597,2,0,18.92,0
16896,67.99,12,546,3,0,7.27,0
16897,1792.15,20,1482,4,1,22.89,0
16898,1332.47,12,1504,0,0,7.95,0
16899,306.15,0,1061,1,0,25.21,0
16900,2429.56,12,33,1,0,22.84,0
16901,5934.25,15,93,3,1,17.04,0
16902,4273.19,21,176,0,1,1.97,0
16903,366.61,2,1205,1,1,32.44,0
16904,6315.28,20,1125,0,1,12.41,0
16905,5933.19,3,912,1,1,17.78,0
16906,3441.64,0,1549,2,0,2.08,0
16907,1043.08,16,2656,2,1,21.54,0
16908,694.79,13,738,0,0,1.94,0
16909,1603.09,8,166,1,0,2.46,0
16910,4640.59,22,2097,4,0,49.69,0
16911,639.06,14,421,3,0,5.67,0
16912,153.74,0,15,2,0,10.92,0
16913,8022.94,20,1687,0,1,19.8,0
16914,1896.42,13,2218,3,0,22.67,0
16915,1249.88,19,242,2,0,19.56,0
16916,1170.59,21,1114,1,0,24.14,0
16917,2691.1,3,1991,1,1,43.45,0
16918,4271.56,4,2197,3,0,59.74,1
16919,2296.27,4,32,3,0,34.28,0
16920,3605.51,15,1670,2,1,3.98,0
16921,2269.09,5,788,4,2,28.4,0
16922,1099.66,16,2950,3,1,18.94,0
16923,12254.59,3,499,2,0,18.65,0
16924,3110.65,11,2702,3,0,0.09,0
16925,51.62,5,574,3,0,28.67,0
16926,6695.51,7,586,1,0,8.32,0
16927,3140.24,17,607,1,0,24.36,1
16928,44.86,5,717,2,2,25.8,0
16929,1812.79,17,635,1,2,5.83,0
16930,1501.68,9,54,3,0,37.59,0
16931,1055.58,17,1138,4,0,2.76,0
16932,4162.52,15,1339,1,1,9.67,0
16933,273.81,4,2155,1,0,40.05,0
16934,3052.08,6,1467,3,1,27.21,0
16935,983.18,19,2421,1,0,2.07,0
16936,1056.2,19,1218,1,2,21.3,0
16937,6666.72,1,6,3,0,1.05,1
16938,6382.65,8,378,4,1,6.01,0
16939,4183.01,1,2975,0,0,41.09,0
16940,3143.58,17,1098,3,0,48.34,0
16941,1830.01,14,2480,1,0,35.28,0
16942,1727.03,3,935,3,1,36.84,0
16943,6414.89,11,417,6,0,15.12,0
16944,6387.83,22,473,0,0,24.35,0
16945,6341.92,7,1422,0,1,12.72,0
16946,7080.85,21,122,3,0,29.04,0
16947,804.45,10,796,1,0,51.92,0
16948,4759.9,10,1815,6,2,6.92,0
16949,7337.86,4,675,4,1,0.84,0
16950,1250.45,20,2174,0,2,44.07,0
16951,861.5,18,538,2,0,40.1,0
16952,3404.26,0,1789,4,0,13.98,0
16953,6869.84,9,482,2,0,13.84,0
16954,1374.09,20,2869,3,1,27.8,0
16955,576.39,21,1473,0,0,6.96,0
16956,141.84,15,2280,2,0,11.75,0
16957,1092.7,1,2453,2,0,2.56,1
16958,11592.21,14,2148,2,0,28.6,0
16959,191.99,7,120,1,0,12.15,0
16960,3565.39,4,2214,2,0,4.24,1
16961,866.77,0,299,2,2,9.6,0
16962,3199.58,0,1230,1,1,29.17,0
16963,1680.23,3,2548,1,0,51.66,0
16964,1555.92,9,2918,4,0,7.67,0
16965,563.47,10,994,3,1,1.21,0
16966,4840.32,9,317,0,0,37.31,0
16967,912.75,19,1364,4,0,40.02,0
16968,215.66,4,2092,4,0,5.02,0
16969,108.26,3,2687,3,0,3.75,0
16970,3593.88,8,1180,1,0,11.11,0
16971,5251.25,15,2277,2,0,14.93,0
16972,1562.05,13,1861,1,3,16.45,0
16973,2211.64,9,2576,1,1,14.7,0
16974,5274.53,4,2256,0,0,3.21,0
16975,407.61,1,718,3,0,49.85,0
16976,4498.13,2,2628,2,1,4.89,0
16977,3859.95,16,2762,1,1,35.28,0
16978,209.39,17,2500,1,0,25.3,0
16979,240.9,7,93,0,1,58.86,0
16980,7697.09,12,910,0,0,7.98,0
16981,790.54,11,2039,6,0,3.75,0
16982,31.9,17,2632,2,0,9.54,0
16983,1544.36,22,103,2,0,31.86,0
16984,37.83,21,932,2,1,26.66,0
16985,656.06,14,2287,2,0,7.84,0
16986,748.43,18,473,2,1,22.42,0
16987,334.49,21,598,6,1,1.35,0
16988,6.83,3,909,2,0,17.83,0
16989,2824.94,21,2542,4,1,36.33,0
16990,3380.84,23,2944,1,1,21.77,0
16991,1548.36,14,1027,3,2,16.84,1
16992,352.36,7,2952,2,1,25.03,0
16993,139.35,12,2443,1,1,31.84,0
16994,960.36,18,57,4,1,20.19,0
16995,7856.54,10,1360,2,2,18.04,0
16996,815.51,17,1324,4,0,20.84,1
16997,123.33,11,2020,1,0,27.4,0
16998,3499.06,11,2427,4,1,17.27,0
16999,3844.72,18,1254,2,2,26.18,0
17000,1568.5,22,86,3,0,50.73,0
17001,7818.0,17,1140,2,0,30.96,0
17002,8394.8,5,2359,1,0,3.65,0
17003,276.56,23,3,2,0,35.47,0
17004,28.01,13,2469,4,0,25.57,0
17005,2351.47,13,2321,3,1,27.13,0
17006,9305.65,20,201,3,0,23.61,0
17007,7879.17,22,1221,1,0,7.02,0
17008,14323.36,11,628,2,0,35.25,0
17009,3809.1,16,2490,1,0,15.58,0
17010,1511.26,17,1758,1,0,41.39,0
17011,6643.82,0,1546,3,0,28.11,0
17012,2592.03,2,2982,1,0,0.11,0
17013,4972.02,1,1592,0,2,17.39,0
17014,5338.93,10,1722,0,0,17.73,0
17015,4564.65,14,986,3,0,14.57,0
17016,2280.67,7,1853,1,1,17.39,0
17017,3932.17,8,1521,1,2,0.45,0
17018,1504.5,14,178,2,0,5.62,0
17019,1574.92,2,1635,5,0,10.27,0
17020,489.5,10,590,2,0,16.78,0
17021,5941.27,14,1698,2,0,33.52,0
17022,2499.21,2,913,4,0,46.65,0
17023,478.44,13,2720,1,1,23.91,0
17024,764.29,17,284,1,1,63.85,0
17025,1842.0,9,2408,1,1,3.18,0
17026,526.32,17,240,2,1,12.47,0
17027,1773.78,4,1466,4,0,30.38,0
17028,1490.56,7,2602,1,1,0.81,0
17029,6766.99,0,2098,1,1,13.95,0
17030,4559.96,8,797,2,1,19.65,0
17031,5908.22,15,2961,1,0,3.54,0
17032,4952.79,12,2523,2,1,14.18,0
17033,345.71,19,659,3,0,26.9,0
17034,3425.47,20,2511,3,2,53.59,0
17035,1551.02,12,1212,2,1,10.88,0
17036,3190.85,8,1235,4,0,22.74,0
17037,1016.49,14,2044,0,1,5.45,0
17038,2969.69,5,1324,3,0,22.54,0
17039,785.39,0,2178,0,2,7.34,0
17040,1470.31,9,2767,0,0,5.94,0
17041,1749.05,5,985,4,0,18.97,0
17042,754.38,23,577,1,0,40.13,0
17043,1098.37,8,714,1,0,0.37,0
17044,1078.03,6,1235,2,1,9.76,0
17045,671.09,16,20,3,0,11.0,0
17046,2712.09,1,1122,3,3,11.68,1
17047,1599.06,2,1862,3,2,2.09,0
17048,2531.55,22,517,1,0,17.14,0
17049,1576.66,9,454,0,2,15.55,0
17050,10213.77,23,1356,2,0,22.39,0
17051,1550.15,10,1011,4,0,29.17,0
17052,404.19,12,2460,3,1,44.16,0
17053,1367.82,3,1342,2,1,7.55,0
17054,454.74,17,1385,4,0,10.28,0
17055,338.2,10,1879,4,2,3.31,0
17056,853.21,9,2396,1,0,43.02,0
17057,649.24,0,1574,3,1,14.93,0
17058,1596.43,5,2044,1,0,6.93,0
17059,4057.34,18,1552,2,0,44.43,0
17060,296.11,0,665,3,1,3.18,0
17061,2734.03,8,674,1,1,37.0,0
17062,5207.09,11,1853,1,1,22.53,0
17063,363.67,1,980,1,2,14.21,0
17064,1099.23,6,908,3,0,45.66,0
17065,2684.25,21,592,0,0,21.63,0
17066,288.76,19,1385,2,1,35.68,0
17067,6490.78,21,2457,2,0,6.35,0
17068,3307.51,9,1470,2,0,43.99,0
17069,483.16,5,911,0,0,28.23,0
17070,1222.99,2,1320,3,0,8.11,0
17071,2278.78,20,2203,2,1,5.76,0
17072,1039.16,4,2152,2,0,25.83,0
17073,1677.94,12,928,2,2,46.8,0
17074,14515.74,1,1145,1,0,8.43,0
17075,1680.14,0,573,1,0,8.04,1
17076,5234.27,19,1783,3,0,1.96,0
17077,6583.47,12,753,2,0,35.0,0
17078,7727.42,22,2529,2,1,20.21,0
17079,8087.9,19,372,3,0,9.19,0
17080,1376.24,14,647,2,0,20.31,0
17081,357.97,3,1989,1,0,21.78,0
17082,2930.97,9,643,3,1,9.52,0
17083,1042.2,19,569,0,0,21.07,0
17084,3323.88,4,109,1,1,15.88,1
17085,6958.92,9,357,0,1,50.92,0
17086,2685.96,13,1901,3,0,0.04,0
17087,6980.26,17,725,3,0,17.26,0
17088,1589.53,3,1472,1,1,1.17,0
17089,1113.08,21,987,1,0,20.74,0
17090,2910.59,18,722,4,1,21.01,0
17091,1458.74,12,1567,1,0,47.28,0
17092,6155.62,19,860,0,1,8.3,0
17093,5335.28,15,21,4,1,40.94,1
17094,3158.65,12,907,2,1,11.49,0
17095,615.49,4,1454,1,1,4.75,0
17096,285.7,1,883,0,1,6.55,0
17097,1836.65,3,945,1,0,9.67,0
17098,1734.1,18,643,5,1,27.54,0
17099,4137.46,16,185,1,0,16.12,0
17100,546.88,9,2178,2,1,23.37,0
17101,2142.1,11,32,2,1,78.15,0
17102,1046.97,5,620,2,1,0.31,0
17103,641.83,1,1713,2,0,29.29,0
17104,11225.05,3,2751,0,0,38.88,0
17105,8750.83,18,200,4,1,47.26,0
17106,3682.76,3,2362,2,0,19.77,0
17107,612.72,7,2634,5,0,41.04,0
17108,592.61,7,867,2,0,32.69,0
17109,1933.75,11,2536,2,0,17.61,0
17110,621.95,7,2005,2,1,28.01,0
17111,4558.24,19,1996,3,0,22.09,0
17112,1020.47,2,2473,0,2,29.66,0
17113,8420.95,1,9,2,0,4.61,0
17114,5708.69,1,2647,3,0,47.04,0
17115,14903.43,0,753,3,2,6.35,0
17116,5402.88,22,2383,3,0,14.87,1
17117,16628.91,20,1400,2,1,0.65,0
17118,1346.6,13,408,1,0,21.22,0
17119,4480.32,12,599,4,0,47.66,0
17120,12313.72,5,1395,0,0,35.18,0
17121,1737.5,12,2931,4,1,27.84,0
17122,2981.51,22,2774,2,2,17.14,0
17123,976.69,8,2868,4,0,2.25,0
17124,5923.3,15,263,1,0,49.1,0
17125,212.15,16,1510,1,0,13.58,0
17126,437.7,11,2457,2,1,3.56,0
17127,1340.91,9,11,0,0,38.49,0
17128,2600.47,23,1842,1,1,9.82,0
17129,742.17,18,2547,4,1,13.58,0
17130,4082.79,4,930,2,1,36.79,0
17131,14216.95,0,1171,0,0,35.73,0
17132,59.05,11,2978,3,2,43.31,0
17133,4032.72,6,560,2,1,5.83,0
17134,1631.26,23,960,1,3,1.3,1
17135,309.95,2,1578,2,0,35.38,0
17136,1983.25,20,2571,1,0,21.58,0
17137,721.71,14,1907,2,2,5.63,0
17138,1139.35,17,310,2,0,23.0,0
17139,3160.49,9,1358,1,1,42.52,0
17140,2226.8,12,1187,2,2,22.65,0
17141,608.49,14,1180,1,2,30.26,0
17142,244.67,7,1819,0,0,0.85,0
17143,6010.96,0,485,1,0,13.65,0
17144,1571.8,19,1212,1,1,43.07,0
17145,184.02,11,803,1,0,45.57,0
17146,2392.53,21,2517,3,1,3.36,0
17147,3898.84,22,428,2,0,30.13,0
17148,43.85,2,2745,4,1,17.68,0
17149,224.55,14,2044,2,0,33.06,0
17150,1730.67,13,1724,0,0,23.37,0
17151,5428.25,22,1754,3,0,1.33,0
17152,2630.7,10,240,1,0,13.18,0
17153,6248.49,11,725,1,1,15.71,0
17154,816.94,21,1929,2,1,21.61,0
17155,495.29,20,1713,3,1,22.95,0
17156,2270.76,2,513,1,0,26.99,0
17157,1751.16,0,2358,1,1,7.81,0
17158,356.63,5,2269,0,0,29.78,0
17159,2861.37,2,2869,4,1,28.24,0
17160,2353.24,20,1316,4,0,19.82,0
17161,518.87,15,2243,2,0,42.04,0
17162,2396.47,1,1667,2,1,25.61,0
17163,1271.35,21,304,1,0,10.24,0
17164,9972.22,23,2560,2,1,26.59,0
17165,9346.46,1,639,3,0,0.38,1
17166,796.62,4,1008,1,2,5.8,0
17167,512.64,2,2766,2,1,26.7,1
17168,1901.48,3,1601,1,0,21.79,0
17169,1744.97,15,2565,2,0,33.53,0
17170,2217.54,17,2785,2,0,28.91,0
17171,5158.04,14,99,3,0,29.05,0
17172,5040.19,12,2578,1,0,6.42,0
17173,4818.89,15,2592,2,1,34.36,0
17174,1304.76,13,838,1,0,12.03,0
17175,9827.38,10,1008,3,0,17.34,0
17176,2878.11,4,620,3,0,37.57,0
17177,3822.7,6,2802,2,2,4.42,0
17178,156.95,15,505,2,0,16.1,0
17179,18350.22,17,1458,0,0,35.83,0
17180,5952.0,18,637,2,0,45.38,0
17181,3555.54,2,566,2,1,14.05,0
17182,1164.81,12,2605,2,0,34.63,0
17183,3078.16,16,2952,1,1,26.94,0
17184,331.3,9,2651,4,1,44.35,0
17185,1497.7,16,1506,2,0,65.84,0
17186,2325.01,13,904,3,2,35.91,0
17187,840.46,15,344,2,0,39.01,0
17188,195.53,2,1172,0,0,1.32,0
17189,8518.8,4,2484,2,0,18.98,0
17190,1457.48,9,789,0,0,2.19,0
17191,313.95,0,165,3,0,31.94,0
17192,3324.81,0,1003,0,1,13.78,0
17193,7426.5,14,1379,2,1,4.23,0
17194,10110.33,7,2334,4,1,7.53,0
17195,9217.05,17,2313,3,0,18.45,0
17196,506.34,22,609,1,1,21.56,0
17197,7948.52,7,2880,1,1,8.33,0
17198,107.57,22,300,4,0,25.72,0
17199,2896.45,6,587,2,0,35.89,0
17200,3.81,8,1792,5,1,40.96,0
17201,1221.65,11,2456,5,0,4.19,0
17202,3962.27,21,2566,2,0,32.01,0
17203,7733.14,16,1557,0,2,6.6,0
17204,9588.82,12,2510,1,1,19.67,0
17205,1057.86,6,520,2,1,59.2,0
17206,3692.56,15,2193,1,0,30.45,0
17207,2583.52,22,1057,1,1,34.29,0
17208,705.64,3,2011,4,0,49.3,0
17209,1094.53,21,2269,3,0,9.0,0
17210,1963.22,6,2798,0,0,5.01,0
17211,530.33,15,1691,1,0,2.16,0
17212,1674.23,10,2336,3,0,2.02,0
17213,2532.59,2,1397,2,0,12.59,1
17214,902.03,6,2146,0,0,17.94,0
17215,1375.66,4,169,1,1,16.55,0
17216,1252.36,3,403,5,0,14.11,0
17217,1162.86,8,2734,0,0,24.05,1
17218,6557.33,0,1589,2,1,14.01,0
17219,1944.41,11,671,0,1,24.39,0
17220,8474.62,22,1753,5,0,10.16,0
17221,9612.53,12,1200,2,0,20.04,0
17222,2920.23,5,1766,3,1,0.57,0
17223,7800.14,14,903,2,1,39.31,0
17224,548.6,11,261,2,2,6.01,0
17225,7792.96,4,1999,2,0,1.82,0
17226,140.83,5,1146,3,1,12.53,0
17227,5644.69,10,1415,3,0,0.7,0
17228,950.46,7,1020,1,0,29.21,0
17229,480.49,15,1497,2,0,18.15,0
17230,1307.63,21,1607,1,0,3.99,0
17231,7177.75,10,1581,2,0,0.79,0
17232,594.97,19,1923,2,1,29.69,0
17233,979.78,13,1066,3,1,19.84,0
17234,3039.25,16,1808,0,0,17.93,0
17235,1696.44,16,1203,1,0,16.69,0
17236,409.47,18,1745,0,0,1.73,0
17237,4679.93,5,675,4,1,6.99,0
17238,1526.33,8,2367,5,1,17.71,0
17239,91.05,9,2901,1,2,25.97,0
17240,9453.11,11,493,1,0,38.6,0
17241,1755.29,0,1257,1,2,10.5,0
17242,410.12,13,2562,3,0,12.74,0
17243,6752.13,4,1290,3,0,45.76,0
17244,8555.13,0,1693,1,1,16.78,0
17245,176.11,18,531,6,0,34.29,0
17246,2551.34,18,1716,1,0,29.44,0
17247,1818.04,10,1570,0,0,17.42,0
17248,1068.64,17,1368,0,0,23.91,0
17249,5629.41,3,586,3,1,31.94,0
17250,1996.4,21,223,1,0,45.09,0
17251,1800.86,13,518,2,1,21.24,0
17252,5589.12,14,1712,1,0,33.4,0
17253,3033.81,22,2017,1,0,41.23,0
17254,735.54,5,2447,2,0,18.05,0
17255,1419.15,7,1309,0,0,67.54,0
17256,791.88,22,90,2,0,20.32,0
17257,1436.09,19,1806,3,1,15.55,0
17258,1047.02,18,883,3,0,1.68,0
17259,4500.62,8,2806,3,0,23.55,0
17260,5709.57,8,568,3,1,5.07,0
17261,1064.49,2,537,1,0,5.73,0
17262,1993.67,18,452,0,0,2.54,0
17263,2370.97,9,1791,3,0,5.81,0
17264,4508.75,21,1521,4,0,20.96,0
17265,380.11,0,763,4,0,11.0,1
17266,1448.28,4,803,3,1,37.63,0
17267,4846.71,9,2022,1,0,38.61,0
17268,2824.11,14,2254,1,1,23.7,0
17269,636.31,22,2865,1,0,14.76,0
17270,7988.85,21,2990,1,0,10.8,0
17271,4368.19,22,26,2,0,36.82,1
17272,2395.77,9,1413,2,1,13.89,0
17273,3614.28,15,2962,1,1,64.04,0
17274,219.27,18,1900,3,0,3.39,0
17275,566.95,4,1531,2,0,25.72,0
17276,692.84,3,2129,3,1,32.5,0
17277,396.69,9,2860,2,0,5.34,0
17278,8759.6,20,213,4,1,45.33,0
17279,3201.36,14,100,2,0,21.02,0
17280,2927.93,6,943,2,0,1.83,0
17281,1386.98,20,2503,1,1,15.47,0
17282,680.32,16,549,5,3,22.47,0
17283,1020.7,2,1199,1,1,32.76,0
17284,3341.96,14,2276,2,1,38.59,0
17285,1464.42,21,590,0,0,17.55,0
17286,342.88,7,791,1,0,23.7,0
17287,10142.94,14,2643,3,1,1.64,0
17288,610.53,23,640,3,0,8.41,0
17289,3445.47,22,230,2,0,20.18,0
17290,5936.48,18,2862,4,0,4.52,0
17291,6892.24,22,1105,1,0,4.91,0
17292,171.65,10,263,1,0,42.82,0
17293,2159.49,22,1617,2,0,31.73,0
17294,181.74,15,1640,2,1,40.04,0
17295,373.79,23,1824,2,0,10.47,0
17296,11360.8,0,1620,1,0,0.34,0
17297,72.0,6,1668,2,0,33.75,0
17298,2384.84,20,900,1,0,2.02,0
17299,1766.6,21,576,2,1,30.25,0
17300,300.64,16,1747,1,0,3.39,0
17301,5149.58,6,18,0,2,9.19,0
17302,1239.29,3,276,4,1,46.29,0
17303,616.43,4,621,2,0,41.11,0
17304,622.06,0,201,2,0,3.65,0
17305,7533.02,23,2769,1,0,13.76,0
17306,421.29,16,1197,1,0,3.1,0
17307,951.88,16,1100,0,0,64.54,0
17308,329.16,4,1589,2,0,1.18,0
17309,3653.58,8,2225,1,0,21.26,0
17310,8294.93,6,839,0,2,34.35,0
17311,2509.41,6,1733,2,1,5.34,0
17312,7805.39,14,2768,5,0,32.86,0
17313,3100.34,18,1561,2,0,24.83,0
17314,815.75,0,2087,0,0,1.4,0
17315,3594.37,5,2832,6,0,38.86,1
17316,642.83,17,2480,1,0,21.4,0
17317,2714.94,12,2043,2,0,7.61,0
17318,7439.07,23,2614,1,0,8.98,0
17319,565.64,2,2857,1,0,23.89,1
17320,2718.35,6,1562,2,1,5.93,1
17321,3129.17,0,1375,0,1,12.79,0
17322,1143.59,20,2774,3,0,4.51,0
17323,2584.69,8,2485,5,0,50.03,0
17324,5592.32,9,1782,2,0,0.26,0
17325,2095.59,19,546,1,0,24.42,0
17326,336.85,0,2304,6,0,27.15,0
17327,5119.12,11,1718,1,0,13.32,0
17328,4570.98,8,2328,2,0,40.22,0
17329,5076.95,22,213,2,0,3.45,0
17330,4366.0,3,770,1,1,17.22,0
17331,2464.4,4,1072,1,0,40.53,0
17332,1347.09,19,1514,1,0,23.85,0
17333,1904.77,2,2310,3,1,13.07,0
17334,242.01,6,1533,1,1,41.64,0
17335,1820.89,1,2676,1,0,14.11,0
17336,3322.77,0,318,0,0,0.68,1
17337,408.63,3,1360,1,0,37.15,0
17338,2803.34,9,1604,1,1,30.37,0
17339,1153.72,3,1947,1,1,10.94,0
17340,6029.0,11,2174,3,0,18.73,0
17341,219.98,22,2831,0,0,15.45,0
17342,2279.02,22,2631,2,0,13.83,0
17343,710.81,1,2216,4,0,1.49,0
17344,2250.85,1,888,3,0,6.13,0
17345,2161.54,16,2088,3,1,17.89,0
17346,2273.03,18,2618,3,0,21.05,0
17347,1750.91,23,147,1,1,9.9,0
17348,7754.35,9,1046,2,0,61.6,0
17349,1591.47,20,280,2,0,20.57,0
17350,6968.31,1,1155,3,1,2.61,0
17351,2057.38,1,1114,2,0,18.66,1
17352,8302.95,7,262,0,0,18.32,1
17353,44.24,11,1662,0,1,24.14,0
17354,5357.0,12,2085,1,0,46.53,0
17355,2358.73,10,311,2,1,1.39,0
17356,1837.24,21,875,3,0,5.44,0
17357,5904.05,10,783,1,1,23.37,0
17358,7603.22,16,2599,1,0,1.69,0
17359,496.15,20,423,2,0,13.77,0
17360,8793.04,8,2110,1,0,19.87,0
17361,1981.24,20,890,2,2,5.56,0
17362,705.89,15,1271,1,0,45.37,0
17363,0.34,14,1310,1,1,10.5,0
17364,3562.62,11,2072,2,0,25.05,0
17365,1494.84,1,808,2,0,11.48,0
17366,4548.66,1,2558,3,0,14.23,0
17367,2932.69,20,50,5,1,9.6,0
17368,439.24,3,1652,1,0,2.24,0
17369,3547.34,16,1302,4,0,22.25,0
17370,2388.1,12,1155,0,0,8.94,0
17371,7856.19,14,451,2,0,12.24,0
17372,855.83,15,1847,2,0,48.83,0
17373,6467.54,17,1075,4,0,10.3,0
17374,5547.6,1,374,4,0,0.94,0
17375,6974.47,19,153,1,1,3.69,0
17376,344.95,4,1895,1,1,27.22,0
17377,3718.08,21,421,4,0,28.99,0
17378,4455.95,12,2484,0,0,1.39,0
17379,2580.25,16,2843,3,0,4.56,0
17380,1248.88,17,2646,0,0,1.39,0
17381,5204.0,22,837,3,0,7.62,0
17382,327.46,15,2875,2,0,46.63,0
17383,2322.76,3,1786,0,1,0.43,0
17384,5823.48,2,438,5,0,9.22,0
17385,1340.75,11,2114,1,0,25.3,0
17386,1020.11,12,1738,1,1,1.25,0
17387,2407.82,16,1731,1,0,18.93,0
17388,11007.49,3,349,3,0,51.19,0
17389,1949.78,18,2340,1,3,23.27,0
17390,4336.84,15,1579,4,1,12.43,0
17391,1761.79,14,1460,1,0,7.24,0
17392,492.13,18,2920,2,0,23.36,0
17393,209.11,16,828,4,0,23.0,0
17394,6480.6,21,816,2,0,10.53,0
17395,4243.0,5,1696,1,2,11.02,0
17396,2347.27,2,1952,3,0,7.43,0
17397,694.22,1,2947,2,0,8.15,0
17398,584.36,10,116,5,0,7.73,0
17399,3818.37,10,2197,1,1,42.67,0
17400,2846.3,6,1536,1,0,23.15,0
17401,10659.46,6,1047,2,2,18.27,0
17402,571.91,11,2637,0,0,2.98,0
17403,5156.58,17,275,3,0,11.39,0
17404,4193.17,18,1425,0,0,5.84,0
17405,1865.49,13,1341,1,1,8.91,0
17406,132.71,14,2891,1,1,10.19,0
17407,4448.41,4,2235,1,1,21.44,0
17408,1073.26,11,1012,1,0,24.17,0
17409,560.1,11,981,2,0,16.32,0
17410,6147.8,7,2370,1,2,28.83,0
17411,3547.27,20,2431,3,0,2.25,0
17412,1154.82,16,669,3,0,3.88,0
17413,5053.57,9,653,1,1,7.82,0
17414,2617.59,12,1640,2,0,18.04,0
17415,4912.63,21,582,0,1,13.64,0
17416,6973.55,3,1918,0,1,31.84,0
17417,1040.55,22,1975,1,0,4.54,0
17418,3580.7,10,2292,2,0,15.42,0
17419,1751.35,1,273,2,1,34.68,0
17420,2503.73,21,1353,2,2,2.37,0
17421,1044.21,17,1097,1,1,14.41,0
17422,2103.69,13,1753,1,2,19.87,0
17423,9569.07,17,1987,2,0,1.65,0
17424,1748.43,19,853,4,1,20.8,0
17425,1014.34,0,830,1,3,26.57,0
17426,1318.93,0,622,1,1,0.23,0
17427,1225.51,16,1397,3,1,5.65,0
17428,1295.34,6,646,0,0,51.71,0
17429,3363.64,14,733,3,0,5.35,0
17430,1427.79,15,1574,1,0,22.77,0
17431,6337.45,13,2427,2,1,7.92,0
17432,4844.89,17,2652,2,1,35.88,1
17433,1470.93,7,1045,1,1,3.46,0
17434,2223.74,10,286,7,0,19.27,1
17435,3324.32,20,1520,5,0,35.05,0
17436,933.42,23,2909,2,0,41.93,0
17437,4170.48,1,675,0,2,36.21,0
17438,1832.74,10,516,5,0,36.81,0
17439,1778.05,16,1519,2,0,0.87,0
17440,2852.96,9,1747,2,1,15.6,0
17441,888.84,3,978,1,0,36.38,0
17442,594.59,0,2230,0,2,1.08,1
17443,1462.91,14,781,0,1,30.86,0
17444,7828.63,0,2193,3,0,12.62,1
17445,8070.29,18,1933,2,0,15.15,0
17446,3048.62,4,2958,1,0,19.9,0
17447,2119.63,0,2617,2,1,29.34,0
17448,3772.22,14,917,3,0,21.65,0
17449,4059.82,17,2929,1,0,13.09,0
17450,2017.12,5,1982,2,1,2.4,0
17451,5843.73,15,1922,2,1,23.56,0
17452,2012.83,14,475,1,0,12.02,0
17453,2417.63,3,2054,2,0,9.09,0
17454,1331.0,9,575,4,1,28.8,0
17455,90.48,10,526,1,0,3.84,0
17456,837.04,22,1970,7,1,80.69,1
17457,2062.12,20,2065,1,0,14.34,0
17458,8959.98,12,813,3,0,23.63,0
17459,224.37,0,2469,1,2,0.29,0
17460,4526.56,1,36,5,2,25.22,0
17461,5331.59,14,340,4,2,11.74,0
17462,172.89,4,300,1,0,17.4,0
17463,94.41,1,580,1,0,1.41,0
17464,795.89,22,1142,6,2,17.56,0
17465,4488.45,4,793,2,1,3.66,0
17466,216.06,9,2766,4,0,9.11,0
17467,3197.54,9,2003,1,0,19.32,0
17468,1123.9,6,2777,4,0,4.95,0
17469,2163.38,1,1429,2,0,11.98,0
17470,3238.97,23,2698,2,1,35.66,0
17471,1457.92,15,2834,6,0,43.5,0
17472,49.36,21,1832,0,0,6.95,0
17473,5190.87,15,385,3,0,11.42,0
17474,1730.58,19,2916,3,1,28.15,0
17475,1548.45,13,493,3,0,23.05,0
17476,3569.59,21,2375,1,0,29.51,0
17477,516.4,18,2585,2,1,12.72,0
17478,417.98,15,444,1,0,1.76,0
17479,5832.98,12,1495,2,0,12.66,0
17480,228.59,22,2499,3,0,10.4,0
17481,6661.69,13,1434,2,0,52.49,0
17482,3548.19,12,1650,3,0,25.09,0
17483,1846.56,14,1666,2,2,5.18,0
17484,2784.63,9,167,3,1,5.63,0
17485,5399.78,19,2497,1,1,33.37,0
17486,20805.04,23,2791,2,0,48.63,0
17487,8803.0,12,2147,3,1,17.99,0
17488,7501.35,7,798,4,0,17.31,0
17489,5878.35,9,1090,1,0,3.12,0
17490,5776.78,0,72,4,1,24.66,0
17491,4095.51,19,2923,2,2,1.53,0
17492,206.46,11,624,2,1,25.2,0
17493,1914.01,5,1154,0,0,20.61,0
17494,4195.16,4,2763,0,0,50.34,0
17495,3652.72,12,2795,2,1,14.86,0
17496,14804.65,22,1494,1,0,31.88,0
17497,5250.94,6,1880,2,1,7.99,0
17498,7517.4,19,821,1,2,19.42,0
17499,1270.71,22,747,2,0,31.45,0
17500,2885.49,4,362,2,0,39.44,0
17501,3125.35,18,312,3,0,7.87,0
17502,2322.32,8,999,2,0,6.89,0
17503,2766.2,19,2882,2,1,30.59,0
17504,1464.34,0,1879,3,0,15.96,0
17505,5441.71,0,1483,0,0,13.33,0
17506,1146.15,22,1166,5,0,11.49,0
17507,315.75,15,2752,1,0,16.62,0
17508,2023.36,7,1726,3,1,27.02,0
17509,4770.74,1,468,0,1,7.46,1
17510,5117.52,10,2019,2,0,4.12,0
17511,467.27,20,2404,4,0,11.25,0
17512,576.77,3,339,4,1,17.81,1
17513,1052.06,10,153,0,2,3.61,0
17514,7559.32,23,2876,2,0,63.77,0
17515,5204.34,3,180,3,1,19.09,0
17516,1666.03,2,1626,0,0,29.58,0
17517,3166.71,22,621,1,2,17.39,0
17518,5525.01,13,37,4,0,14.33,0
17519,777.35,0,2065,2,0,82.45,0
17520,1178.53,1,552,1,1,5.68,0
17521,2372.93,12,1429,3,0,19.36,0
17522,1351.29,17,2343,3,1,26.42,0
17523,4395.89,22,856,1,0,57.33,0
17524,2375.52,21,1072,1,1,2.65,0
17525,881.76,14,1378,1,1,11.8,1
17526,93.85,19,1867,1,1,4.41,0
17527,680.95,17,833,0,1,23.87,0
17528,1021.15,7,1306,0,0,50.6,0
17529,1038.04,9,2080,5,0,16.62,0
17530,1149.59,16,2924,2,0,1.13,0
17531,15058.24,6,1468,5,2,10.46,0
17532,6089.71,15,366,3,0,40.03,0
17533,1112.57,19,766,2,0,9.68,0
17534,427.12,3,1162,2,1,25.51,0
17535,555.17,18,1651,2,2,37.98,0
17536,2108.4,15,2336,0,1,57.54,0
17537,160.13,2,1033,3,0,7.1,0
17538,2839.29,12,994,3,1,15.75,0
17539,10366.26,22,2070,2,1,8.86,0
17540,1061.39,13,2596,2,0,44.87,0
17541,3080.78,12,1162,1,0,27.05,0
17542,5889.35,21,984,2,0,37.99,0
17543,5179.54,4,94,0,1,16.94,0
17544,1376.73,6,376,3,1,12.59,0
17545,7837.95,15,2838,0,1,53.92,0
17546,3409.38,4,2693,3,0,31.88,0
17547,2130.61,13,1734,3,1,4.16,0
17548,4543.94,11,600,1,0,27.27,0
17549,938.51,16,582,0,0,16.42,0
17550,3744.85,9,1610,1,1,1.52,0
17551,2755.2,17,1365,3,0,25.66,0
17552,9930.19,8,2426,5,0,17.97,0
17553,1371.05,5,2952,1,0,29.59,0
17554,3269.65,15,2744,3,0,23.44,0
17555,1231.56,4,1189,1,1,34.74,0
17556,4897.33,0,162,0,0,25.49,0
17557,3926.7,1,2823,6,0,21.62,0
17558,4081.14,23,2767,3,2,40.08,0
17559,385.46,21,579,4,0,32.35,1
17560,768.84,0,2237,2,1,35.65,0
17561,2592.81,12,2721,1,0,8.72,0
17562,1227.62,1,354,2,1,6.88,0
17563,6897.52,9,2731,2,0,14.27,0
17564,2530.49,23,1545,1,0,43.7,0
17565,460.26,0,1310,2,0,21.37,0
17566,150.5,2,2414,2,1,51.27,1
17567,10375.62,0,2292,2,1,29.72,0
17568,2964.92,10,1147,3,0,12.65,0
17569,776.68,6,587,1,0,35.9,0
17570,6480.09,15,470,3,0,29.0,0
17571,1151.94,12,2670,0,0,38.6,0
17572,558.22,6,2989,3,0,26.1,0
17573,1334.74,1,2642,3,0,22.47,1
17574,9383.8,22,2972,3,0,11.25,0
17575,167.9,6,961,3,3,9.93,0
17576,199.23,10,1724,1,0,21.87,0
17577,1648.96,20,890,4,1,9.82,0
17578,724.33,12,2451,2,0,68.81,0
17579,3157.93,22,823,1,0,18.59,0
17580,5672.54,0,367,1,0,21.0,0
17581,719.96,1,233,1,0,52.67,0
17582,3808.02,23,155,2,0,4.53,0
17583,6029.97,18,215,3,0,47.83,0
17584,482.03,16,2438,5,0,39.88,0
17585,1078.29,18,962,4,0,18.32,0
17586,190.54,2,2266,2,1,43.77,0
17587,2627.23,14,2135,4,0,40.87,1
17588,4164.45,3,2979,2,1,17.38,0
17589,81.73,0,1269,6,0,25.95,0
17590,779.3,17,184,5,1,46.01,0
17591,7138.87,5,2158,1,0,10.98,0
17592,2891.31,20,945,1,2,2.35,1
17593,2879.03,10,2864,2,1,1.89,0
17594,1334.04,8,265,1,1,37.84,0
17595,1406.78,10,2228,2,1,13.64,0
17596,1005.62,19,737,3,1,46.19,0
17597,1413.9,19,2798,2,0,37.7,0
17598,3847.75,1,2547,2,0,1.27,0
17599,36.93,23,943,1,0,9.58,0
17600,134.82,1,1076,2,0,9.14,0
17601,5056.78,22,904,2,0,2.78,0
17602,1539.78,20,1817,3,1,1.97,0
17603,1697.16,13,1740,2,0,8.32,0
17604,1564.98,2,994,2,0,21.14,1
17605,1525.55,13,1614,4,1,37.59,0
17606,838.05,5,2187,1,0,21.15,0
17607,1898.18,20,102,2,0,35.01,0
17608,2395.37,16,338,1,0,21.73,0
17609,1812.34,4,562,1,2,11.59,0
17610,2521.72,21,2602,2,0,24.66,0
17611,1059.85,13,2130,1,0,10.1,0
17612,1939.96,2,1429,0,0,14.88,0
17613,2363.56,18,1242,3,0,11.58,0
17614,1057.16,14,2857,0,1,0.24,0
17615,6974.62,8,1876,1,1,9.74,0
17616,6960.76,0,1424,2,0,6.64,0
17617,816.42,22,903,0,0,34.11,0
17618,1327.34,2,362,1,2,4.21,0
17619,1745.4,1,1429,5,0,3.57,0
17620,12059.74,21,2247,1,0,22.42,0
17621,2071.96,6,2763,3,0,48.24,0
17622,2087.07,23,1002,4,0,60.58,0
17623,2885.03,0,2511,2,0,36.5,0
17624,2096.22,13,2037,0,1,12.69,0
17625,537.91,6,2477,1,0,34.32,0
17626,3132.54,14,2535,2,0,7.84,0
17627,3744.68,16,1189,2,0,5.33,0
17628,1868.7,4,388,1,1,33.87,0
17629,1129.05,17,2395,4,1,45.25,1
17630,1599.84,3,1264,1,1,24.49,1
17631,11186.13,4,2734,1,1,20.77,0
17632,5804.18,13,2484,1,0,3.15,0
17633,14246.5,7,1944,2,0,12.71,0
17634,963.35,13,1459,0,0,2.29,0
17635,1165.36,20,118,1,0,30.64,0
17636,296.64,23,426,2,0,29.45,0
17637,982.94,12,1990,1,0,22.22,0
17638,1816.73,13,1962,1,1,30.37,0
17639,95.58,22,403,2,1,17.49,0
17640,2879.93,16,2029,2,0,27.26,0
17641,779.16,15,1631,2,3,11.73,1
17642,1263.24,4,2696,3,0,23.64,0
17643,97.57,16,2223,1,0,35.07,0
17644,10047.66,6,1676,4,0,28.05,0
17645,1090.98,7,1772,1,0,41.61,0
17646,563.01,17,2155,0,0,1.87,1
17647,232.68,21,2732,3,0,23.66,0
17648,502.81,11,101,2,1,15.14,0
17649,220.37,2,2985,4,1,29.96,0
17650,1816.37,20,1625,2,0,42.64,0
17651,1314.99,20,662,1,0,15.45,0
17652,306.19,14,1645,3,1,9.16,0
17653,6294.42,5,2426,0,0,20.94,0
17654,219.07,5,754,3,1,18.72,0
17655,18.6,13,1771,4,0,21.52,0
17656,12472.44,13,1819,0,1,20.74,0
17657,4509.61,16,2831,2,0,15.98,0
17658,247.81,16,46,1,0,32.93,0
17659,2342.84,18,2865,0,0,16.47,0
17660,952.67,22,798,5,0,23.84,0
17661,3523.7,14,2637,1,1,12.56,0
17662,677.96,12,351,0,1,27.63,0
17663,2270.39,12,1331,2,2,8.12,0
17664,1007.18,5,768,3,0,5.94,0
17665,1504.42,17,2625,1,2,35.84,0
17666,979.29,19,2769,0,1,19.81,0
17667,978.64,22,2203,3,0,39.58,0
17668,3012.53,19,3,1,0,9.01,0
17669,1111.53,14,1194,1,0,12.69,0
17670,11867.53,18,2391,0,0,59.18,0
17671,2781.59,7,1303,4,1,11.39,0
17672,1356.08,18,2194,1,1,21.73,0
17673,4363.23,3,556,4,0,11.97,0
17674,1589.83,10,1399,0,0,15.58,0
17675,8492.18,19,1953,3,0,7.65,0
17676,1971.78,15,1905,2,1,26.12,0
17677,4625.41,4,1777,3,1,18.12,0
17678,8404.35,10,2471,3,3,5.59,0
17679,992.74,15,1558,1,2,17.18,0
17680,7728.99,9,103,0,1,18.92,0
17681,2418.96,17,770,1,1,35.07,0
17682,15553.41,17,1513,3,0,37.38,0
17683,2432.91,23,2180,1,0,25.51,0
17684,4458.14,0,1299,0,0,0.02,0
17685,1178.5,0,297,3,0,3.43,0
17686,999.98,22,1192,2,0,17.84,0
17687,575.2,3,1806,0,1,25.56,0
17688,8534.34,3,1588,1,0,4.25,0
17689,302.16,10,1978,2,0,46.21,0
17690,617.59,17,2387,0,0,6.25,0
17691,1135.04,6,2342,1,0,2.64,0
17692,9076.46,2,570,2,1,8.22,0
17693,2128.7,18,1444,1,0,30.97,0
17694,1354.51,12,1438,1,0,10.06,0
17695,4137.12,2,2189,1,0,13.59,0
17696,2466.48,17,1808,2,1,50.77,1
17697,2090.82,2,2656,1,1,13.06,0
17698,469.38,3,1264,2,0,49.91,0
17699,3761.47,16,1756,0,0,21.25,0
17700,3906.77,1,230,1,0,16.98,0
17701,85.85,20,1479,2,3,23.41,0
17702,246.0,1,18,3,0,3.68,0
17703,288.74,22,2472,0,0,17.84,0
17704,3971.43,5,1073,1,1,21.68,0
17705,8748.72,8,2435,2,1,25.24,0
17706,513.31,22,2616,1,2,48.91,0
17707,1095.45,5,2142,1,1,63.3,0
17708,3169.21,14,2299,3,1,0.53,0
17709,2374.93,15,1432,2,0,24.26,0
17710,4850.92,20,1897,1,1,17.68,0
17711,4056.02,1,2566,2,1,11.69,0
17712,1459.73,7,2632,4,1,11.15,0
17713,49.17,0,579,3,1,7.22,1
17714,1606.42,18,804,3,1,17.01,0
17715,1443.54,0,506,0,0,16.24,1
17716,1890.49,3,2995,4,0,13.28,0
17717,586.61,4,1393,3,0,54.26,0
17718,3541.47,20,55,1,0,32.64,0
17719,2017.96,2,2637,2,1,31.46,0
17720,1344.99,16,1604,3,1,39.46,0
17721,4096.63,20,148,1,0,3.9,0
17722,491.89,15,1128,3,0,0.78,0
17723,523.06,5,2342,3,0,17.41,0
17724,699.82,0,1645,2,1,11.52,0
17725,4401.66,21,2635,1,2,37.77,0
17726,704.06,19,1412,2,1,7.12,0
17727,457.77,4,743,1,1,17.6,0
17728,1934.35,5,931,3,0,3.67,0
17729,1141.72,6,1672,2,0,5.98,0
17730,5198.35,19,864,1,0,24.11,0
17731,5164.06,3,2597,3,1,30.74,1
17732,3424.23,17,65,2,3,11.19,1
17733,1169.86,12,689,2,0,6.46,0
17734,516.4,1,56,2,2,28.64,0
17735,8070.65,15,2618,2,1,0.8,0
17736,7762.87,6,82,3,1,31.15,0
17737,13334.07,4,1072,4,0,43.7,0
17738,2018.87,5,1577,0,1,5.76,0
17739,10660.22,20,2911,1,1,11.3,0
17740,10624.07,13,569,0,1,14.55,0
17741,3163.27,8,2875,0,1,33.39,0
17742,2800.35,18,1849,4,1,33.43,0
17743,562.87,11,980,1,0,15.87,0
17744,10337.56,15,2602,2,1,16.83,0
17745,7546.19,9,102,4,0,10.98,0
17746,6164.43,22,1338,2,0,7.7,0
17747,191.27,15,2828,2,0,48.43,0
17748,1154.84,2,2630,1,0,0.67,0
17749,4270.69,8,1250,2,0,0.86,0
17750,2218.66,12,2718,3,0,11.67,0
17751,1867.18,19,1506,2,0,1.14,0
17752,1600.67,13,2779,5,1,8.92,0
17753,1213.81,15,1048,2,1,26.21,0
17754,3822.42,1,2951,2,1,34.72,0
17755,917.24,12,2224,1,1,13.93,0
17756,5134.66,15,854,1,2,15.73,0
17757,2085.26,11,2646,1,1,23.28,0
17758,543.79,9,1037,1,1,6.32,0
17759,300.29,11,897,6,0,33.29,0
17760,3194.58,8,1353,2,0,32.89,0
17761,592.89,23,269,0,0,1.13,0
17762,3004.83,8,1560,1,0,31.82,0
17763,2828.94,20,1758,3,1,9.78,0
17764,9818.54,17,2198,3,1,38.81,0
17765,296.08,21,1716,1,1,0.54,1
17766,3539.16,11,2106,1,1,15.58,0
17767,167.69,6,2729,6,0,4.8,0
17768,1273.83,23,1097,1,2,28.26,0
17769,717.07,16,813,1,0,19.15,0
17770,3293.92,9,2301,5,1,3.86,0
17771,3591.01,23,937,0,0,25.68,0
17772,4623.28,21,1447,1,1,4.25,0
17773,740.51,20,2241,1,1,53.71,0
17774,919.34,13,2581,3,0,48.14,0
17775,3210.61,5,1706,0,0,20.52,0
17776,1887.79,15,885,1,0,5.98,0
17777,4001.27,13,1605,1,1,19.86,0
17778,1237.38,9,2121,1,0,20.24,0
17779,2200.71,10,985,3,1,13.13,0
17780,6484.83,4,121,3,0,12.45,0
17781,3157.44,21,1888,2,0,26.05,0
17782,4453.97,15,1495,0,0,30.17,0
17783,4861.66,16,1930,4,0,0.48,0
17784,2392.13,0,2081,1,0,43.03,0
17785,10925.32,19,1191,2,1,0.52,0
17786,471.21,7,652,0,0,32.36,0
17787,12828.73,20,1674,2,3,31.01,0
17788,40.87,19,2298,2,0,7.39,0
17789,3012.46,6,2691,1,1,5.97,0
17790,178.18,20,1032,5,0,48.56,0
17791,3239.66,9,999,4,2,45.66,0
17792,10177.6,23,1764,1,1,2.31,0
17793,1348.1,19,2829,0,2,23.19,0
17794,855.71,10,2194,1,1,23.88,0
17795,1864.65,1,1459,4,1,15.0,0
17796,262.64,0,2966,2,0,29.21,0
17797,483.41,9,1308,1,0,27.92,0
17798,5339.98,1,1480,4,1,31.95,0
17799,28.69,23,131,3,0,38.45,0
17800,4352.07,19,717,1,0,19.9,0
17801,7269.61,17,1103,4,0,8.3,0
17802,1340.5,12,1899,4,1,25.89,0
17803,6314.43,5,34,1,0,6.95,0
17804,3400.44,1,1876,2,0,27.17,0
17805,4909.52,6,1149,1,2,28.46,0
17806,110.7,5,2472,2,0,5.63,0
17807,926.89,6,2324,1,0,17.25,0
17808,1239.64,1,2855,4,0,28.39,0
17809,2379.26,14,1831,1,0,32.15,0
17810,4370.45,7,2008,2,1,38.0,0
17811,979.56,4,2418,4,2,32.3,0
17812,7248.98,10,1105,2,1,21.55,0
17813,300.27,20,1415,2,3,39.4,0
17814,2515.02,21,2576,2,1,30.83,0
17815,9958.95,21,20,1,0,18.9,1
17816,1235.32,7,2303,3,1,24.89,0
17817,2714.19,0,260,0,0,3.07,0
17818,1599.7,13,565,1,0,15.46,0
17819,493.29,10,2291,4,2,25.59,0
17820,10013.79,11,451,4,0,10.51,0
17821,3306.52,11,158,0,0,9.93,0
17822,76.76,21,544,1,0,22.34,0
17823,904.25,22,2856,2,1,31.58,0
17824,729.96,20,20,0,1,9.92,0
17825,6716.99,9,1407,2,1,35.15,0
17826,1749.94,0,2695,2,0,4.23,0
17827,252.55,5,2304,1,3,24.3,1
17828,2081.15,3,1277,6,1,24.1,0
17829,173.49,6,1407,2,0,10.09,0
17830,2600.13,7,266,0,0,17.62,0
17831,3827.46,4,1901,1,0,16.03,0
17832,3710.9,19,1085,1,0,37.38,0
17833,10829.87,21,2813,6,1,9.53,0
17834,7362.0,21,2804,2,1,53.64,0
17835,143.99,7,917,1,2,36.32,0
17836,416.57,15,2542,1,0,21.02,0
17837,2887.36,10,771,3,1,14.46,0
17838,6590.2,2,2956,0,1,31.1,0
17839,5554.51,23,412,3,1,45.19,0
17840,8552.92,3,583,1,0,4.92,0
17841,517.61,7,2691,4,1,39.61,0
17842,3975.99,11,2360,2,1,26.77,0
17843,5021.31,0,1126,0,0,16.41,0
17844,2499.77,5,1643,1,1,26.2,0
17845,821.74,11,757,1,0,7.38,0
17846,8400.67,14,1083,2,1,18.12,0
17847,2293.3,4,2259,1,1,14.91,0
17848,2383.83,13,2768,5,1,10.82,0
17849,726.13,12,751,2,1,5.83,0
17850,4657.65,21,1409,2,0,7.73,0
17851,10182.88,3,2835,3,2,12.7,0
17852,2519.54,1,2145,0,0,24.25,0
17853,4762.1,11,2032,2,1,18.13,0
17854,5043.03,7,2165,3,0,10.55,0
17855,6257.01,6,2270,0,1,44.29,0
17856,6104.97,22,2773,4,0,1.27,0
17857,355.98,11,1428,3,2,33.66,0
17858,2017.06,9,1402,0,0,9.26,0
17859,1601.03,2,1064,0,0,25.17,0
17860,4977.54,20,1767,6,0,16.78,0
17861,241.31,1,2473,3,0,6.52,0
17862,3229.16,20,332,2,0,8.85,0
17863,998.13,18,951,4,1,15.03,0
17864,237.67,10,385,0,0,19.34,0
17865,2275.43,2,1953,2,0,25.25,0
17866,12671.72,21,1247,1,0,24.53,0
17867,8334.33,11,1465,1,1,7.09,0
17868,100.27,10,2803,2,0,25.74,0
17869,4336.19,7,2821,3,0,23.69,0
17870,5195.95,14,2862,1,0,0.56,0
17871,5921.15,1,1712,1,1,27.12,0
17872,921.71,4,1942,1,0,6.42,0
17873,7090.7,5,2228,6,0,43.79,0
17874,2259.13,3,1703,2,0,7.17,0
17875,150.31,14,819,0,0,15.73,0
17876,7939.32,7,1812,2,0,3.98,0
17877,2365.71,8,1579,0,0,5.45,0
17878,969.87,3,576,4,1,22.12,0
17879,1382.64,2,2736,1,0,54.82,0
17880,221.67,10,1949,5,2,12.26,0
17881,471.77,11,1734,0,0,32.89,0
17882,3295.89,23,2957,1,0,7.09,0
17883,5189.89,23,684,2,1,21.87,0
17884,3730.73,13,1055,3,0,13.38,0
17885,2015.84,3,712,6,1,6.05,0
17886,362.23,13,118,2,1,39.69,0
17887,5009.08,16,1055,1,0,5.13,0
17888,6990.27,16,486,1,0,18.01,0
17889,328.63,16,2683,3,0,13.97,0
17890,4181.15,14,1607,1,1,9.32,0
17891,2204.02,5,58,1,1,22.98,0
17892,2856.84,18,2546,3,0,21.18,0
17893,2115.76,1,1737,3,0,11.88,0
17894,685.86,18,959,2,1,21.37,0
17895,8177.33,2,2472,2,0,15.14,1
17896,2459.49,13,986,2,1,11.48,0
17897,3436.84,0,963,4,0,19.61,0
17898,1891.16,19,2449,1,1,6.59,0
17899,5883.55,10,303,1,0,9.46,0
17900,402.26,13,2024,2,1,5.97,0
17901,240.75,1,1273,2,1,51.95,0
17902,1892.37,10,134,1,0,4.71,0
17903,312.34,22,1352,1,0,71.02,0
17904,2004.15,23,2522,1,2,22.46,0
17905,986.07,18,2212,5,0,41.43,0
17906,1713.24,4,513,0,0,29.36,0
17907,3476.0,21,2884,5,1,37.57,0
17908,2993.74,23,1716,4,0,4.44,0
17909,2817.07,14,933,2,0,26.6,0
17910,2170.58,21,410,4,1,21.3,0
17911,29.09,5,882,3,0,13.27,0
17912,623.92,8,939,1,0,0.52,0
17913,3882.55,16,2278,3,0,13.95,0
17914,2552.83,16,158,3,0,43.17,0
17915,746.01,9,2057,0,0,56.61,0
17916,630.79,11,371,0,2,12.87,0
17917,3355.15,21,1196,3,0,13.22,0
17918,690.68,20,624,3,0,43.09,0
17919,3726.2,1,595,0,1,20.3,0
17920,3363.64,11,2490,5,0,15.98,0
17921,1673.75,7,1642,1,0,6.55,0
17922,1557.97,9,1501,2,1,51.4,0
17923,3687.11,1,2784,2,1,27.56,0
17924,197.42,4,2265,2,0,9.04,0
17925,3968.48,5,2959,2,1,24.59,0
17926,5877.37,7,439,0,0,15.46,0
17927,5833.6,7,1046,3,0,38.19,0
17928,1181.84,4,1931,4,0,1.02,0
17929,1957.71,11,1520,1,2,23.52,0
17930,1064.16,14,1551,0,0,5.46,0
17931,77.27,14,757,0,1,17.56,0
17932,523.73,19,2498,1,0,19.94,0
17933,2653.15,2,452,3,0,9.97,0
17934,27.76,22,1357,1,0,2.51,0
17935,9570.36,9,2419,1,1,25.17,0
17936,2765.11,0,1169,2,0,60.59,0
17937,349.39,20,1060,2,0,24.69,0
17938,4237.68,6,349,1,0,4.16,0
17939,2170.4,16,2897,3,1,31.97,0
17940,3086.32,6,2650,2,2,25.26,0
17941,2886.41,9,1019,5,0,37.84,0
17942,807.4,13,2520,2,0,11.37,0
17943,2365.93,11,922,2,1,6.08,0
17944,680.96,2,157,0,1,15.95,0
17945,6462.0,21,2676,2,0,27.06,0
17946,5318.98,5,2722,1,0,1.12,0
17947,1200.95,18,1982,3,0,19.73,0
17948,1430.16,15,487,2,0,26.83,0
17949,3681.34,21,2632,3,2,16.19,0
17950,9240.3,3,1314,2,3,30.71,0
17951,874.21,0,1672,4,1,3.19,0
17952,2857.09,4,2799,1,0,29.75,0
17953,433.92,18,470,6,2,13.27,0
17954,3293.96,21,1916,2,0,21.68,1
17955,1244.37,19,519,2,1,26.59,0
17956,773.31,12,1392,1,0,8.92,0
17957,1029.26,2,1852,3,1,25.24,0
17958,4017.56,6,663,1,0,16.94,0
17959,595.66,16,457,4,1,14.41,0
17960,814.69,13,579,1,0,35.64,0
17961,365.5,21,2517,4,1,50.35,0
17962,3362.5,2,220,1,0,54.07,0
17963,1145.8,23,2063,4,0,18.88,0
17964,1928.81,15,937,1,1,15.04,0
17965,4198.84,19,638,2,1,0.2,0
17966,2658.68,5,402,3,3,24.26,0
17967,4770.97,18,2253,1,1,9.86,0
17968,1237.79,7,1627,4,1,46.51,0
17969,2351.63,18,310,3,0,23.16,0
17970,247.39,10,1814,4,0,21.76,0
17971,1210.89,6,2783,1,1,2.32,0
17972,4557.98,14,1783,2,1,27.93,0
17973,3038.6,15,467,1,0,0.08,0
17974,998.41,0,1471,3,0,2.39,0
17975,2513.57,4,2314,4,0,25.24,0
17976,10000.9,16,2796,0,1,26.65,0
17977,92.23,14,1997,0,0,8.54,0
17978,1108.01,0,1811,1,1,9.33,0
17979,5214.9,20,1197,1,2,9.47,0
17980,3395.46,11,2437,1,1,38.49,0
17981,2467.54,23,2535,1,1,33.97,0
17982,3157.19,23,332,1,0,18.51,0
17983,4463.82,11,805,2,0,16.73,0
17984,558.88,1,1042,2,1,51.7,0
17985,5.9,8,1302,2,1,6.4,0
17986,11045.08,1,43,2,0,18.0,0
17987,14306.69,5,25,5,1,7.9,0
17988,1246.72,4,2647,4,2,37.83,1
17989,406.79,12,2133,5,1,12.0,0
17990,5965.32,7,2296,1,0,8.87,0
17991,1709.26,15,2274,2,1,1.48,0
17992,4279.18,19,141,1,0,13.33,0
17993,777.7,6,1269,1,1,42.21,0
17994,1716.67,20,1419,2,0,1.9,0
17995,1217.27,1,697,1,1,15.25,0
17996,1773.34,19,1296,1,2,8.06,0
17997,2965.75,16,1638,2,1,24.59,0
17998,72.04,14,1625,0,2,11.59,0
17999,4210.05,1,974,1,0,13.33,0
18000,932.15,20,195,2,1,0.81,0
18001,7283.16,8,35,0,1,14.56,0
18002,1516.35,19,2945,2,0,2.29,0
18003,648.39,6,1119,5,0,36.32,0
18004,236.49,13,2806,1,1,44.9,0
18005,2639.7,22,1882,0,0,17.53,0
18006,1325.87,21,1426,4,1,19.29,0
18007,3105.81,9,2562,4,0,0.81,0
18008,522.45,2,2198,2,1,22.81,0
18009,212.19,22,2964,1,1,22.99,0
18010,1042.43,4,984,2,0,2.03,0
18011,4215.99,13,2219,1,1,8.91,0
18012,1593.98,16,395,2,1,8.73,0
18013,3292.97,1,310,0,0,15.81,0
18014,2866.21,7,2251,0,1,9.22,0
18015,34.86,21,542,1,1,14.62,0
18016,7114.43,14,707,1,0,7.42,0
18017,9787.44,2,199,3,0,37.34,0
18018,841.2,10,411,3,3,6.72,0
18019,1877.46,7,1002,4,0,28.62,0
18020,6418.85,8,1538,5,0,24.62,0
18021,2856.88,1,412,0,0,1.67,0
18022,8827.84,17,1272,6,0,11.34,0
18023,876.07,5,610,4,0,29.15,0
18024,2441.35,0,404,0,1,34.44,0
18025,1775.67,7,2194,0,1,10.22,0
18026,3102.76,21,2241,6,0,20.15,0
18027,3158.6,5,1482,1,0,5.91,0
18028,669.52,7,712,1,0,15.33,0
18029,152.54,1,2254,0,0,19.7,0
18030,1484.9,23,807,4,1,44.45,0
18031,2266.67,21,2996,0,0,21.67,0
18032,3127.63,2,2753,2,0,5.98,0
18033,1416.61,12,2143,2,0,13.97,0
18034,13386.25,3,2965,1,1,28.95,0
18035,1442.74,20,1684,3,1,1.84,0
18036,281.25,7,1702,5,0,20.08,0
18037,8000.07,0,974,2,0,0.17,0
18038,2450.94,17,2316,6,0,19.39,0
18039,1414.33,21,2735,3,0,2.79,0
18040,2902.03,21,353,2,0,11.73,0
18041,2669.98,20,2873,0,0,21.47,0
18042,9135.48,15,1006,1,0,24.24,0
18043,2452.99,23,1559,3,1,0.63,0
18044,4482.08,19,52,2,1,24.53,0
18045,487.34,14,2091,1,0,13.41,0
18046,1282.59,18,2894,2,1,0.14,0
18047,6622.11,9,2655,2,0,18.91,0
18048,4235.64,15,1755,5,0,14.0,0
18049,68.71,15,755,1,1,1.69,0
18050,8518.6,1,176,3,1,34.02,0
18051,9555.19,0,1449,3,1,2.29,0
18052,9552.66,4,331,2,0,49.63,0
18053,5218.11,8,2863,0,0,1.23,0
18054,713.97,22,409,4,0,8.06,0
18055,504.68,1,1942,4,1,13.69,0
18056,4133.17,0,1871,1,0,22.12,0
18057,9431.25,3,1777,4,1,19.53,1
18058,1349.49,7,1102,1,0,36.84,0
18059,2134.93,17,1496,0,0,19.77,0
18060,5341.44,0,2680,2,0,29.64,0
18061,2451.72,21,2184,3,0,2.88,0
18062,2435.94,19,1314,0,0,17.02,0
18063,3247.31,3,739,1,0,32.34,1
18064,2817.73,6,1880,1,0,0.3,0
18065,3199.32,0,2168,3,1,22.68,0
18066,3415.13,11,332,3,2,21.37,0
18067,3990.56,3,2393,1,0,14.49,0
18068,1969.48,2,2549,2,0,55.49,0
18069,2382.43,8,2633,1,0,9.33,0
18070,119.26,9,1482,1,1,45.96,0
18071,780.46,8,1489,0,0,23.7,0
18072,2413.82,13,2481,2,0,10.02,0
18073,422.87,15,581,2,0,18.49,0
18074,6524.59,19,1620,0,0,15.41,0
18075,6578.39,11,1387,2,0,19.14,0
18076,4178.7,12,471,1,1,20.2,0
18077,2043.48,19,763,5,0,14.39,0
18078,5559.93,14,1753,3,0,33.79,0
18079,169.28,15,321,3,1,28.64,0
18080,1064.62,7,1799,2,1,0.99,0
18081,2312.39,14,2804,1,0,21.24,0
18082,1742.69,3,2819,4,1,4.42,1
18083,331.4,21,2053,2,0,8.58,0
18084,2140.55,16,1701,1,1,2.67,0
18085,1597.31,4,1744,3,1,9.97,0
18086,2305.64,7,2395,4,0,35.9,0
18087,1265.39,11,1642,0,0,8.92,0
18088,2221.94,3,551,2,1,2.92,0
18089,2550.6,23,1646,1,2,6.25,0
18090,3223.5,12,1805,1,0,11.45,0
18091,3490.51,17,897,1,0,31.7,0
18092,1288.73,0,1525,2,1,8.85,0
18093,906.87,11,2026,3,0,8.21,0
18094,256.32,6,1880,2,1,14.15,0
18095,356.48,3,802,4,0,32.86,0
18096,1963.92,17,2150,5,0,9.19,0
18097,1235.66,15,1174,1,0,11.66,0
18098,1601.94,1,680,2,0,53.12,0
18099,28.09,23,573,1,2,6.85,0
18100,1549.37,6,2816,1,0,17.03,0
18101,173.37,20,2939,3,1,4.16,0
18102,6741.35,9,2733,3,0,12.26,0
18103,2643.58,12,282,0,0,27.1,0
18104,1779.78,9,1218,1,1,49.43,0
18105,5354.76,12,1562,2,0,36.67,0
18106,4333.06,5,2025,2,0,5.22,0
18107,2263.74,13,839,4,0,13.05,0
18108,3609.66,23,895,3,1,46.13,0
18109,2035.15,0,1216,2,0,48.02,0
18110,6817.25,21,453,2,0,19.66,0
18111,441.6,2,1873,2,0,4.85,0
18112,882.24,13,397,1,0,2.56,0
18113,7068.45,21,1222,4,0,35.21,0
18114,2562.46,5,2565,4,3,13.14,0
18115,916.33,21,419,1,0,6.47,0
18116,5146.61,11,761,0,0,9.85,0
18117,2606.55,9,2095,1,1,36.64,0
18118,2090.77,7,462,1,1,18.19,0
18119,223.98,19,1626,3,0,12.79,0
18120,5350.17,17,1727,3,1,19.5,0
18121,4676.86,6,1703,2,1,44.57,0
18122,384.85,8,1963,4,0,23.38,0
18123,560.63,0,1026,2,1,44.24,1
18124,3334.78,12,1283,1,0,37.72,0
18125,3636.34,12,2207,4,0,39.45,0
18126,605.84,18,1588,4,0,12.68,0
18127,3412.41,18,2092,2,0,33.14,0
18128,2282.7,15,90,1,0,49.89,1
18129,6645.84,6,1546,2,0,16.0,0
18130,494.68,17,2289,4,1,48.07,0
18131,11543.75,7,13,2,0,19.2,1
18132,15919.22,0,1140,1,0,17.22,1
18133,7700.33,17,901,0,0,13.38,0
18134,970.07,15,2798,3,0,22.78,0
18135,13553.01,19,2625,2,0,5.01,0
18136,561.0,7,1645,3,1,4.68,0
18137,8113.44,23,930,1,1,4.9,0
18138,2633.35,22,323,4,2,22.05,0
18139,14547.87,11,2362,2,0,32.84,0
18140,5131.11,5,594,2,0,21.1,0
18141,1002.01,22,2433,4,0,20.24,0
18142,712.89,3,2709,1,1,32.97,0
18143,63.49,20,687,4,0,25.31,0
18144,12685.77,15,237,0,0,14.07,0
18145,10439.5,12,1351,3,0,16.14,0
18146,1279.86,19,914,3,0,8.41,0
18147,1620.71,8,264,0,1,14.58,0
18148,5161.54,1,1083,0,1,13.94,1
18149,3100.64,1,1545,3,2,13.82,0
18150,2645.41,23,2809,1,1,38.63,0
18151,1150.62,4,2372,2,0,2.57,0
18152,1708.59,3,336,4,0,30.56,1
18153,4723.72,17,1851,0,0,22.21,0
18154,6120.01,5,526,1,0,16.7,0
18155,9438.12,16,643,5,0,2.38,0
18156,3354.16,8,1966,3,0,5.63,0
18157,7694.46,3,2125,2,1,5.78,0
18158,958.16,6,84,1,1,48.28,0
18159,3060.44,2,2198,5,1,4.9,0
18160,3061.25,3,1829,3,0,11.64,0
18161,933.48,22,2390,1,0,16.52,0
18162,4652.22,12,2671,3,0,7.83,0
18163,2599.47,1,1968,5,0,16.16,0
18164,165.67,10,2774,1,0,8.07,0
18165,850.83,14,2154,1,0,15.62,0
18166,2975.22,19,2987,1,0,0.32,0
18167,5950.39,23,2133,1,0,41.77,0
18168,10851.02,20,1033,3,0,7.79,0
18169,1777.28,18,1955,3,0,17.07,0
18170,125.19,9,2383,2,0,10.51,0
18171,751.36,19,1839,3,0,42.02,0
18172,2067.27,19,2459,2,3,30.29,0
18173,20.75,1,1294,2,0,32.52,0
18174,6745.28,5,553,3,0,18.75,0
18175,1205.09,3,2009,2,2,17.5,1
18176,1769.93,3,453,2,0,3.81,0
18177,1444.8,8,2238,4,0,31.32,0
18178,3767.87,13,1376,1,0,13.16,0
18179,1808.79,13,1458,1,0,21.38,0
18180,43.74,16,389,2,0,18.35,0
18181,18564.63,17,2539,1,1,27.1,0
18182,1233.7,17,2716,4,2,7.19,0
18183,507.77,3,39,1,1,23.4,0
18184,2400.16,13,316,2,0,1.64,0
18185,763.21,15,866,5,0,22.41,0
18186,1533.67,20,2805,1,1,14.19,0
18187,686.67,22,1284,1,3,7.31,1
18188,7988.93,13,997,5,0,13.32,0
18189,1976.65,3,1671,1,1,18.46,0
18190,2164.45,6,386,2,0,18.39,0
18191,1732.45,5,2443,4,0,29.76,0
18192,4901.12,14,1502,2,0,17.09,0
18193,6772.7,11,1838,2,1,0.87,0
18194,2654.88,5,1698,3,0,0.44,0
18195,4820.11,3,1715,0,0,2.59,0
18196,269.03,19,1250,1,1,1.08,0
18197,940.57,19,1682,4,0,9.98,0
18198,864.21,6,1999,3,0,8.41,0
18199,2951.06,17,2078,6,1,4.03,0
18200,10463.67,2,364,1,0,27.67,0
18201,792.36,18,866,0,1,29.92,0
18202,4118.25,16,2826,4,0,36.47,0
18203,2155.19,22,2417,1,1,28.66,0
18204,144.96,20,2379,3,1,43.82,0
18205,4892.92,18,220,1,1,42.19,0
18206,2753.74,12,2173,2,0,0.38,0
18207,7653.67,5,2858,0,1,43.25,0
18208,286.71,1,467,0,2,34.56,0
18209,7508.03,6,2634,2,0,50.63,0
18210,231.88,0,2047,4,0,4.97,1
18211,3147.94,2,1745,3,0,17.57,0
18212,10923.99,15,1426,1,0,41.15,0
18213,1180.76,6,2799,1,0,4.03,0
18214,119.59,22,704,0,1,4.45,0
18215,5080.51,3,1594,4,0,25.34,0
18216,2886.94,7,2831,1,1,23.25,0
18217,176.24,6,1727,1,0,14.19,0
18218,4671.93,3,992,0,1,29.82,0
18219,2372.85,2,1926,4,1,4.61,0
18220,3407.83,19,2159,3,0,7.08,0
18221,19685.22,10,1097,2,1,30.03,0
18222,7486.92,18,151,0,0,16.34,0
18223,445.69,1,1272,3,0,8.93,0
18224,153.32,22,2467,1,0,27.0,0
18225,3874.4,1,994,2,0,8.35,1
18226,14.96,15,2755,3,0,52.38,0
18227,432.03,5,2464,2,0,18.84,0
18228,893.4,11,1212,1,1,6.02,0
18229,15997.38,11,2114,2,0,6.43,0
18230,484.29,10,2063,0,1,5.25,0
18231,1256.2,7,1400,1,0,38.62,0
18232,642.88,22,1725,0,0,43.57,0
18233,6358.75,7,2786,1,2,0.78,0
18234,2645.63,19,2401,3,0,10.48,0
18235,1627.47,17,507,3,0,22.29,0
18236,172.54,4,1974,3,1,5.55,0
18237,18829.02,8,893,3,0,40.61,0
18238,7801.83,19,2590,1,0,41.28,0
18239,4610.73,4,596,2,0,34.69,0
18240,3814.29,10,1401,2,1,10.89,0
18241,5418.66,3,1794,0,0,39.69,0
18242,1531.09,8,286,4,0,19.28,0
18243,2188.53,19,2870,0,0,1.67,0
18244,8085.05,23,755,4,2,23.32,0
18245,559.34,10,2285,0,0,18.06,0
18246,7474.31,2,2578,0,0,18.34,0
18247,440.84,23,1041,3,0,2.35,0
18248,247.21,15,1725,2,1,39.18,0
18249,2364.38,5,436,0,0,28.85,0
18250,956.81,22,747,4,1,14.62,0
18251,3455.4,22,770,1,2,37.89,0
18252,4350.57,12,153,1,0,27.6,0
18253,1649.09,3,2852,1,1,10.61,0
18254,4518.74,17,1619,1,0,9.53,0
18255,3510.73,7,2341,2,1,11.01,0
18256,3324.04,19,1070,4,0,34.89,0
18257,1563.6,11,1058,1,1,20.82,0
18258,11048.0,3,852,4,0,21.87,0
18259,2006.43,23,2273,2,0,8.29,0
18260,6429.09,8,1304,5,1,6.28,0
18261,1272.45,7,385,4,1,10.96,0
18262,2520.1,10,1596,0,0,30.35,0
18263,1558.8,6,216,0,0,4.95,0
18264,15336.02,19,993,1,2,3.99,0
18265,1312.62,0,1927,4,0,31.41,0
18266,1899.8,19,1639,4,1,25.79,0
18267,5217.39,16,2710,2,0,7.07,0
18268,1142.79,23,1384,3,2,3.32,0
18269,5151.46,19,189,1,2,40.53,0
18270,4180.3,20,2405,1,1,9.95,0
18271,2879.78,13,2850,2,1,51.46,0
18272,3200.87,21,1253,0,1,19.1,0
18273,434.82,11,2373,2,0,1.06,0
18274,585.93,17,1904,3,1,28.41,0
18275,6392.44,4,2579,4,1,4.91,0
18276,1882.24,8,2988,7,0,26.79,0
18277,405.5,1,2304,2,1,36.4,0
18278,8051.5,23,2504,5,2,15.56,0
18279,387.77,19,721,3,0,31.61,0
18280,3650.69,22,441,4,0,8.45,0
18281,6011.7,14,1981,3,0,26.34,0
18282,1124.88,20,771,2,2,26.19,0
18283,1339.26,10,2666,1,0,1.84,0
18284,3563.77,2,1715,3,0,14.52,0
18285,664.64,12,2082,2,0,12.83,0
18286,2408.03,2,273,1,1,23.16,0
18287,3499.4,6,884,2,0,7.39,0
18288,1070.96,19,1928,2,1,4.51,0
18289,12553.56,6,1757,1,0,13.21,0
18290,2903.86,14,118,2,1,19.02,0
18291,1943.83,15,2837,1,0,7.19,0
18292,6685.21,4,496,3,0,10.49,0
18293,818.02,15,2691,3,1,35.9,0
18294,273.71,7,2895,2,0,31.26,0
18295,9918.16,9,46,1,0,20.79,0
18296,3125.77,22,739,4,0,13.78,0
18297,444.7,9,544,4,0,31.16,0
18298,881.3,20,704,2,0,41.23,0
18299,3051.61,20,700,1,0,1.43,0
18300,397.02,23,1108,0,0,24.72,0
18301,1032.41,3,2820,2,0,32.42,0
18302,1260.34,19,2152,2,3,8.48,0
18303,2756.31,23,941,3,1,28.09,0
18304,1027.53,1,1687,3,0,1.21,0
18305,4479.43,21,1007,2,0,35.61,0
18306,1162.57,5,962,2,0,15.77,0
18307,5856.06,13,1281,2,0,59.21,0
18308,1018.15,9,60,5,1,5.28,0
18309,3131.93,3,2230,1,0,9.74,0
18310,165.28,3,2658,5,2,22.97,0
18311,1410.3,9,1189,3,0,11.29,0
18312,1228.79,8,689,2,1,26.62,0
18313,4695.68,9,2265,6,0,46.52,0
18314,1166.44,8,637,2,0,0.9,0
18315,8416.69,21,2737,2,1,0.38,0
18316,1733.57,0,645,1,1,29.37,0
18317,1369.0,22,1145,0,0,26.45,0
18318,2617.39,7,1507,4,0,5.85,0
18319,43.48,0,2858,1,0,33.99,0
18320,6012.84,19,1261,2,0,7.1,0
18321,1057.26,14,1685,1,0,26.78,0
18322,3446.95,11,2874,2,1,17.71,0
18323,2224.36,2,484,1,1,9.67,1
18324,1175.15,21,2109,0,0,24.61,0
18325,184.89,13,2693,3,0,38.23,0
18326,9.4,2,1378,1,0,13.63,0
18327,963.61,13,1123,1,0,34.47,0
18328,2783.39,0,2510,1,0,21.79,0
18329,354.43,18,1168,2,2,3.9,0
18330,1534.4,3,1266,2,1,36.16,0
18331,1233.48,15,1440,4,2,60.22,0
18332,3161.36,6,2544,1,0,21.44,0
18333,662.62,17,2540,2,3,6.74,1
18334,3339.41,22,267,3,0,30.51,0
18335,341.94,6,1915,1,0,47.93,0
18336,2270.21,1,1311,5,0,9.78,0
18337,2068.8,9,2607,1,0,11.57,0
18338,1240.5,4,1230,1,1,22.35,0
18339,1084.87,10,383,2,1,13.18,0
18340,154.22,21,2595,5,1,17.01,0
18341,375.43,19,229,3,0,7.67,1
18342,14026.1,16,734,3,0,18.59,0
18343,4886.43,12,312,2,0,42.88,0
18344,4027.16,21,290,0,1,8.46,0
18345,177.44,0,2634,3,0,8.62,0
18346,1626.11,6,1304,1,0,2.04,0
18347,8193.9,12,1309,4,0,9.69,0
18348,1029.06,19,1095,3,0,33.36,0
18349,965.15,5,2368,1,1,30.51,0
18350,670.93,18,719,1,0,24.21,0
18351,117.62,1,2598,3,0,14.34,0
18352,580.35,5,991,2,0,21.56,0
18353,3700.79,15,1566,3,0,24.66,0
18354,483.32,22,1564,4,1,39.27,0
18355,1558.03,13,2389,2,0,29.66,0
18356,570.78,21,1735,2,1,27.45,0
18357,1519.48,19,710,3,0,14.81,0
18358,7252.99,5,2335,2,2,48.32,0
18359,2895.84,11,958,0,0,29.23,0
18360,377.76,7,2201,3,1,25.99,0
18361,2865.1,12,383,0,1,31.92,0
18362,3835.62,18,1025,1,0,8.92,0
18363,592.46,2,268,3,0,13.82,0
18364,574.13,20,2220,1,0,15.75,0
18365,2957.94,6,2494,2,0,31.16,0
18366,2825.28,21,67,2,1,0.4,0
18367,3327.19,19,945,2,2,19.31,0
18368,1615.88,9,520,0,0,26.25,0
18369,1133.63,8,2678,1,0,30.94,0
18370,4078.15,20,610,1,0,3.58,0
18371,4497.91,9,10,4,1,7.41,0
18372,1088.96,12,1740,5,1,47.88,0
18373,6743.85,21,728,2,1,24.99,0
18374,7677.48,16,770,2,0,38.31,0
18375,229.03,8,1680,4,0,24.95,0
18376,7710.94,6,826,1,0,44.49,0
18377,2617.23,9,2763,2,0,17.61,0
18378,2635.39,16,2207,3,0,13.22,0
18379,850.67,19,943,1,0,14.17,0
18380,5203.02,7,1055,1,0,18.5,0
18381,1345.87,6,1936,0,0,21.49,0
18382,955.63,11,420,2,0,19.27,0
18383,369.1,23,2158,3,2,13.71,0
18384,133.56,12,1787,3,0,7.73,0
18385,1336.67,19,1043,0,0,32.81,0
18386,4732.13,23,153,0,0,9.47,0
18387,1186.83,16,1781,4,0,37.2,0
18388,3806.39,11,1180,0,0,40.99,0
18389,1717.45,5,1165,1,1,22.67,0
18390,2687.17,7,2980,0,0,41.38,0
18391,77.05,17,724,6,0,55.39,0
18392,6766.86,12,2541,1,1,1.08,0
18393,5233.98,4,2272,3,1,24.37,0
18394,2022.49,10,1408,5,0,21.47,0
18395,1344.36,0,1843,3,0,24.95,0
18396,7621.97,8,837,0,0,23.95,0
18397,2106.78,10,89,1,2,5.6,0
18398,1364.24,18,1423,5,0,9.1,0
18399,1529.21,5,2292,3,0,18.78,0
18400,8758.75,20,2143,1,0,8.77,0
18401,2241.75,19,1529,0,0,5.71,0
18402,1134.98,19,1115,0,0,20.59,0
18403,12251.05,15,2587,0,0,8.82,0
18404,14982.88,0,1019,1,0,14.78,0
18405,2556.43,18,1749,4,0,50.42,0
18406,9519.26,19,1729,1,0,16.54,0
18407,2271.94,9,1339,3,1,22.48,0
18408,7566.32,6,1322,2,0,18.14,0
18409,931.55,19,394,4,0,37.8,0
18410,137.49,15,1659,0,1,20.68,0
18411,91.34,10,184,4,0,11.58,0
18412,912.69,8,1876,4,0,5.08,0
18413,2565.54,3,2251,1,1,23.9,0
18414,155.03,16,825,0,2,53.13,0
18415,1749.95,0,155,4,0,24.19,0
18416,2522.9,18,2412,2,2,31.41,0
18417,402.29,10,1123,3,0,17.23,0
18418,7429.11,4,2255,2,0,28.92,0
18419,2818.89,16,1866,1,1,5.94,0
18420,1548.65,6,1126,3,0,4.21,0
18421,396.86,9,2989,4,0,18.94,0
18422,5028.28,19,2643,2,0,17.48,0
18423,2613.7,12,2732,3,0,17.59,0
18424,3743.63,12,2115,2,1,12.39,0
18425,3811.85,13,1761,0,1,17.28,0
18426,2040.26,14,2413,2,0,35.51,0
18427,6054.69,17,2504,1,0,1.93,0
18428,2499.89,18,1058,0,2,2.08,0
18429,426.03,14,68,1,0,5.5,0
18430,4261.87,13,2871,2,0,32.29,0
18431,5578.42,3,1875,4,0,4.34,0
18432,11364.78,22,2632,1,0,18.81,0
18433,491.74,0,1775,0,0,34.39,1
18434,2657.03,18,211,2,1,7.19,0
18435,769.24,2,1069,2,1,26.21,0
18436,1316.8,19,1804,1,0,9.37,0
18437,1029.17,2,331,4,1,20.29,0
18438,88.45,0,881,1,0,3.78,0
18439,4223.48,16,1068,3,4,9.42,0
18440,338.18,22,1836,1,1,20.95,0
18441,5793.44,3,1380,1,0,0.85,0
18442,4540.0,12,1968,3,0,22.75,0
18443,4052.14,11,1716,3,1,25.52,0
18444,417.2,13,2982,0,0,31.09,0
18445,603.0,10,1,1,0,16.12,0
18446,4922.04,20,1388,2,1,18.28,0
18447,4082.58,2,2224,3,0,1.63,1
18448,595.81,23,2070,2,1,17.12,0
18449,2234.68,13,82,7,2,23.49,0
18450,4432.39,21,393,0,2,7.26,0
18451,9263.05,12,2013,0,0,23.45,0
18452,3599.99,21,1199,2,0,38.75,0
18453,2631.94,8,2306,1,0,42.38,0
18454,357.25,23,2798,4,0,15.23,0
18455,3765.36,5,838,1,1,21.37,0
18456,268.02,9,2844,1,1,34.67,0
18457,1205.11,6,1508,0,1,19.33,0
18458,96.55,19,2621,1,0,37.81,0
18459,6343.47,13,2358,2,1,29.36,0
18460,14640.98,16,1343,1,0,55.54,0
18461,1120.93,0,1140,4,0,15.18,0
18462,627.89,10,69,1,2,32.98,0
18463,116.38,20,1373,0,0,37.18,0
18464,938.91,13,1674,1,0,20.24,0
18465,2273.37,22,2362,0,0,0.92,0
18466,2043.83,7,1985,2,1,11.04,0
18467,1384.94,10,1274,2,0,23.5,0
18468,1714.05,1,556,2,1,40.77,1
18469,7053.77,22,1083,2,0,17.1,0
18470,337.32,5,2298,4,0,8.99,0
18471,1023.03,13,296,5,0,55.94,0
18472,11184.3,15,2880,3,0,23.11,0
18473,3544.23,17,2408,0,0,7.2,0
18474,1113.05,5,1357,1,2,6.52,0
18475,6989.52,14,510,6,0,10.87,0
18476,4206.53,9,137,3,1,11.34,0
18477,12999.7,4,1354,0,1,5.87,0
18478,4466.06,1,2796,3,2,36.47,0
18479,3688.53,7,2208,2,0,14.64,0
18480,43.06,10,2891,1,1,2.31,0
18481,4907.75,15,1753,0,1,15.36,0
18482,68.2,23,707,0,0,32.36,0
18483,2411.92,12,1233,1,0,25.75,0
18484,230.91,16,293,1,0,47.69,0
18485,2035.35,20,1685,2,1,21.52,0
18486,3208.21,7,2119,2,0,13.21,0
18487,6678.87,20,1178,2,0,8.92,0
18488,2582.9,18,1002,5,0,52.62,0
18489,4754.35,23,1668,3,1,15.38,0
18490,3355.97,17,213,1,0,16.85,0
18491,9759.77,21,1579,2,0,39.98,0
18492,3668.46,6,1324,3,1,13.7,0
18493,45.74,16,1437,1,1,18.42,0
18494,7198.1,7,78,3,0,3.85,0
18495,1792.82,23,347,2,0,0.68,0
18496,3792.81,0,326,3,0,6.66,0
18497,3348.33,4,1800,2,0,45.69,0
18498,721.17,17,2368,5,0,13.0,0
18499,6417.46,12,2463,4,0,21.22,0
18500,1386.28,10,345,2,0,44.05,0
18501,1381.49,19,2657,0,1,27.35,0
18502,3660.98,6,7,2,0,4.77,1
18503,441.25,9,2633,1,1,30.32,0
18504,2724.32,16,1511,1,0,46.11,0
18505,4381.78,4,2901,0,2,10.32,0
18506,1745.65,15,1883,6,0,27.4,0
18507,3407.56,11,2148,3,2,31.12,0
18508,1380.82,12,1945,3,0,58.12,0
18509,4664.67,1,886,2,0,19.0,1
18510,391.75,12,1342,3,0,24.82,0
18511,3980.81,13,601,0,1,17.13,0
18512,9122.29,1,796,2,0,13.74,0
18513,565.44,23,1731,5,0,25.58,0
18514,542.61,6,1040,2,0,23.24,0
18515,2112.98,9,2786,0,0,27.5,0
18516,3309.17,9,866,2,1,3.0,0
18517,1163.38,20,2438,3,1,3.9,0
18518,1652.48,8,1651,6,1,14.95,0
18519,2921.04,16,2449,4,0,15.09,0
18520,892.04,12,2944,4,0,23.38,0
18521,1457.31,7,953,3,0,26.79,0
18522,6242.46,3,2201,2,1,17.1,0
18523,652.38,2,2762,1,1,22.2,1
18524,203.28,4,804,2,0,19.84,0
18525,11923.2,7,1519,2,1,5.75,0
18526,8019.34,14,2784,3,1,10.65,0
18527,8527.88,13,364,1,1,50.46,0
18528,697.06,15,2925,4,0,32.52,0
18529,4366.94,23,196,3,1,31.64,0
18530,245.62,14,901,7,0,3.72,1
18531,4029.28,3,1829,3,0,24.37,0
18532,394.21,9,1147,4,0,2.61,0
18533,1434.71,11,1889,4,0,15.64,0
18534,2302.61,14,1754,1,2,1.91,0
18535,49.76,5,2766,2,0,7.83,0
18536,2582.69,13,557,3,1,12.69,0
18537,52.1,12,1004,3,0,21.51,0
18538,1881.5,12,1821,4,1,25.49,0
18539,1486.58,17,1283,1,0,7.79,0
18540,590.82,22,169,4,0,24.25,0
18541,1257.56,16,2516,2,0,9.17,0
18542,3712.14,17,2480,1,0,0.2,0
18543,1001.92,15,2032,2,0,8.99,0
18544,1588.16,8,2031,1,1,16.11,0
18545,3561.25,11,2512,0,1,34.48,0
18546,4267.91,8,2803,3,0,28.71,0
18547,5075.06,9,2663,0,0,45.31,0
18548,781.11,7,1169,3,1,25.51,0
18549,274.27,16,2920,2,1,17.01,0
18550,2834.08,10,567,2,2,4.14,0
18551,2544.06,18,1451,3,0,24.99,0
18552,7959.99,6,1828,2,0,9.21,0
18553,13936.25,23,1883,2,0,10.55,0
18554,1644.16,8,113,4,0,32.19,0
18555,2867.13,7,1951,0,0,10.68,0
18556,1676.11,12,1908,1,2,10.11,0
18557,3677.69,13,2284,0,1,31.71,0
18558,3870.35,15,1153,0,1,32.64,0
18559,1374.49,0,1087,1,0,14.9,0
18560,5233.31,4,93,0,1,8.95,0
18561,966.69,15,1726,1,0,40.45,0
18562,10572.68,14,1453,1,1,23.02,0
18563,4183.08,2,1263,2,0,7.88,0
18564,5453.64,19,1824,2,0,14.15,0
18565,130.85,11,819,2,0,18.12,0
18566,1769.33,9,362,3,0,20.59,0
18567,1641.3,2,1299,3,1,15.87,0
18568,10109.33,15,851,2,0,28.01,0
18569,6334.75,20,852,6,1,32.24,0
18570,357.35,1,2548,2,1,48.61,0
18571,6043.75,18,239,7,0,2.11,0
18572,1625.61,1,2636,2,0,9.86,0
18573,6372.7,22,191,2,0,37.58,0
18574,80.7,18,1138,2,2,30.16,0
18575,1226.36,23,138,3,0,19.46,0
18576,2966.76,13,1527,0,1,0.75,0
18577,997.45,12,1463,0,0,13.67,0
18578,3858.3,23,2074,2,0,35.34,0
18579,1229.63,4,992,1,0,28.47,0
18580,6135.83,23,1190,2,0,29.79,0
18581,2461.03,23,1079,4,2,2.11,0
18582,6528.49,10,1001,2,1,15.64,0
18583,2879.12,16,1367,0,0,49.47,0
18584,8794.59,20,2692,1,0,29.12,0
18585,3425.46,13,1497,1,0,15.39,0
18586,9196.91,7,1401,4,0,8.22,0
18587,653.84,5,821,1,1,20.58,0
18588,1149.1,21,534,2,2,2.86,0
18589,4246.86,13,1761,1,0,36.6,0
18590,545.31,1,2586,3,0,14.82,0
18591,8256.55,21,2749,3,0,8.94,0
18592,5272.22,0,151,7,1,11.12,0
18593,357.27,8,1911,3,1,16.73,0
18594,2403.57,0,2338,3,0,11.39,0
18595,5713.3,23,323,0,0,20.55,0
18596,1037.16,2,246,3,1,2.15,0
18597,1612.58,23,1006,1,1,26.98,0
18598,2708.8,9,2396,0,2,15.97,0
18599,11052.68,21,1482,3,0,9.91,0
18600,1250.73,13,319,1,1,49.42,0
18601,2091.71,2,2458,3,0,0.15,0
18602,6600.1,22,2449,3,0,22.0,0
18603,3279.05,16,2326,1,1,45.05,0
18604,1215.25,18,1635,4,0,35.7,0
18605,1078.38,10,330,3,0,39.21,0
18606,529.52,2,2244,3,0,20.18,0
18607,1075.64,3,2797,2,1,21.47,1
18608,1446.45,10,2058,1,0,20.58,0
18609,3413.29,6,1835,2,1,11.56,0
18610,5413.73,8,1646,2,0,41.02,0
18611,2501.51,13,314,2,1,31.41,0
18612,5276.8,9,2991,1,1,45.11,0
18613,581.61,9,1927,0,0,12.11,0
18614,3412.01,14,1742,6,0,20.68,0
18615,189.22,2,2092,1,0,12.29,0
18616,221.2,20,2654,0,0,4.63,0
18617,132.58,13,2094,4,0,29.97,0
18618,2456.44,15,2740,0,1,71.11,0
18619,1944.65,0,1150,3,0,30.47,0
18620,4636.23,23,1891,0,2,34.54,0
18621,4334.71,23,2391,1,1,12.2,0
18622,214.2,13,1638,1,2,19.75,0
18623,118.41,21,2667,1,0,23.97,0
18624,930.75,12,2243,1,0,25.74,0
18625,2150.46,4,2901,0,2,20.2,0
18626,976.38,19,65,2,2,18.32,0
18627,1970.76,23,1528,5,0,12.56,0
18628,5863.51,22,546,1,2,9.5,0
18629,3083.65,11,1656,3,1,47.92,0
18630,2430.74,10,2460,1,0,30.12,0
18631,320.94,18,1536,3,1,13.33,0
18632,1658.1,0,2158,4,1,39.07,0
18633,1851.07,20,2535,1,0,30.55,0
18634,1950.57,2,1132,1,0,50.82,0
18635,5969.03,22,673,3,1,34.75,0
18636,364.26,22,954,1,0,13.93,0
18637,939.54,22,949,0,0,12.76,0
18638,1632.8,0,2991,3,0,28.1,1
18639,525.74,5,2353,3,0,22.25,0
18640,2221.88,22,762,1,0,0.67,0
18641,5897.83,15,1732,2,0,6.04,0
18642,333.57,9,72,0,2,17.85,0
18643,6514.32,10,1140,2,0,26.31,0
18644,3623.05,15,2787,1,1,38.93,0
18645,70.8,7,2553,2,1,12.51,0
18646,3437.44,17,1730,1,1,32.52,0
18647,3967.43,5,638,3,0,15.15,0
18648,2700.45,2,1038,3,1,19.9,0
18649,4574.23,1,1453,4,0,50.37,0
18650,3364.97,2,886,1,0,17.52,0
18651,1628.26,2,2179,3,1,2.32,0
18652,3457.28,12,1541,3,0,52.8,1
18653,518.73,1,1263,2,0,24.5,0
18654,5462.82,15,1260,1,1,5.81,0
18655,8488.34,14,998,4,0,15.01,0
18656,4244.87,6,2261,1,0,16.16,0
18657,825.3,18,370,5,0,18.87,0
18658,480.62,8,1859,2,0,6.54,0
18659,1087.01,23,2050,2,0,30.58,0
18660,712.59,10,687,3,0,2.0,0
18661,5338.94,8,1865,1,1,34.85,0
18662,3274.65,9,1239,3,0,42.9,0
18663,8309.14,4,11,0,0,12.01,0
18664,1169.96,6,1341,3,0,33.96,0
18665,5720.75,19,1076,4,0,10.43,0
18666,537.04,9,423,3,1,17.25,0
18667,4985.36,0,2754,3,1,2.32,0
18668,1105.76,5,2958,0,0,30.28,0
18669,75.18,7,2067,0,0,23.25,0
18670,258.03,15,2643,0,1,1.82,0
18671,172.61,7,1464,3,0,26.65,0
18672,4425.61,2,2201,4,0,28.06,0
18673,552.69,23,2794,2,0,8.64,0
18674,1043.3,22,1665,3,1,38.58,0
18675,4801.41,13,1271,2,0,20.46,0
18676,631.99,15,1963,0,0,16.87,0
18677,6917.0,9,392,2,0,25.0,0
18678,1742.36,6,370,3,1,16.68,0
18679,221.0,6,1502,2,1,5.17,0
18680,3690.52,2,2071,1,1,51.66,0
18681,1918.93,21,770,0,1,21.23,0
18682,8397.09,0,579,4,0,0.45,0
18683,1330.18,11,2106,7,2,16.84,0
18684,3634.82,11,802,2,0,21.16,0
18685,1527.17,8,1714,3,0,44.14,0
18686,2879.9,10,2190,3,1,27.78,0
18687,4774.81,2,1431,3,0,23.21,0
18688,4888.62,6,2548,1,0,22.44,0
18689,946.23,16,2204,0,0,2.38,0
18690,1994.43,11,2613,0,0,6.89,0
18691,7059.15,5,2842,2,1,20.77,0
18692,1480.23,3,2003,2,0,24.31,0
18693,3505.4,17,2468,4,0,10.95,0
18694,3946.58,10,1408,2,1,33.06,0
18695,2393.36,19,2540,3,1,5.49,1
18696,9573.82,1,2365,0,0,35.56,0
18697,6765.89,16,1244,1,0,15.17,0
18698,2968.78,22,2775,1,1,18.9,0
18699,4056.69,2,700,1,0,44.49,1
18700,1305.43,17,1537,3,0,1.75,0
18701,995.16,10,1479,1,2,20.99,0
18702,7964.97,16,454,0,0,0.07,0
18703,5343.05,12,1888,2,1,21.54,0
18704,1174.17,11,2543,2,1,17.07,0
18705,6717.33,5,882,4,0,53.55,0
18706,5175.37,17,842,1,0,16.57,0
18707,216.64,3,2407,2,1,3.23,0
18708,196.76,7,1275,4,0,20.28,0
18709,192.82,17,2343,2,0,4.15,0
18710,487.97,2,2244,3,0,29.9,0
18711,1515.3,22,169,0,0,51.71,0
18712,507.02,23,228,1,0,10.4,0
18713,2011.93,6,2183,1,1,34.89,0
18714,2889.98,2,1058,4,0,19.21,0
18715,1181.29,12,775,2,0,39.07,0
18716,2489.18,8,521,1,0,20.18,0
18717,691.48,22,2486,0,0,31.69,0
18718,1874.15,5,1277,2,0,51.93,0
18719,2214.78,5,422,1,1,15.51,0
18720,878.82,22,2492,6,0,38.53,0
18721,7988.51,11,2353,3,0,20.16,0
18722,2399.25,14,992,4,1,38.52,0
18723,5515.46,1,2407,3,0,14.41,1
18724,1968.33,23,417,2,0,52.86,0
18725,4250.23,5,260,2,0,10.64,0
18726,4688.22,16,1288,2,0,18.27,0
18727,1966.09,4,1935,2,1,9.3,0
18728,5937.7,6,1210,3,1,12.42,0
18729,5504.28,2,357,0,1,51.25,0
18730,2946.98,9,2965,3,1,19.23,1
18731,8768.04,12,361,1,0,18.88,0
18732,128.03,6,1022,0,0,9.44,0
18733,16391.9,2,1362,3,0,7.99,1
18734,926.27,20,1460,0,0,19.68,0
18735,1878.2,11,802,0,0,41.26,0
18736,315.8,1,258,0,0,15.37,0
18737,1388.54,10,916,1,1,30.96,0
18738,8893.23,1,778,3,1,38.96,0
18739,2864.64,1,1259,5,0,1.04,0
18740,940.49,9,43,3,0,3.01,0
18741,2331.09,14,1807,0,1,8.49,0
18742,2383.42,17,361,1,0,15.85,0
18743,6394.57,21,2918,4,1,24.64,0
18744,777.93,3,195,3,0,54.95,0
18745,1145.4,19,1669,4,0,34.08,0
18746,3376.48,11,2515,2,0,28.49,0
18747,10391.6,17,1242,0,0,40.2,0
18748,1093.6,21,1282,2,0,23.86,0
18749,658.97,10,1871,0,1,7.59,0
18750,3341.69,13,2900,1,1,6.41,0
18751,239.95,13,973,2,0,31.06,0
18752,5460.72,23,1252,2,0,25.15,0
18753,1431.85,10,1244,1,0,27.82,0
18754,899.38,3,2288,1,0,18.27,0
18755,4799.51,23,753,1,0,9.02,0
18756,6202.71,19,2421,3,0,21.42,0
18757,1859.95,3,580,3,0,17.24,0
18758,2496.55,13,2515,3,1,0.84,0
18759,1781.42,19,1094,1,0,28.59,0
18760,5360.61,10,626,1,0,3.48,0
18761,5004.58,1,1708,2,1,49.87,0
18762,204.78,9,2804,1,1,47.59,0
18763,2946.63,2,2532,0,2,18.92,0
18764,178.0,23,422,1,0,33.68,0
18765,1410.18,0,1718,1,1,52.79,0
18766,2675.65,3,2846,3,0,12.64,0
18767,280.45,23,1567,3,1,5.37,0
18768,1400.13,20,1559,0,0,21.93,0
18769,7811.81,22,2523,3,1,6.34,0
18770,633.86,2,71,2,0,10.74,0
18771,6788.02,1,2877,1,2,24.57,1
18772,1037.83,23,2157,2,0,37.28,0
18773,2443.69,20,543,1,1,8.76,0
18774,1916.14,5,2721,2,0,19.57,0
18775,4245.17,8,549,3,0,12.18,0
18776,4687.56,23,506,3,1,46.66,0
18777,9553.79,12,2194,0,0,3.15,0
18778,2803.22,4,1710,1,0,21.59,0
18779,141.92,16,516,1,0,40.2,0
18780,7833.87,4,2815,5,1,15.69,0
18781,3808.98,2,2593,1,3,30.46,0
18782,7516.82,15,1458,2,0,6.08,0
18783,3861.66,20,1648,0,0,7.86,0
18784,1319.92,5,2664,4,1,12.26,0
18785,672.84,12,2533,4,0,35.68,0
18786,3655.76,18,1563,1,0,10.51,0
18787,6512.04,4,125,2,0,15.46,0
18788,7199.71,16,793,4,0,9.54,0
18789,1424.33,20,1110,1,1,1.83,0
18790,6027.94,15,2347,1,0,7.47,0
18791,438.19,22,354,1,0,9.8,0
18792,1409.03,23,16,3,1,10.42,0
18793,6988.44,0,1415,3,0,2.45,0
18794,9244.21,18,944,0,0,10.31,0
18795,1175.46,4,2712,5,0,48.82,0
18796,5929.66,20,2595,3,1,17.97,0
18797,1717.0,20,1441,2,2,1.13,0
18798,4006.78,15,531,1,1,43.61,0
18799,6690.76,4,2258,1,0,4.25,0
18800,3563.99,20,1868,1,0,22.58,0
18801,3273.79,1,2882,3,1,26.73,0
18802,11008.93,6,647,1,1,28.89,0
18803,2431.95,4,125,1,0,8.46,0
18804,2087.94,1,2644,1,0,8.54,0
18805,294.59,21,1898,2,0,27.18,0
18806,597.25,8,2290,2,2,4.05,0
18807,2362.42,10,2522,1,0,31.57,0
18808,1243.95,15,528,4,0,28.13,0
18809,3274.64,8,784,2,0,11.05,0
18810,921.06,17,1897,2,0,27.35,0
18811,3944.1,3,593,1,1,19.23,1
18812,394.17,19,1433,2,0,36.27,0
18813,10409.77,2,1210,2,0,7.91,0
18814,77.27,10,763,2,2,41.91,0
18815,1766.84,22,184,0,1,18.36,0
18816,3184.55,10,2773,0,1,25.09,0
18817,5253.61,16,2632,2,0,10.23,0
18818,6539.21,0,2894,3,1,5.45,0
18819,8212.11,4,2588,2,1,25.35,0
18820,1494.73,16,1637,1,1,2.45,0
18821,1722.69,0,1557,2,0,42.72,0
18822,593.47,1,1180,0,0,28.6,0
18823,3789.6,17,118,0,3,11.4,0
18824,968.05,5,746,1,0,16.84,0
18825,2895.5,8,53,1,0,14.09,0
18826,3936.05,13,1469,3,0,3.77,0
18827,2095.38,9,1955,2,2,6.63,0
18828,1252.0,8,1848,1,2,9.11,0
18829,1984.05,12,2837,3,1,15.27,0
18830,5981.46,19,1398,3,0,31.03,0
18831,2404.05,1,2941,1,1,39.99,0
18832,444.15,18,96,2,0,25.61,0
18833,2325.81,8,342,3,0,1.08,0
18834,6023.16,20,2059,6,0,32.91,0
18835,1203.73,23,2394,3,1,28.2,0
18836,3273.5,16,1354,4,1,7.64,0
18837,5283.14,13,1607,3,0,37.26,0
18838,5606.23,22,1064,1,0,39.67,0
18839,2674.32,6,145,2,0,16.91,0
18840,3853.39,3,1594,3,0,9.02,0
18841,2557.21,10,2569,3,1,17.22,0
18842,6990.19,11,1768,0,0,12.13,0
18843,2327.9,4,904,4,0,31.51,0
18844,817.15,16,2290,2,1,1.73,0
18845,987.39,15,2175,2,1,7.47,0
18846,2488.47,16,2091,2,0,5.34,0
18847,5367.17,14,2982,3,0,24.03,0
18848,4354.82,12,1424,4,0,4.3,0
18849,3673.35,13,2856,5,0,22.3,0
18850,2584.14,19,2554,4,1,33.47,0
18851,1975.2,7,304,3,3,33.43,0
18852,3311.18,6,1595,3,2,28.8,0
18853,4446.72,21,215,1,1,1.09,0
18854,2697.39,13,2651,1,1,16.21,0
18855,7791.18,4,566,2,0,67.2,0
18856,5360.11,18,95,4,0,9.36,0
18857,2682.8,2,401,2,1,52.73,0
18858,2282.77,23,793,5,1,23.87,0
18859,5059.34,17,1566,3,1,21.03,0
18860,826.2,0,1145,2,1,44.88,0
18861,1219.03,15,2414,3,0,8.86,0
18862,3807.5,8,2726,0,0,16.94,0
18863,276.0,14,327,0,0,66.46,0
18864,3131.19,18,2521,1,0,10.08,0
18865,3163.82,0,878,4,3,32.8,1
18866,2575.52,16,69,1,0,22.85,0
18867,5685.04,6,1349,1,0,26.54,0
18868,549.09,3,2954,1,0,3.68,0
18869,4478.21,23,1051,0,1,10.06,0
18870,1451.24,16,2404,5,0,20.43,0
18871,2402.19,10,2990,3,0,16.96,0
18872,5185.41,7,2295,3,0,4.18,0
18873,2004.34,5,2942,2,0,5.36,0
18874,667.8,18,1188,3,0,6.08,0
18875,1.32,9,301,3,1,23.38,0
18876,236.42,18,2914,0,1,32.79,0
18877,916.03,3,1064,3,0,4.28,0
18878,338.08,14,2308,1,0,4.86,0
18879,131.65,23,196,3,0,32.88,0
18880,2007.28,11,956,1,0,8.45,0
18881,4535.57,9,1805,0,2,16.39,0
18882,18075.82,4,2298,5,1,6.62,0
18883,3214.29,7,2411,2,0,64.03,0
18884,1498.41,11,381,4,0,9.51,0
18885,1038.04,23,1675,2,0,17.91,0
18886,829.38,15,881,3,1,24.62,0
18887,3793.53,20,231,3,1,47.58,0
18888,7196.69,18,1358,1,1,60.55,0
18889,21263.91,23,906,2,0,20.07,0
18890,9943.89,4,2694,1,1,8.59,0
18891,5569.52,23,1614,2,0,27.92,0
18892,3880.62,15,33,1,0,14.61,0
18893,1570.01,17,1048,5,0,27.68,0
18894,7389.64,16,2118,0,0,41.62,0
18895,329.67,12,2568,1,1,40.62,0
18896,4924.02,16,1696,1,0,30.46,0
18897,4589.46,10,1557,0,1,0.37,0
18898,1270.29,22,2707,0,1,35.69,0
18899,4382.17,4,2429,0,1,32.36,0
18900,5307.69,5,1506,3,0,24.65,0
18901,91.85,21,2714,2,0,5.51,0
18902,1312.2,17,2718,1,0,12.99,0
18903,7934.44,5,651,4,1,39.8,0
18904,39.45,16,675,1,0,28.43,0
18905,3409.54,22,2198,1,0,40.71,0
18906,5802.15,0,454,4,0,9.27,0
18907,690.13,16,895,1,0,45.72,0
18908,5474.47,4,1006,2,0,5.24,0
18909,393.13,11,859,4,2,5.49,0
18910,858.11,1,1790,4,0,21.88,0
18911,2645.84,16,2107,1,0,43.01,0
18912,3802.33,10,1750,2,1,10.35,0
18913,468.82,17,2980,0,0,19.07,0
18914,1913.49,9,2792,3,0,7.71,0
18915,917.65,13,1987,3,0,23.06,0
18916,2897.0,13,2618,2,0,2.75,0
18917,399.58,15,2058,3,0,17.02,0
18918,979.61,0,2502,1,0,10.1,0
18919,916.87,12,1141,1,1,29.63,0
18920,10572.2,10,2260,3,1,34.73,0
18921,5648.24,7,1965,0,0,0.79,0
18922,1350.03,8,1150,2,0,26.39,0
18923,2925.64,18,1334,3,1,36.55,0
18924,8684.55,18,1946,4,1,17.93,0
18925,11547.67,10,601,0,1,10.38,0
18926,1529.26,2,947,3,0,8.71,0
18927,852.28,11,2606,1,1,2.74,0
18928,7534.06,6,333,4,0,28.05,0
18929,3306.6,15,1321,3,0,11.96,0
18930,6764.79,11,2801,0,1,3.57,0
18931,494.9,22,1351,5,0,26.75,0
18932,4721.34,19,2575,5,2,3.38,0
18933,998.37,5,2061,2,0,34.07,0
18934,1782.21,22,2551,6,2,16.31,0
18935,2131.81,15,1125,1,0,0.31,0
18936,1566.17,17,2903,4,0,3.3,0
18937,2109.01,14,1133,3,1,40.57,0
18938,694.16,2,2810,4,0,27.28,0
18939,786.79,2,2891,2,0,4.42,0
18940,2710.3,20,1193,5,1,15.16,0
18941,939.63,16,1581,1,0,42.96,0
18942,4141.16,21,641,2,0,3.08,0
18943,1568.24,13,1818,3,1,18.77,0
18944,4800.69,10,493,4,0,33.79,0
18945,7341.06,23,2671,0,0,14.39,0
18946,2424.29,3,2528,1,0,29.74,0
18947,6891.91,19,2020,3,1,28.49,0
18948,8633.23,13,1054,1,0,29.43,0
18949,2014.23,10,918,2,2,0.47,0
18950,8674.57,8,2512,2,0,2.83,0
18951,5126.25,13,1457,2,0,5.0,0
18952,1006.61,10,295,4,0,21.36,0
18953,9980.17,11,2627,2,0,5.07,0
18954,43.13,13,1273,1,1,4.19,0
18955,4290.28,3,2505,1,1,13.58,1
18956,4206.89,12,1805,0,0,31.12,0
18957,790.02,16,2453,3,1,2.54,0
18958,8388.84,13,974,2,0,35.84,0
18959,8506.74,23,33,2,0,35.04,0
18960,8362.48,1,2318,1,0,3.73,0
18961,1317.55,6,1438,3,0,58.87,0
18962,2553.32,23,2066,2,0,34.51,0
18963,3512.24,5,250,1,0,40.28,0
18964,1417.46,3,1623,2,1,12.1,0
18965,13834.79,6,155,5,1,15.55,0
18966,369.1,2,1341,5,1,7.5,0
18967,4684.3,18,1948,2,1,48.06,0
18968,4279.19,20,2619,0,1,32.81,0
18969,3215.02,4,707,0,0,8.14,1
18970,2911.39,8,593,1,0,4.48,0
18971,341.43,4,2148,1,2,33.46,0
18972,1410.53,8,2218,0,0,12.36,0
18973,2734.1,23,881,0,0,48.65,0
18974,2632.14,9,2715,4,0,8.0,0
18975,4064.3,19,686,2,0,15.81,0
18976,1330.77,15,1563,1,0,8.59,0
18977,2476.36,13,2267,2,1,42.03,0
18978,551.96,1,2326,2,0,1.44,1
18979,18.05,20,2130,3,0,44.44,0
18980,15872.75,8,1786,0,0,24.64,0
18981,1258.62,20,2844,2,0,65.74,0
18982,8025.47,1,340,0,0,13.77,0
18983,826.47,20,2074,5,0,24.91,0
18984,8267.61,1,1125,4,0,27.23,0
18985,6811.92,0,836,1,0,7.76,0
18986,1488.26,6,1229,2,0,6.94,0
18987,4767.21,17,21,0,0,6.63,0
18988,2681.45,2,1367,0,3,27.09,0
18989,415.7,7,1797,3,0,3.1,0
18990,1167.91,23,992,0,1,10.42,0
18991,2034.74,11,2159,3,0,11.89,0
18992,1804.05,12,1640,3,0,6.92,0
18993,550.56,23,1991,4,0,7.47,0
18994,12361.28,3,1417,2,0,6.08,0
18995,155.16,10,1070,4,1,5.48,0
18996,3125.58,8,1708,3,0,1.33,0
18997,1429.93,0,1414,2,0,8.59,0
18998,3553.02,7,2400,4,0,13.9,0
18999,938.01,4,1610,2,1,25.41,0
19000,270.01,1,2520,3,1,34.72,0
19001,2096.84,13,1985,3,1,14.94,0
19002,3278.1,8,1651,1,0,40.27,0
19003,9769.67,20,2870,3,0,6.52,0
19004,1574.6,4,2031,4,0,27.12,0
19005,3812.02,4,197,1,1,42.7,0
19006,8757.06,20,1363,2,0,14.54,0
19007,4098.58,23,845,2,0,23.59,0
19008,4663.31,12,2854,1,0,1.41,1
19009,680.72,9,2557,1,1,58.24,0
19010,795.99,18,258,3,0,23.59,0
19011,96.35,3,2455,4,0,17.51,0
19012,477.23,22,628,4,0,11.52,0
19013,1287.01,22,2174,4,1,8.82,1
19014,1242.47,11,1675,3,1,9.97,0
19015,1824.08,14,2567,3,0,10.05,0
19016,3081.89,21,629,4,1,29.53,0
19017,4090.75,16,1493,3,1,0.61,0
19018,3100.22,23,175,3,1,4.37,0
19019,1272.41,5,351,3,1,23.18,0
19020,2810.27,11,1315,4,0,10.21,0
19021,1766.53,23,2659,2,4,7.63,0
19022,907.7,21,891,1,1,2.78,0
19023,6754.51,17,1008,1,0,19.63,0
19024,301.83,0,2759,1,1,52.6,0
19025,638.17,15,1860,1,0,7.23,0
19026,10566.86,10,1311,1,1,1.28,0
19027,9676.18,17,569,1,1,42.34,0
19028,2205.0,2,651,4,0,34.9,0
19029,302.37,12,748,2,0,14.35,0
19030,2428.94,13,1065,0,1,15.66,0
19031,2364.58,6,2488,2,1,32.16,0
19032,3328.45,11,1629,1,0,23.35,0
19033,4131.28,15,2627,1,0,12.97,0
19034,12506.04,16,1094,3,2,9.04,0
19035,835.69,9,1620,1,0,0.63,0
19036,4917.79,0,1827,4,0,8.33,0
19037,849.06,17,2497,0,0,38.71,0
19038,2963.3,0,1969,3,1,22.58,0
19039,2236.23,10,337,1,1,35.39,0
19040,2976.03,21,2305,3,0,24.64,0
19041,2760.52,22,2333,1,1,15.66,0
19042,11238.33,3,2487,2,0,52.66,0
19043,5693.77,16,265,2,0,21.52,0
19044,327.77,14,1980,1,0,13.16,0
19045,1433.36,11,1517,2,1,29.54,0
19046,8103.53,2,628,1,1,13.38,1
19047,789.52,18,2776,4,0,15.32,0
19048,1452.2,22,1136,0,1,48.53,0
19049,2386.05,9,394,2,0,38.99,0
19050,992.81,9,2475,3,0,22.27,0
19051,1737.22,5,1389,2,0,9.77,0
19052,473.08,6,2754,4,1,10.27,0
19053,200.77,3,1760,3,1,6.57,1
19054,1287.91,8,2540,2,1,22.43,0
19055,3942.12,17,729,1,0,16.58,0
19056,4152.98,16,2757,3,0,50.73,0
19057,9541.69,7,2120,1,0,33.75,0
19058,4429.06,20,1378,3,2,15.07,0
19059,5436.17,21,2337,2,2,22.04,0
19060,976.2,15,1115,4,0,0.17,0
19061,519.6,14,1823,1,2,36.82,1
19062,1116.24,13,1436,1,0,80.82,0
19063,3552.07,12,1308,2,0,13.51,0
19064,169.86,18,151,2,0,57.04,0
19065,5427.72,15,77,1,0,12.16,1
19066,9258.79,11,1336,2,1,35.46,0
19067,7230.17,9,2971,3,0,7.81,0
19068,3492.66,19,1079,2,1,1.31,0
19069,5662.98,20,2902,3,0,8.21,0
19070,40.53,6,2616,2,0,9.7,0
19071,1845.97,9,912,2,1,20.84,0
19072,299.07,13,2200,3,0,19.19,0
19073,1246.29,15,2693,1,0,11.9,0
19074,111.23,15,418,2,0,26.35,0
19075,3929.06,10,1682,1,0,7.21,0
19076,3298.82,18,716,0,1,34.97,0
19077,1844.06,4,2974,2,0,14.75,0
19078,1378.89,0,2385,2,0,37.16,0
19079,1480.01,8,2509,2,1,27.59,0
19080,2623.58,1,1995,3,0,69.0,0
19081,25.37,12,2843,3,1,25.91,0
19082,8695.62,7,1223,5,0,17.21,0
19083,308.24,3,1417,4,0,27.25,0
19084,1172.65,6,1475,2,0,19.57,0
19085,251.91,18,1900,2,0,7.01,0
19086,1568.64,14,512,1,2,15.25,0
19087,1724.83,1,2720,3,1,18.29,0
19088,521.72,1,450,2,0,8.17,0
19089,724.31,3,1365,3,0,22.44,0
19090,2937.44,20,1034,4,1,19.03,0
19091,734.68,14,1864,1,0,54.31,0
19092,6231.22,7,1179,2,1,7.13,0
19093,3379.98,19,1077,5,1,30.59,0
19094,2410.12,7,2717,2,3,9.34,0
19095,1183.66,2,2701,0,1,9.6,0
19096,33.9,8,2844,3,1,7.14,0
19097,1195.29,17,1982,3,1,1.03,0
19098,3717.32,4,709,4,0,20.74,0
19099,4316.51,11,1497,2,0,1.02,0
19100,12045.33,14,2050,1,0,10.76,0
19101,1911.45,10,1644,2,0,21.09,0
19102,1183.22,8,426,0,0,31.02,0
19103,5147.86,7,1404,1,0,11.88,0
19104,11033.33,8,2655,3,0,7.21,0
19105,5571.85,23,2597,2,0,25.54,0
19106,3850.21,15,1266,2,2,10.84,0
19107,11306.3,3,1612,0,1,17.91,0
19108,4653.18,17,1347,1,0,20.08,0
19109,36.48,20,1533,4,0,17.77,0
19110,1911.05,14,877,2,0,3.6,0
19111,2614.76,19,2725,1,1,17.63,0
19112,2630.46,10,622,2,2,24.77,0
19113,4797.16,7,593,5,1,17.22,0
19114,1093.58,17,1503,0,1,36.17,0
19115,1079.54,11,1432,4,1,10.43,0
19116,9212.38,17,73,2,2,1.57,0
19117,2082.09,21,2385,4,0,19.59,0
19118,5861.88,11,1991,4,0,10.6,0
19119,4159.48,23,2449,2,2,19.37,0
19120,3438.63,9,1999,1,0,19.99,0
19121,4692.48,11,2055,3,1,14.8,1
19122,2394.78,3,2678,1,1,14.09,0
19123,8338.91,13,1649,3,0,13.2,0
19124,944.05,1,637,3,1,13.13,0
19125,3547.14,16,1076,4,0,23.85,0
19126,521.78,20,2623,2,0,37.5,0
19127,1050.71,3,793,4,1,3.25,0
19128,5131.1,13,687,2,0,24.69,0
19129,1190.85,7,875,1,1,17.77,0
19130,891.62,23,2684,2,0,7.92,0
19131,65.01,20,1237,1,0,40.17,0
19132,2638.95,14,8,3,0,31.72,0
19133,9101.01,9,75,2,0,13.61,0
19134,13501.45,14,417,2,1,22.61,0
19135,4913.99,8,1641,2,1,7.49,0
19136,2698.12,18,1822,3,0,26.65,0
19137,2013.68,20,2935,3,0,12.61,0
19138,5387.77,3,1043,3,0,77.41,0
19139,3784.9,23,2019,4,0,9.46,0
19140,931.07,21,2417,0,0,7.37,0
19141,1962.55,15,2951,2,0,47.76,0
19142,708.16,22,1006,0,0,15.43,0
19143,2145.63,9,510,4,1,48.35,0
19144,2650.26,17,1431,0,0,12.45,0
19145,12186.58,22,1309,2,1,27.69,0
19146,425.37,18,1393,1,1,22.86,0
19147,1904.1,1,2123,2,0,3.43,0
19148,1281.16,22,888,3,0,30.58,0
19149,8676.06,15,1161,6,1,29.45,0
19150,1337.52,11,2925,1,0,35.97,0
19151,986.36,12,152,2,1,13.06,0
19152,3733.62,3,1891,1,0,18.16,0
19153,1258.54,0,783,2,1,55.39,0
19154,1258.65,19,1591,2,0,18.77,0
19155,4236.24,3,80,2,1,1.0,0
19156,3815.38,2,1885,2,1,38.61,0
19157,8450.09,11,2523,1,1,21.05,0
19158,2012.44,21,128,3,0,5.64,0
19159,2151.28,21,162,0,0,21.55,0
19160,206.44,3,1796,3,0,1.59,0
19161,1452.33,23,145,2,1,42.41,0
19162,6097.61,12,1885,5,2,17.04,0
19163,6056.87,18,2647,3,0,21.12,0
19164,517.02,8,2354,2,0,39.29,0
19165,946.95,1,2003,0,0,4.88,0
19166,1186.18,17,1772,2,1,7.82,0
19167,1151.18,22,2447,2,0,35.19,0
19168,616.16,5,2167,4,0,3.36,0
19169,1078.18,10,1286,1,0,3.52,0
19170,1327.9,21,401,3,1,8.27,0
19171,1508.24,12,2883,2,2,3.54,0
19172,173.49,4,450,4,1,23.86,0
19173,3651.93,23,1496,1,1,15.86,0
19174,6517.61,18,969,2,0,38.74,0
19175,2798.18,21,2252,2,0,47.08,0
19176,3276.58,18,1738,2,1,12.94,0
19177,4324.23,14,1646,0,0,44.04,0
19178,697.5,21,1024,0,0,35.24,0
19179,362.19,11,811,1,2,28.25,0
19180,2764.06,13,1994,3,2,19.97,0
19181,87.51,7,1508,4,0,18.54,0
19182,4520.91,21,1459,0,0,23.44,0
19183,210.09,22,2160,0,1,20.25,0
19184,1381.36,19,1670,1,0,13.36,0
19185,3285.37,1,2004,1,2,47.08,0
19186,2510.38,1,1862,1,2,3.04,0
19187,1486.62,4,545,1,0,8.34,0
19188,1468.56,17,2206,3,0,0.42,0
19189,8044.13,6,1107,2,0,19.46,0
19190,11388.18,2,876,1,0,40.75,0
19191,1922.69,7,1415,1,0,2.05,0
19192,5334.13,3,795,1,0,6.06,1
19193,442.73,19,30,0,1,22.09,0
19194,2062.72,2,1115,1,2,52.16,0
19195,520.54,6,194,3,0,12.85,0
19196,431.31,19,1918,1,0,0.59,0
19197,2586.19,9,676,3,0,28.05,0
19198,243.68,15,2602,3,0,28.84,0
19199,482.14,9,2517,1,0,40.15,0
19200,1043.79,7,1771,2,0,11.11,0
19201,4170.78,12,2755,2,0,23.43,0
19202,4487.45,7,1285,1,0,37.82,0
19203,678.82,15,2918,3,1,14.6,0
19204,2326.79,23,2326,2,2,1.37,0
19205,1506.71,13,1809,3,0,21.77,0
19206,3216.88,2,2845,3,0,8.2,0
19207,3885.78,8,2131,2,1,24.71,0
19208,6985.91,0,803,0,0,36.15,0
19209,3821.67,22,2735,1,1,24.07,0
19210,2613.69,0,2721,2,0,28.02,0
19211,2711.96,1,1869,2,0,19.07,0
19212,3195.75,21,2953,3,0,2.77,0
19213,3324.94,7,1492,3,1,3.91,0
19214,30.84,20,1790,4,1,10.95,0
19215,5004.36,11,2297,1,0,22.92,0
19216,5664.61,4,1597,5,1,20.8,0
19217,9294.11,0,2104,1,0,26.71,0
19218,185.4,5,1404,2,0,21.9,0
19219,506.14,5,2742,2,0,45.58,0
19220,5201.02,13,972,4,0,38.01,0
19221,3834.41,23,1929,4,0,15.13,0
19222,7100.83,18,1084,1,0,23.87,0
19223,1934.39,22,280,3,0,17.98,0
19224,2929.59,4,2075,3,1,2.76,0
19225,523.01,16,1599,1,0,35.14,0
19226,3.1,13,2390,2,0,46.76,0
19227,9621.5,3,363,4,1,1.63,0
19228,5146.31,4,2754,3,0,13.64,0
19229,1887.26,4,804,3,0,29.33,0
19230,4363.66,5,310,2,0,39.26,0
19231,537.83,8,2567,5,1,63.43,0
19232,716.22,21,682,4,0,8.64,0
19233,3991.19,10,652,1,0,29.52,0
19234,892.07,12,339,1,0,21.05,0
19235,454.25,3,2399,2,0,31.09,0
19236,536.97,15,2630,3,1,7.23,0
19237,2406.08,17,2325,1,2,22.77,0
19238,3116.97,4,1365,5,0,23.71,0
19239,5835.21,19,1254,5,0,16.71,0
19240,7720.56,12,1305,2,0,9.33,0
19241,2216.05,14,1082,3,0,1.32,0
19242,5808.84,20,2577,2,0,9.42,0
19243,505.6,8,1547,2,0,29.82,0
19244,629.16,11,2868,2,1,1.19,0
19245,3636.84,6,741,2,1,26.24,0
19246,3820.66,11,2812,1,0,43.34,0
19247,884.04,10,1148,3,0,10.79,0
19248,777.03,9,313,1,0,0.17,0
19249,2568.49,3,2134,2,1,49.08,0
19250,49.95,3,2817,2,0,21.32,0
19251,925.75,17,2727,5,0,22.58,0
19252,4572.39,22,1404,3,1,18.89,0
19253,4159.43,2,876,2,2,14.55,0
19254,3398.45,12,1844,2,0,20.44,0
19255,7230.26,6,2094,5,1,32.45,0
19256,7639.22,0,2815,0,0,13.0,0
19257,1067.73,10,592,0,0,50.11,0
19258,5234.33,1,845,1,0,34.61,0
19259,4379.56,17,2655,2,0,2.89,0
19260,2809.26,20,2212,1,1,21.23,0
19261,964.95,3,2827,4,0,47.01,0
19262,15396.68,18,887,0,0,31.52,0
19263,465.78,14,2959,5,0,21.46,0
19264,2228.09,13,2102,3,3,25.26,1
19265,474.88,9,409,2,0,32.49,0
19266,13.98,17,1145,0,0,27.17,0
19267,3789.18,15,329,2,0,36.85,0
19268,546.81,8,1565,0,0,14.81,0
19269,8235.37,21,552,4,2,41.21,0
19270,3629.56,5,115,1,0,19.17,0
19271,780.71,2,1070,3,1,35.49,0
19272,1411.02,21,2140,2,0,18.09,0
19273,3084.99,7,813,2,0,11.66,0
19274,4986.89,7,1326,1,0,2.9,0
19275,808.55,8,245,3,0,2.33,1
19276,573.61,3,456,6,0,35.35,0
19277,353.31,5,1815,2,1,17.72,1
19278,2836.7,5,2219,3,0,26.99,0
19279,3245.58,6,1595,1,0,8.69,0
19280,13193.96,0,802,5,1,28.27,0
19281,832.92,0,2082,4,0,1.37,1
19282,3279.68,15,1618,5,0,15.25,0
19283,5859.56,9,1920,3,0,32.65,0
19284,2409.37,15,190,2,1,21.59,0
19285,3889.01,23,2348,1,2,43.02,0
19286,1017.93,0,1728,3,1,49.78,1
19287,120.03,21,2724,2,0,9.8,0
19288,1612.41,15,1784,3,1,6.36,0
19289,1129.99,3,2227,3,0,11.56,0
19290,5136.09,7,1905,0,0,38.22,0
19291,5249.34,12,592,2,0,32.89,0
19292,3026.53,23,2473,1,0,13.69,0
19293,2253.42,11,11,2,0,27.92,0
19294,1278.16,15,1725,0,0,6.54,0
19295,2502.16,20,1978,2,0,1.91,0
19296,2290.23,22,270,3,3,3.91,0
19297,3347.93,20,1705,3,1,52.53,0
19298,2484.68,5,385,2,0,0.66,0
19299,3687.16,15,604,1,0,13.61,0
19300,122.59,1,1155,2,0,1.75,0
19301,642.3,17,2145,3,0,2.86,0
19302,136.79,16,1617,4,0,19.51,0
19303,1133.34,17,203,2,0,47.85,0
19304,1778.17,21,1228,4,0,4.92,0
19305,5824.44,3,2053,2,0,23.51,1
19306,10967.77,12,2353,1,0,0.82,0
19307,6458.53,7,184,1,0,10.93,0
19308,1575.69,7,2750,2,3,11.65,0
19309,574.66,5,1586,2,0,3.1,0
19310,2643.47,9,2681,6,0,11.68,0
19311,845.86,10,1641,1,1,2.51,0
19312,1131.99,8,2519,0,1,44.47,0
19313,2938.46,13,1914,1,4,9.61,1
19314,1846.41,9,448,2,0,9.7,0
19315,215.78,18,2511,1,1,22.03,0
19316,473.41,2,1644,3,0,14.27,0
19317,2784.77,1,1323,0,1,4.87,0
19318,765.85,22,2805,2,0,2.96,0
19319,35.05,7,2496,3,0,17.89,0
19320,5899.52,21,84,3,3,25.87,0
19321,10117.5,12,1025,1,1,25.4,0
19322,2479.22,18,136,1,0,22.19,0
19323,4926.36,18,2947,1,0,20.15,0
19324,83.29,22,1993,2,1,12.33,0
19325,2255.35,20,64,2,0,35.92,0
19326,1411.16,7,1223,4,0,5.21,0
19327,2357.45,4,1378,2,0,33.0,0
19328,457.2,21,469,1,0,40.78,0
19329,6980.5,22,2442,3,0,3.64,0
19330,331.21,14,2797,1,0,17.11,0
19331,1611.61,1,506,4,0,4.91,0
19332,10637.71,17,284,2,0,35.16,0
19333,1676.82,23,1531,2,0,2.64,0
19334,9350.94,17,2351,2,0,5.26,0
19335,188.22,3,770,1,0,32.76,1
19336,5066.92,12,2232,1,0,14.29,0
19337,1281.93,4,2374,0,0,40.01,0
19338,12421.95,12,1903,1,0,15.73,0
19339,397.88,0,1894,2,0,17.87,0
19340,5412.04,8,718,5,0,5.78,0
19341,4656.89,3,1361,2,0,39.58,0
19342,1605.59,7,275,3,0,18.52,0
19343,2098.8,19,1020,2,1,11.88,0
19344,2709.87,20,1631,4,0,32.2,1
19345,4926.34,23,568,3,0,26.22,0
19346,3269.86,10,704,1,0,17.25,0
19347,2748.61,12,15,1,1,11.61,1
19348,2329.47,4,714,2,1,28.67,1
19349,7383.53,3,1735,1,0,0.64,0
19350,4326.45,18,103,1,0,0.11,0
19351,2277.61,17,2900,2,1,3.62,0
19352,1857.68,16,1866,2,1,44.05,0
19353,3464.32,11,1132,2,0,1.18,0
19354,107.65,16,43,2,0,0.67,0
19355,3661.35,4,2472,0,0,14.8,0
19356,862.04,7,816,4,1,40.96,0
19357,654.66,11,2234,1,1,13.7,0
19358,3309.86,7,2063,3,0,41.97,0
19359,1189.16,9,787,2,1,2.43,0
19360,484.09,21,2546,2,0,26.38,0
19361,4381.54,20,339,1,0,22.41,0
19362,559.06,0,1673,2,0,38.92,0
19363,5152.65,11,1838,1,0,21.29,0
19364,2813.12,7,1337,2,0,16.2,0
19365,839.72,2,1967,2,2,43.83,0
19366,2915.09,9,1385,1,1,8.82,0
19367,218.01,8,1546,0,1,2.81,0
19368,8874.94,18,892,1,0,39.81,0
19369,5065.75,22,2892,1,0,13.91,0
19370,205.96,11,501,2,0,12.35,0
19371,4855.62,0,668,3,1,4.13,0
19372,1581.04,23,334,1,0,15.09,0
19373,4390.85,9,193,3,1,24.39,0
19374,4126.48,2,617,2,1,6.62,0
19375,4721.08,17,1002,0,0,2.13,0
19376,573.31,6,356,2,0,9.89,0
19377,2720.26,18,1354,2,1,14.91,0
19378,134.39,11,2103,0,1,2.97,0
19379,3610.38,20,2388,2,0,57.66,0
19380,171.82,22,1976,4,1,10.76,0
19381,1988.95,18,2369,1,0,3.1,0
19382,7752.96,0,904,5,1,1.0,0
19383,2172.01,10,2470,3,0,0.55,0
19384,5328.08,14,410,1,1,6.6,0
19385,580.81,15,2020,5,0,5.9,0
19386,802.86,2,1991,4,2,3.77,0
19387,12539.8,22,110,2,1,45.44,0
19388,6833.47,6,134,4,1,14.83,0
19389,2087.12,11,1683,6,0,7.37,0
19390,197.3,16,1851,4,0,24.06,0
19391,8236.2,1,2348,0,1,31.77,0
19392,961.03,9,302,1,0,24.78,0
19393,7.97,4,1039,4,1,1.56,0
19394,5562.42,22,1565,5,0,20.81,0
19395,1156.52,0,1352,2,0,9.27,0
19396,1751.11,2,1607,1,0,11.33,0
19397,3638.56,8,2216,2,1,0.18,0
19398,4243.86,7,2600,1,0,16.22,0
19399,7359.59,20,2275,1,1,33.34,0
19400,573.96,18,1314,1,1,6.31,0
19401,107.05,6,980,2,1,5.42,0
19402,2663.2,14,1578,4,1,52.11,0
19403,445.72,17,1061,0,0,31.01,0
19404,577.44,3,2283,3,0,18.38,0
19405,4130.93,14,1654,1,0,25.25,0
19406,786.03,14,1904,3,0,5.5,0
19407,3751.97,21,1785,3,1,45.51,0
19408,301.14,1,39,1,2,1.23,0
19409,3906.3,12,1147,3,0,14.68,0
19410,14796.55,7,1271,2,0,41.46,0
19411,9366.7,10,2688,2,0,4.27,0
19412,996.32,22,2405,4,1,14.09,0
19413,301.49,22,1864,1,1,7.73,0
19414,305.83,21,2602,4,0,9.26,0
19415,235.61,21,956,3,0,5.65,0
19416,6758.21,2,2618,4,0,1.4,0
19417,3226.56,15,969,2,0,1.9,0
19418,559.02,1,933,2,1,33.17,0
19419,783.16,7,726,0,0,14.76,0
19420,877.56,8,2377,2,2,60.31,0
19421,390.67,13,2960,4,0,31.09,0
19422,4025.03,23,1849,2,0,7.67,0
19423,3140.55,10,2048,1,0,4.34,0
19424,103.21,8,1394,0,1,13.04,0
19425,1839.54,3,2,1,1,26.46,0
19426,3723.53,9,2224,4,1,0.67,0
19427,2206.67,8,2185,5,0,42.6,0
19428,383.16,1,2403,3,2,3.98,0
19429,471.06,9,2871,1,0,34.82,0
19430,5719.08,14,2972,1,2,6.79,0
19431,1347.31,6,480,2,1,2.73,0
19432,1217.47,17,380,1,1,45.37,0
19433,1086.89,11,1586,0,2,32.52,0
19434,3772.49,0,1397,1,0,9.3,0
19435,1154.37,9,665,3,1,19.64,0
19436,2212.02,15,211,1,0,57.5,0
19437,6877.22,14,2435,2,0,22.56,0
19438,2653.97,18,1475,6,0,10.78,0
19439,5689.07,18,2942,0,0,3.1,0
19440,662.51,9,1956,2,0,26.51,0
19441,224.65,13,481,3,0,26.24,0
19442,3986.72,3,441,1,1,10.4,1
19443,1452.65,1,1983,1,0,3.29,0
19444,1393.68,18,1937,5,0,41.06,0
19445,2490.76,12,1257,0,1,8.22,0
19446,648.32,14,1483,3,0,1.05,0
19447,1220.93,9,2760,3,2,4.12,0
19448,1136.13,23,1439,0,1,5.06,0
19449,10761.77,13,1399,3,1,18.02,0
19450,1081.13,14,614,3,0,3.06,0
19451,7214.77,16,2316,0,1,1.83,0
19452,1622.18,14,622,1,0,53.57,0
19453,1108.72,5,1587,1,0,35.59,0
19454,2353.82,21,2362,4,1,9.23,0
19455,1220.47,6,1213,3,1,37.49,0
19456,238.11,16,1384,2,0,13.17,0
19457,488.49,8,2787,0,0,11.52,0
19458,1951.72,0,833,5,0,0.08,0
19459,724.79,18,43,2,2,17.66,0
19460,286.3,19,2079,2,1,60.31,0
19461,681.96,8,2807,4,1,38.51,1
19462,3966.41,12,2165,2,1,29.52,0
19463,129.84,11,1708,2,1,3.94,0
19464,1215.08,0,1778,3,1,33.92,0
19465,117.36,12,2964,4,0,25.14,0
19466,930.25,18,2986,3,0,27.22,0
19467,689.12,19,746,3,1,46.75,0
19468,2041.95,20,2941,3,0,14.11,0
19469,4821.31,13,278,1,0,39.03,0
19470,294.21,6,2128,1,0,1.99,0
19471,6865.3,4,1679,6,0,34.09,0
19472,2761.86,17,1952,3,0,29.33,0
19473,15774.35,1,2560,2,0,0.34,0
19474,3702.09,14,1806,0,2,18.87,0
19475,5705.52,14,1799,2,0,7.68,0
19476,624.94,19,1535,2,1,24.46,0
19477,943.97,14,168,2,0,25.53,0
19478,1662.97,20,841,2,1,52.6,0
19479,1008.79,18,2315,3,0,18.88,0
19480,3362.9,13,592,0,2,12.42,0
19481,2247.4,12,913,3,0,36.59,0
19482,2532.85,15,1919,1,2,0.57,0
19483,1324.89,18,753,3,0,12.33,0
19484,464.32,23,1819,2,1,33.4,0
19485,5301.59,2,2745,2,0,20.41,0
19486,9022.15,2,226,0,0,13.6,0
19487,4773.04,14,977,2,0,21.96,0
19488,578.69,11,505,0,2,70.1,0
19489,4254.39,4,2269,1,1,63.45,0
19490,1233.24,19,1719,3,0,10.72,0
19491,695.98,5,768,1,0,39.26,0
19492,4473.22,21,134,2,2,30.92,0
19493,5532.06,13,2211,2,0,48.04,0
19494,636.7,20,688,3,0,68.29,0
19495,1.27,9,827,1,0,7.0,0
19496,334.11,5,950,0,0,15.29,0
19497,1801.48,6,2804,0,0,19.18,0
19498,332.71,7,213,3,1,24.53,0
19499,7514.06,4,884,3,0,15.84,0
19500,4614.07,19,2415,5,0,11.27,0
19501,3038.34,7,1034,2,1,37.71,0
19502,3386.23,8,1553,1,1,14.33,0
19503,2122.84,0,1644,3,2,30.09,0
19504,1058.28,22,113,2,0,4.12,0
19505,318.7,12,2319,1,0,7.89,0
19506,831.97,8,2899,2,2,0.15,0
19507,787.18,7,2786,1,1,33.7,0
19508,2530.57,0,1634,2,0,0.93,0
19509,11140.99,19,1409,0,1,9.4,0
19510,3312.16,20,535,3,0,6.88,0
19511,5576.0,6,1397,0,2,28.85,0
19512,5146.89,14,2203,2,1,7.41,0
19513,384.61,12,1324,3,0,28.26,0
19514,6909.1,4,2453,1,2,10.22,0
19515,805.32,9,371,2,0,47.44,0
19516,865.07,4,2072,3,2,35.98,0
19517,580.81,10,994,2,0,28.36,0
19518,2094.54,15,2931,1,0,42.96,0
19519,613.58,1,136,2,0,18.71,0
19520,7279.31,12,1086,3,1,30.13,0
19521,4008.91,8,2176,2,0,23.6,0
19522,1342.93,17,1378,7,1,16.76,1
19523,366.38,9,2178,0,0,52.36,0
19524,469.55,15,1396,1,1,28.01,0
19525,2734.96,7,437,1,0,32.22,0
19526,187.89,3,2371,4,1,0.91,0
19527,3854.66,20,2132,4,0,38.62,0
19528,722.48,0,1049,1,0,8.47,0
19529,954.54,5,1484,0,0,5.6,0
19530,1575.76,11,1274,1,1,20.95,0
19531,237.74,4,2169,5,0,25.51,0
19532,542.65,0,1328,1,1,24.93,0
19533,188.54,7,1819,0,1,40.77,0
19534,879.42,13,1240,3,0,25.08,0
19535,434.99,4,1496,3,0,23.55,0
19536,282.78,10,123,1,0,38.41,0
19537,74.05,15,2283,3,0,8.49,0
19538,3377.61,13,2256,3,0,20.21,0
19539,5946.19,16,2612,1,0,16.6,0
19540,2664.74,14,2230,2,0,27.91,0
19541,153.72,12,113,3,0,18.98,0
19542,5668.59,21,740,2,0,20.14,0
19543,4616.96,1,937,0,0,8.64,0
19544,3514.6,23,2418,4,2,3.54,0
19545,1194.45,4,692,0,0,4.7,1
19546,1759.2,3,1021,2,0,16.27,0
19547,1316.26,2,1969,1,0,37.18,0
19548,8147.22,1,382,1,1,20.38,0
19549,973.54,19,2938,0,1,2.12,0
19550,5266.25,10,2295,4,0,44.0,0
19551,3414.84,12,1699,0,1,9.89,0
19552,754.35,6,2425,2,0,38.2,0
19553,3039.13,18,2711,1,1,28.86,0
19554,713.8,4,2212,6,0,2.35,0
19555,2428.45,15,2318,0,0,6.86,0
19556,714.52,16,1983,2,2,74.78,0
19557,2062.7,5,2128,1,1,9.51,0
19558,3626.53,15,832,0,0,13.42,0
19559,3210.83,22,313,2,0,36.37,0
19560,1788.86,8,646,1,0,25.82,0
19561,705.36,9,2325,1,0,24.6,0
19562,12923.1,11,1675,1,1,8.58,0
19563,2668.14,5,2361,2,1,46.94,0
19564,2383.08,3,1942,2,2,27.02,0
19565,259.51,21,2366,7,1,9.68,0
19566,862.41,12,1269,2,0,26.64,0
19567,1524.57,9,471,2,0,11.33,0
19568,4095.15,13,35,4,0,51.24,0
19569,5400.43,7,798,2,0,35.69,0
19570,328.69,5,2220,1,0,8.0,0
19571,113.24,17,2075,1,3,24.76,1
19572,1927.55,0,1930,4,0,57.56,0
19573,432.57,0,80,2,0,2.16,0
19574,7817.94,10,322,2,0,13.56,0
19575,6822.78,22,170,1,1,8.61,1
19576,7211.87,5,2159,4,0,36.72,0
19577,9917.04,15,1279,1,1,27.76,0
19578,1224.8,10,2805,2,1,37.85,0
19579,1392.0,2,615,1,0,33.06,0
19580,242.21,0,603,3,1,18.65,0
19581,3099.25,21,653,1,0,3.25,0
19582,8305.59,23,2881,1,0,9.18,0
19583,3617.97,20,15,1,1,34.02,0
19584,350.74,2,2963,2,0,7.05,0
19585,468.81,15,1479,1,0,15.21,0
19586,1243.11,9,1502,1,5,17.36,0
19587,1315.05,8,274,1,0,17.51,0
19588,3012.36,12,1129,1,1,52.19,0
19589,598.81,16,2041,1,1,14.52,0
19590,2223.92,19,564,1,1,3.39,0
19591,12235.88,21,2852,2,0,5.51,0
19592,5116.66,2,228,2,1,25.51,0
19593,1930.93,8,1663,0,0,25.41,0
19594,9623.48,13,540,1,1,20.95,0
19595,2437.47,14,1309,0,0,20.53,0
19596,690.48,20,74,1,0,39.05,0
19597,9163.13,3,1457,1,0,20.18,0
19598,2277.4,5,1662,2,0,49.15,0
19599,2052.85,21,2788,2,0,41.15,0
19600,8874.43,18,1833,1,1,1.16,0
19601,97.42,8,1130,2,0,30.14,0
19602,814.03,5,209,3,0,5.59,0
19603,5029.77,7,2955,3,1,58.25,0
19604,3765.98,12,227,1,0,49.27,0
19605,3072.39,15,2190,1,0,48.5,0
19606,9945.18,10,1198,3,0,23.99,0
19607,472.58,23,2224,1,1,9.47,0
19608,1165.92,6,827,2,1,18.6,0
19609,1417.57,0,2347,1,0,32.59,0
19610,7592.69,11,2080,1,0,11.34,0
19611,1206.93,15,581,1,0,19.15,0
19612,364.4,7,2822,3,1,17.56,0
19613,2455.75,17,886,3,0,15.88,0
19614,4729.91,12,2191,2,0,14.27,0
19615,6987.69,22,2639,2,0,61.7,0
19616,2980.31,0,1746,1,0,1.39,0
19617,1421.46,1,361,4,0,6.94,0
19618,2339.46,8,1375,1,1,12.84,0
19619,533.98,14,2435,1,1,7.65,0
19620,3540.35,4,939,5,0,1.95,0
19621,10674.36,4,1644,0,1,41.4,0
19622,4492.65,15,310,4,1,1.08,0
19623,3479.89,8,2719,3,0,4.92,0
19624,2932.26,17,1402,3,1,1.18,0
19625,128.3,16,2883,5,0,4.36,0
19626,878.41,3,2544,3,1,7.38,0
19627,502.92,20,1886,3,1,26.52,0
19628,2044.6,0,392,3,1,51.73,0
19629,1610.61,11,182,6,0,9.95,0
19630,2298.43,23,438,3,1,30.37,0
19631,920.36,18,1771,1,0,2.81,0
19632,4498.31,15,2496,1,1,18.5,0
19633,1183.37,15,2742,1,1,25.84,0
19634,1517.22,4,114,4,0,34.41,0
19635,142.55,19,529,1,0,19.3,0
19636,750.68,11,302,0,1,15.47,0
19637,2281.54,18,536,3,1,21.52,0
19638,7626.24,1,489,2,1,31.71,0
19639,3327.03,17,634,2,0,30.05,0
19640,6496.17,17,2965,1,0,26.34,0
19641,1215.5,23,1446,4,1,24.46,0
19642,2235.15,4,976,2,0,57.96,0
19643,3273.02,7,2888,0,1,29.7,0
19644,2877.11,4,2315,1,0,8.67,0
19645,7922.93,14,16,2,0,19.85,1
19646,669.12,8,2357,2,0,32.96,0
19647,1537.46,20,810,1,1,2.4,0
19648,1525.89,15,2399,1,1,66.55,0
19649,848.78,10,2071,3,0,6.72,0
19650,6211.02,5,2431,2,1,47.18,0
19651,3881.23,3,1408,2,0,5.99,0
19652,2156.75,17,2588,2,0,13.05,0
19653,1402.23,11,1322,3,1,1.8,1
19654,8057.3,3,317,2,0,19.99,0
19655,3971.22,13,865,3,0,42.05,0
19656,1096.69,19,2646,3,1,29.6,0
19657,4922.77,14,342,1,0,10.81,0
19658,3513.97,9,2464,1,1,41.66,0
19659,1202.9,5,80,3,1,26.91,0
19660,313.47,14,1370,2,0,11.81,1
19661,2222.59,14,1240,1,0,38.11,0
19662,413.17,22,454,1,1,21.46,0
19663,5331.04,9,752,0,2,16.03,0
19664,6873.63,9,2300,1,2,24.27,0
19665,4392.33,14,976,0,0,16.66,0
19666,5771.12,18,1688,2,2,3.72,0
19667,4965.37,5,1579,2,1,21.52,0
19668,6584.34,4,1417,2,0,47.16,0
19669,917.94,19,327,4,0,6.0,0
19670,107.33,16,2235,2,0,43.8,0
19671,244.21,7,2839,4,0,35.72,0
19672,3051.53,2,729,3,1,45.31,0
19673,6132.79,9,2676,3,1,15.73,0
19674,3667.02,18,1925,1,0,38.91,0
19675,3238.85,23,1842,1,1,38.84,0
19676,171.36,7,2646,1,0,27.59,0
19677,184.98,13,2902,1,1,1.2,0
19678,451.88,14,1967,3,1,39.53,0
19679,2224.01,5,1057,1,0,5.16,0
19680,885.27,9,784,3,1,28.6,0
19681,626.28,20,1253,1,0,10.1,0
19682,1138.36,6,2580,2,0,53.56,0
19683,2242.83,10,1247,2,0,3.33,0
19684,426.61,19,1895,1,1,10.81,0
19685,8605.29,16,2030,3,0,0.64,0
19686,3939.44,5,2473,3,0,33.93,0
19687,3449.23,12,1483,3,0,6.93,0
19688,1759.99,15,452,2,1,53.58,0
19689,2427.73,10,1664,5,1,17.62,0
19690,10000.72,22,1260,2,0,21.64,0
19691,3308.39,7,2124,0,1,9.1,0
19692,3441.25,21,2653,1,2,1.72,0
19693,2693.66,1,642,1,0,18.97,0
19694,3115.78,19,2341,1,2,28.11,0
19695,1253.93,1,928,2,0,26.93,0
19696,8082.41,8,2188,4,0,38.86,0
19697,453.63,20,77,1,2,30.26,0
19698,5017.16,20,1216,1,0,45.37,0
19699,3707.2,4,1201,1,0,56.72,0
19700,4958.42,15,2381,3,0,19.24,0
19701,3161.47,13,208,2,0,36.61,0
19702,3952.4,20,126,2,0,2.06,0
19703,2235.07,23,205,2,1,20.21,0
19704,2667.25,18,1176,1,0,4.63,0
19705,922.46,0,2464,1,0,0.45,0
19706,915.83,2,1717,1,0,1.67,0
19707,136.44,22,1452,3,1,45.16,0
19708,7222.45,15,935,2,0,9.97,1
19709,2103.17,15,1701,2,1,0.57,0
19710,522.85,4,1180,1,0,5.68,0
19711,15115.69,5,1661,3,1,0.21,0
19712,248.02,12,2845,1,0,6.33,0
19713,764.34,22,567,3,0,0.75,0
19714,2551.12,4,1500,2,0,28.54,0
19715,1364.99,8,2433,2,0,0.57,0
19716,3191.47,4,136,2,0,21.02,0
19717,2199.81,7,1690,3,0,31.1,0
19718,12398.57,19,946,1,0,20.62,0
19719,594.05,1,2439,4,1,26.95,0
19720,2304.0,2,2941,1,0,45.47,0
19721,3954.86,8,2579,4,0,27.55,0
19722,4835.92,1,411,0,0,45.58,0
19723,1103.47,21,1361,0,1,44.78,0
19724,2456.24,4,1912,5,0,3.59,0
19725,4646.16,7,446,3,2,32.21,0
19726,3027.05,22,466,0,1,14.57,0
19727,499.68,14,756,0,1,24.22,0
19728,174.43,5,1623,2,0,14.32,0
19729,9384.16,9,270,3,1,8.8,0
19730,3491.86,8,2013,3,0,48.53,0
19731,5885.73,10,1725,0,0,15.01,0
19732,479.33,18,53,1,0,35.4,0
19733,731.15,0,2598,2,0,15.94,0
19734,11236.05,2,2137,0,1,14.24,0
19735,1561.59,8,516,4,0,0.42,0
19736,4907.58,19,913,3,0,31.99,0
19737,736.35,6,1352,2,0,3.97,0
19738,5803.58,19,2161,3,1,1.48,0
19739,11546.52,23,1118,2,0,18.73,0
19740,1171.53,14,1255,2,0,2.59,0
19741,748.17,5,647,5,0,8.91,0
19742,2930.22,18,2207,2,0,26.57,0
19743,788.88,20,993,1,1,15.41,0
19744,7018.69,20,1324,2,0,11.26,0
19745,3435.33,19,1710,0,0,0.44,0
19746,1200.28,21,1702,3,0,4.72,0
19747,16110.28,22,1972,2,1,15.98,0
19748,8129.66,15,338,3,1,12.36,0
19749,6480.2,11,1021,4,0,25.75,0
19750,1787.66,19,82,1,0,3.18,0
19751,1495.05,5,681,1,0,32.28,0
19752,7920.27,13,670,0,0,39.25,0
19753,2843.96,23,1234,0,1,24.98,0
19754,8319.41,14,2985,1,0,4.86,0
19755,11588.69,7,1650,3,1,41.99,0
19756,3818.33,10,44,2,0,3.1,0
19757,4004.85,1,2948,1,0,40.74,0
19758,3774.01,6,587,2,0,48.42,0
19759,4903.73,19,2306,1,0,42.86,0
19760,2750.96,0,2354,0,0,19.36,0
19761,12016.2,1,2881,1,1,14.69,0
19762,1034.44,20,228,1,1,13.72,0
19763,1398.64,13,1232,3,2,12.23,0
19764,3226.78,14,1666,1,2,7.93,0
19765,1507.84,2,2642,4,0,30.44,0
19766,6224.35,9,1234,2,0,53.81,0
19767,5420.33,4,1850,2,0,5.57,1
19768,274.53,16,2003,4,1,43.1,1
19769,1647.52,7,2891,2,0,8.88,0
19770,1185.78,10,1303,2,0,18.89,0
19771,11371.66,8,2698,5,1,32.37,0
19772,401.66,1,2927,2,0,36.27,0
19773,4932.49,9,722,2,0,14.31,0
19774,13.87,20,1019,1,0,48.36,0
19775,7523.93,3,1641,2,0,24.5,0
19776,554.96,19,2019,6,0,20.48,0
19777,142.92,19,589,3,0,40.9,0
19778,4824.75,23,2890,2,0,19.06,0
19779,1600.9,23,251,1,0,39.77,0
19780,9325.08,23,1774,3,1,31.37,0
19781,4532.25,14,1490,4,0,15.89,0
19782,4688.7,8,2339,1,0,22.27,0
19783,3376.39,7,2548,0,1,12.73,0
19784,4072.63,6,1253,0,0,63.44,0
19785,2161.85,7,2802,1,0,14.69,0
19786,456.88,18,1640,1,0,16.42,0
19787,1229.91,18,79,3,2,24.86,0
19788,895.1,8,1309,1,0,39.55,0
19789,2811.69,6,2752,0,1,14.94,0
19790,2521.96,18,751,3,0,7.69,0
19791,618.05,22,1421,3,1,3.83,0
19792,1066.53,5,2103,3,0,10.72,0
19793,1534.54,15,2286,3,0,5.82,0
19794,1402.49,22,912,1,1,36.4,0
19795,2099.24,10,1871,3,0,16.72,0
19796,5783.79,6,1017,4,2,0.71,0
19797,908.29,16,404,2,0,53.61,0
19798,2346.32,7,1009,4,0,43.67,0
19799,2607.65,0,1972,0,1,1.85,0
19800,4228.22,7,1136,1,1,11.62,0
19801,2449.07,10,1019,2,0,25.92,0
19802,2837.3,20,2783,0,0,20.32,0
19803,2369.08,6,207,1,0,13.16,0
19804,490.91,5,943,1,0,39.65,0
19805,4450.98,13,1271,2,0,3.18,0
19806,3498.99,3,733,2,0,0.36,0
19807,17815.04,4,1201,0,1,45.85,0
19808,1251.56,15,1039,3,1,22.49,0
19809,3245.65,0,2595,3,0,42.38,0
19810,3390.17,18,2207,2,1,5.9,0
19811,959.07,11,782,1,1,28.79,0
19812,6545.08,22,1879,2,2,33.67,0
19813,1149.65,5,226,2,1,35.45,0
19814,2643.53,7,943,5,0,14.68,0
19815,49.63,11,184,1,0,4.01,0
19816,1384.42,10,298,4,0,27.35,0
19817,915.56,12,198,3,0,7.62,0
19818,2848.23,4,1019,0,1,19.81,1
19819,1603.48,4,1338,0,2,15.29,0
19820,4561.23,3,117,1,1,24.37,0
19821,2750.45,15,2903,3,0,27.27,0
19822,3564.34,2,1498,3,0,4.17,0
19823,3927.96,11,1329,0,0,6.1,0
19824,1416.56,17,2043,2,1,16.42,0
19825,1720.72,1,2408,1,1,32.09,0
19826,53.76,8,2598,3,3,30.46,0
19827,1593.25,22,215,2,0,12.16,0
19828,104.94,8,623,0,0,5.61,0
19829,1036.33,4,2653,2,1,10.96,0
19830,1766.18,21,2766,2,0,24.63,0
19831,539.48,9,1397,2,0,13.67,0
19832,1945.0,12,1252,1,1,15.11,0
19833,1454.35,2,323,1,0,1.26,0
19834,3284.23,18,2543,1,0,1.39,0
19835,9460.75,5,1521,1,0,29.05,0
19836,6799.74,11,359,2,0,25.68,1
19837,2775.35,4,1314,1,1,1.63,1
19838,5558.28,7,2092,3,1,51.84,0
19839,2247.18,1,1992,3,1,13.43,0
19840,1362.13,16,309,4,1,0.87,0
19841,5504.82,18,374,1,1,46.84,0
19842,9026.5,7,1415,3,1,38.31,0
19843,2194.97,0,1431,2,0,6.53,0
19844,5404.97,22,915,3,1,22.22,0
19845,1721.82,23,2821,1,1,19.51,0
19846,858.82,9,2504,0,0,5.71,0
19847,748.72,8,281,4,0,13.46,0
19848,2689.03,19,2921,2,0,22.73,0
19849,473.91,15,451,0,0,27.29,0
19850,4789.32,10,2835,3,0,11.1,0
19851,1802.67,15,1287,3,0,3.85,0
19852,482.71,11,2033,3,1,34.3,0
19853,7616.68,3,1607,3,1,26.44,0
19854,6878.99,13,945,2,1,0.65,0
19855,9474.73,5,2110,1,0,19.49,0
19856,2865.76,20,2661,2,1,20.69,0
19857,207.59,4,1138,2,0,21.93,0
19858,1283.84,13,1008,1,0,8.92,0
19859,4556.79,0,1764,2,1,10.02,0
19860,2359.82,3,1682,1,0,6.77,0
19861,227.79,4,305,2,0,13.65,0
19862,875.06,21,2743,0,0,8.93,0
19863,3696.73,17,2692,1,1,10.06,0
19864,147.03,11,2934,1,1,1.98,0
19865,5725.51,13,973,1,1,51.58,0
19866,14342.91,10,539,0,0,1.63,0
19867,5038.28,0,4,2,0,29.77,0
19868,2346.96,14,1786,2,1,1.71,0
19869,4437.76,2,1281,0,1,5.31,0
19870,2518.1,1,1185,3,1,33.11,0
19871,377.54,4,225,3,0,9.24,0
19872,1259.64,10,2487,1,2,18.75,0
19873,1503.43,17,2702,0,0,33.5,0
19874,4291.1,12,2052,2,2,50.53,0
19875,2728.23,11,2735,2,0,1.7,0
19876,6709.99,20,1721,2,0,34.36,0
19877,2287.52,19,1825,3,1,2.95,0
19878,283.76,14,317,5,0,14.59,1
19879,2083.41,9,778,2,0,11.45,0
19880,440.16,21,884,5,2,8.85,0
19881,3933.84,22,1731,2,0,24.7,1
19882,2141.06,0,2070,1,0,1.42,0
19883,1206.44,1,2429,2,0,28.18,0
19884,275.63,1,448,0,1,14.7,0
19885,5783.41,1,323,3,0,38.48,0
19886,2780.79,9,1711,2,1,47.83,0
19887,1021.84,23,394,4,0,12.94,0
19888,2667.9,1,887,3,0,36.17,0
19889,4523.92,19,610,1,0,12.63,0
19890,30.24,15,2104,2,1,14.04,0
19891,43.87,16,2052,3,2,29.03,0
19892,886.4,17,403,1,4,15.41,0
19893,2888.46,17,2433,2,0,10.4,0
19894,3512.94,6,157,1,0,33.26,0
19895,5165.41,8,1601,1,0,2.14,0
19896,11126.45,21,470,0,0,7.18,0
19897,63.45,12,996,0,0,38.51,0
19898,1426.43,17,2143,4,0,2.12,0
19899,376.04,3,1670,3,0,59.23,0
19900,125.36,16,1938,1,0,14.79,0
19901,4704.29,22,2195,4,0,51.06,0
19902,1168.68,23,1444,3,1,6.96,0
19903,2875.37,2,2161,2,0,22.1,1
19904,2816.68,21,1447,0,0,39.11,0
19905,220.38,13,2441,2,0,13.65,0
19906,1759.56,1,1436,4,0,18.13,0
19907,322.54,20,145,2,0,19.39,0
19908,512.86,21,2422,3,2,3.49,0
19909,9587.96,12,1369,1,0,1.26,0
19910,71.59,12,2281,5,1,6.89,0
19911,1747.17,17,657,3,0,4.69,0
19912,4892.63,12,1961,1,0,30.76,0
19913,4116.29,5,2147,5,0,7.78,0
19914,4557.27,1,50,2,0,5.44,0
19915,1133.07,15,640,1,1,33.21,0
19916,759.87,22,2000,6,0,20.08,0
19917,4007.62,5,8,1,1,33.11,0
19918,1431.48,23,2615,3,1,6.8,0
19919,1922.87,17,460,4,2,25.96,0
19920,1033.78,21,2740,7,0,52.3,1
19921,996.3,9,1833,3,0,0.72,0
19922,2800.77,4,2590,3,2,4.21,0
19923,2618.43,6,1877,1,2,15.79,0
19924,1888.45,6,1441,0,0,23.17,0
19925,2195.47,13,1159,2,1,23.63,0
19926,433.87,0,1910,2,1,10.64,0
19927,263.52,16,915,1,0,25.43,0
19928,299.47,23,2968,1,0,4.16,0
19929,1510.95,22,118,2,1,10.62,0
19930,632.18,17,910,2,0,7.13,0
19931,2740.97,1,1640,3,1,34.46,0
19932,1294.37,19,1817,2,0,9.72,0
19933,1831.27,16,2452,2,0,23.15,0
19934,7643.32,18,2576,1,3,28.17,1
19935,770.38,18,1521,5,0,5.79,0
19936,5289.4,3,2628,1,0,23.0,0
19937,2597.28,8,1420,2,0,9.19,0
19938,4439.93,9,2489,1,0,38.01,0
19939,7060.96,17,838,3,0,11.12,0
19940,743.57,13,1891,1,2,20.27,0
19941,187.71,2,1066,3,0,39.06,0
19942,3938.33,12,1970,3,1,26.13,0
19943,738.02,8,2312,0,1,23.94,0
19944,92.0,1,1781,3,0,15.49,1
19945,1197.47,12,2158,5,1,42.94,0
19946,5275.5,16,2963,2,0,39.8,0
19947,10303.79,13,1841,1,0,9.22,0
19948,46.94,11,281,1,0,10.58,0
19949,130.27,17,1383,3,0,36.72,0
19950,166.76,15,414,3,2,26.09,0
19951,6373.46,2,1741,3,2,23.07,0
19952,3745.18,9,1452,2,1,51.38,0
19953,18792.19,13,187,2,1,37.62,0
19954,2573.02,11,2740,1,0,3.26,0
19955,11492.66,19,1497,2,1,19.93,0
19956,333.88,12,849,0,2,4.79,0
19957,3095.03,9,1020,1,0,22.91,0
19958,5431.15,2,2064,2,1,38.93,0
19959,421.39,1,2564,2,0,22.74,0
19960,1806.44,20,1798,2,0,20.2,0
19961,1966.39,6,2411,2,0,41.3,0
19962,4127.12,4,67,1,2,11.99,0
19963,923.26,23,133,2,0,30.58,0
19964,958.48,4,1432,1,0,4.02,0
19965,2679.03,16,1418,0,1,38.34,0
19966,138.9,13,1357,0,0,46.07,0
19967,2413.6,6,984,1,1,1.41,0
19968,5415.9,15,2882,1,0,25.56,0
19969,2635.39,15,1975,5,0,12.96,0
19970,1778.44,7,76,2,0,29.31,0
19971,813.97,21,820,1,1,44.45,0
19972,10928.95,3,1551,3,0,3.05,0
19973,3616.19,15,2817,2,0,52.3,0
19974,1719.0,17,1971,2,0,10.27,0
19975,2672.16,3,2425,2,1,10.04,0
19976,845.86,5,1703,3,0,31.72,0
19977,2140.63,3,1521,3,0,0.11,0
19978,899.99,9,2243,2,1,13.48,0
19979,5338.66,15,2758,2,1,14.13,0
19980,355.02,4,52,2,0,11.69,0
19981,2025.12,3,589,1,1,2.6,0
19982,4569.69,8,2723,4,0,28.11,0
19983,6872.27,1,568,2,0,15.08,0
19984,9135.99,11,1189,3,0,7.34,0
19985,2731.79,10,1316,2,2,46.87,0
19986,3742.59,0,2696,1,0,1.28,0
19987,4977.49,1,1402,0,0,3.02,0
19988,3445.37,9,2417,3,2,12.44,0
19989,818.9,1,2078,0,1,8.97,0
19990,4999.61,23,2949,4,2,56.67,0
19991,4605.62,1,2728,4,0,9.4,0
19992,2136.3,18,2401,3,0,17.03,0
19993,1159.38,17,856,1,1,10.52,0
19994,2443.49,18,2032,1,1,3.51,0
19995,3946.78,12,2585,1,0,61.34,0
19996,3827.71,14,971,1,1,57.04,0
19997,1561.07,16,2089,1,0,24.33,0
19998,2808.88,15,554,2,0,10.94,0
19999,728.94,9,1547,2,0,35.26,0
20000,258.99,3,1605,3,1,23.96,0
